s_country_name,s_country_slug,s_country_code_iso2,s_region_name,s_region_slug,s_city_name,s_city_slug
Greece,greece,GR,Achaea Regional Unit,achaea-regional-unit,Achaea Regional Unit,achaea-regional-unit
Greece,greece,GR,Aetolia-Acarnania Regional Unit,aetolia-acarnania-regional-unit,Aetolia-Acarnania Regional Unit,aetolia-acarnania-regional-unit
Greece,greece,GR,Arcadia Prefecture,arcadia-prefecture,Arcadia Prefecture,arcadia-prefecture
Greece,greece,GR,Argolis Regional Unit,argolis-regional-unit,Argolis Regional Unit,argolis-regional-unit
Greece,greece,GR,Attica Region,attica-region,Acharnes,acharnes
Greece,greece,GR,Attica Region,attica-region,Aegina,aegina
Greece,greece,GR,Attica Region,attica-region,Afidnes,afidnes
Greece,greece,GR,Attica Region,attica-region,Aghios Panteleimon,aghios-panteleimon
Greece,greece,GR,Attica Region,attica-region,Agia Marina,agia-marina
Greece,greece,GR,Attica Region,attica-region,Agia Paraskevi,agia-paraskevi
Greece,greece,GR,Attica Region,attica-region,Agia Varvara,agia-varvara
Greece,greece,GR,Attica Region,attica-region,Agioi Anargyroi,agioi-anargyroi
Greece,greece,GR,Attica Region,attica-region,Agios Dimitrios,agios-dimitrios
Greece,greece,GR,Attica Region,attica-region,Agios Dimitrios Kropias,agios-dimitrios-kropias
Greece,greece,GR,Attica Region,attica-region,Agios Ioannis Rentis,agios-ioannis-rentis
Greece,greece,GR,Attica Region,attica-region,Agios Stefanos,agios-stefanos
Greece,greece,GR,Attica Region,attica-region,Aianteio,aianteio
Greece,greece,GR,Attica Region,attica-region,Aigaleo,aigaleo
Greece,greece,GR,Attica Region,attica-region,Alimos,alimos
Greece,greece,GR,Attica Region,attica-region,Ampelakia,ampelakia
Greece,greece,GR,Attica Region,attica-region,Anavyssos,anavyssos
Greece,greece,GR,Attica Region,attica-region,Ano Liosia,ano-liosia
Greece,greece,GR,Attica Region,attica-region,Anoixi,anoixi
Greece,greece,GR,Attica Region,attica-region,Anthousa,anthousa
Greece,greece,GR,Attica Region,attica-region,Argithea,argithea
Greece,greece,GR,Attica Region,attica-region,Argyroupoli,argyroupoli
Greece,greece,GR,Attica Region,attica-region,Artemida,artemida
Greece,greece,GR,Attica Region,attica-region,Aspropyrgos,aspropyrgos
Greece,greece,GR,Attica Region,attica-region,Athens,athens
Greece,greece,GR,Attica Region,attica-region,Avlonas,avlonas
Greece,greece,GR,Attica Region,attica-region,Ayioi Apostoloi,ayioi-apostoloi
Greece,greece,GR,Attica Region,attica-region,Chaidari,chaidari
Greece,greece,GR,Attica Region,attica-region,Cholargos,cholargos
Greece,greece,GR,Attica Region,attica-region,Dhafni,dhafni
Greece,greece,GR,Attica Region,attica-region,Dhrafi,dhrafi
Greece,greece,GR,Attica Region,attica-region,Dioni,dioni
Greece,greece,GR,Attica Region,attica-region,Dionysos,dionysos
Greece,greece,GR,Attica Region,attica-region,Drapetsona,drapetsona
Greece,greece,GR,Attica Region,attica-region,Drosia,drosia
Greece,greece,GR,Attica Region,attica-region,Ekali,ekali
Greece,greece,GR,Attica Region,attica-region,Elefsina,elefsina
Greece,greece,GR,Attica Region,attica-region,Elliniko,elliniko
Greece,greece,GR,Attica Region,attica-region,Erythres,erythres
Greece,greece,GR,Attica Region,attica-region,Filothei,filothei
Greece,greece,GR,Attica Region,attica-region,Fyli,fyli
Greece,greece,GR,Attica Region,attica-region,Galatas,galatas
Greece,greece,GR,Attica Region,attica-region,Galatsi,galatsi
Greece,greece,GR,Attica Region,attica-region,Gerakas,gerakas
Greece,greece,GR,Attica Region,attica-region,Glyfada,glyfada
Greece,greece,GR,Attica Region,attica-region,Grammatiko,grammatiko
Greece,greece,GR,Attica Region,attica-region,Ilion,ilion
Greece,greece,GR,Attica Region,attica-region,Ilioupoli,ilioupoli
Greece,greece,GR,Attica Region,attica-region,Irakleio,irakleio
Greece,greece,GR,Attica Region,attica-region,Kaisariani,kaisariani
Greece,greece,GR,Attica Region,attica-region,Kalamos,kalamos
Greece,greece,GR,Attica Region,attica-region,Kallithea,kallithea
Greece,greece,GR,Attica Region,attica-region,Kalyvia Thorikou,kalyvia-thorikou
Greece,greece,GR,Attica Region,attica-region,Kamateron,kamateron
Greece,greece,GR,Attica Region,attica-region,Kapandriti,kapandriti
Greece,greece,GR,Attica Region,attica-region,Karellas,karellas
Greece,greece,GR,Attica Region,attica-region,Kato Soulion,kato-soulion
Greece,greece,GR,Attica Region,attica-region,Keratea,keratea
Greece,greece,GR,Attica Region,attica-region,Keratsini,keratsini
Greece,greece,GR,Attica Region,attica-region,Khalandrion,khalandrion
Greece,greece,GR,Attica Region,attica-region,Khalkoutsion,khalkoutsion
Greece,greece,GR,Attica Region,attica-region,Kifisia,kifisia
Greece,greece,GR,Attica Region,attica-region,Kineta,kineta
Greece,greece,GR,Attica Region,attica-region,Kipseli,kipseli
Greece,greece,GR,Attica Region,attica-region,Kitsi,kitsi
Greece,greece,GR,Attica Region,attica-region,Koropi,koropi
Greece,greece,GR,Attica Region,attica-region,Korydallos,korydallos
Greece,greece,GR,Attica Region,attica-region,Kouvaras,kouvaras
Greece,greece,GR,Attica Region,attica-region,Kryoneri,kryoneri
Greece,greece,GR,Attica Region,attica-region,Kypseli,kypseli
Greece,greece,GR,Attica Region,attica-region,Kythira,kythira
Greece,greece,GR,Attica Region,attica-region,Lavrio,lavrio
Greece,greece,GR,Attica Region,attica-region,Leondarion,leondarion
Greece,greece,GR,Attica Region,attica-region,Limin Mesoyaias,limin-mesoyaias
Greece,greece,GR,Attica Region,attica-region,Lykovrysi,lykovrysi
Greece,greece,GR,Attica Region,attica-region,Magoula,magoula
Greece,greece,GR,Attica Region,attica-region,Mandra,mandra
Greece,greece,GR,Attica Region,attica-region,Marathonas,marathonas
Greece,greece,GR,Attica Region,attica-region,Markopoulo,markopoulo
Greece,greece,GR,Attica Region,attica-region,Markopoulo Oropou,markopoulo-oropou
Greece,greece,GR,Attica Region,attica-region,Marousi,marousi
Greece,greece,GR,Attica Region,attica-region,Megalochori,megalochori
Greece,greece,GR,Attica Region,attica-region,Megara,megara
Greece,greece,GR,Attica Region,attica-region,Melissia,melissia
Greece,greece,GR,Attica Region,attica-region,Metamorfosi,metamorfosi
Greece,greece,GR,Attica Region,attica-region,Moskhaton,moskhaton
Greece,greece,GR,Attica Region,attica-region,Nea Chalkidona,nea-chalkidona
Greece,greece,GR,Attica Region,attica-region,Nea Erythraia,nea-erythraia
Greece,greece,GR,Attica Region,attica-region,Nea Filadelfeia,nea-filadelfeia
Greece,greece,GR,Attica Region,attica-region,Nea Ionia,nea-ionia
Greece,greece,GR,Attica Region,attica-region,Nea Makri,nea-makri
Greece,greece,GR,Attica Region,attica-region,Nea Palatia,nea-palatia
Greece,greece,GR,Attica Region,attica-region,Nea Penteli,nea-penteli
Greece,greece,GR,Attica Region,attica-region,Nea Peramos,nea-peramos
Greece,greece,GR,Attica Region,attica-region,Nea Smyrni,nea-smyrni
Greece,greece,GR,Attica Region,attica-region,Neo Psychiko,neo-psychiko
Greece,greece,GR,Attica Region,attica-region,Neos Voutzas,neos-voutzas
Greece,greece,GR,Attica Region,attica-region,Nikaia,nikaia
Greece,greece,GR,Attica Region,attica-region,Oropos,oropos
Greece,greece,GR,Attica Region,attica-region,Paiania,paiania
Greece,greece,GR,Attica Region,attica-region,Palaia Fokaia,palaia-fokaia
Greece,greece,GR,Attica Region,attica-region,Palaio Faliro,palaio-faliro
Greece,greece,GR,Attica Region,attica-region,Pallini,pallini
Greece,greece,GR,Attica Region,attica-region,Papagou,papagou
Greece,greece,GR,Attica Region,attica-region,Pefki,pefki
Greece,greece,GR,Attica Region,attica-region,Penteli,penteli
Greece,greece,GR,Attica Region,attica-region,Perama,perama
Greece,greece,GR,Attica Region,attica-region,Peristeri,peristeri
Greece,greece,GR,Attica Region,attica-region,Petroupolis,petroupolis
Greece,greece,GR,Attica Region,attica-region,Pikermi,pikermi
Greece,greece,GR,Attica Region,attica-region,Piraeus,piraeus
Greece,greece,GR,Attica Region,attica-region,Polydendri,polydendri
Greece,greece,GR,Attica Region,attica-region,Poros,poros
Greece,greece,GR,Attica Region,attica-region,Psychiko,psychiko
Greece,greece,GR,Attica Region,attica-region,Rafina,rafina
Greece,greece,GR,Attica Region,attica-region,Rodopoli,rodopoli
Greece,greece,GR,Attica Region,attica-region,Salamina,salamina
Greece,greece,GR,Attica Region,attica-region,Saronida,saronida
Greece,greece,GR,Attica Region,attica-region,Selinia,selinia
Greece,greece,GR,Attica Region,attica-region,Skala Oropou,skala-oropou
Greece,greece,GR,Attica Region,attica-region,Skarmagkas,skarmagkas
Greece,greece,GR,Attica Region,attica-region,Spata,spata
Greece,greece,GR,Attica Region,attica-region,Spetses,spetses
Greece,greece,GR,Attica Region,attica-region,Stamata,stamata
Greece,greece,GR,Attica Region,attica-region,Tavros,tavros
Greece,greece,GR,Attica Region,attica-region,Thrakomakedones,thrakomakedones
Greece,greece,GR,Attica Region,attica-region,Vari,vari
Greece,greece,GR,Attica Region,attica-region,Varnavas,varnavas
Greece,greece,GR,Attica Region,attica-region,Varybobi,varybobi
Greece,greece,GR,Attica Region,attica-region,Vathy,vathy
Greece,greece,GR,Attica Region,attica-region,Vilia,vilia
Greece,greece,GR,Attica Region,attica-region,Vlychada,vlychada
Greece,greece,GR,Attica Region,attica-region,Voula,voula
Greece,greece,GR,Attica Region,attica-region,Vouliagmeni,vouliagmeni
Greece,greece,GR,Attica Region,attica-region,Vrana,vrana
Greece,greece,GR,Attica Region,attica-region,Vrilissia,vrilissia
Greece,greece,GR,Attica Region,attica-region,Vyronas,vyronas
Greece,greece,GR,Attica Region,attica-region,Ydra,ydra
Greece,greece,GR,Attica Region,attica-region,Ymittos,ymittos
Greece,greece,GR,Attica Region,attica-region,Zefyri,zefyri
Greece,greece,GR,Attica Region,attica-region,Zografos,zografos
Greece,greece,GR,Boeotia Regional Unit,boeotia-regional-unit,Boeotia Regional Unit,boeotia-regional-unit
Greece,greece,GR,Central Greece Region,central-greece-region,Afration,afration
Greece,greece,GR,Central Greece Region,central-greece-region,Agia Triada,agia-triada
Greece,greece,GR,Central Greece Region,central-greece-region,Agios Georgios,agios-georgios
Greece,greece,GR,Central Greece Region,central-greece-region,Aidipsos,aidipsos
Greece,greece,GR,Central Greece Region,central-greece-region,Akraifnia,akraifnia
Greece,greece,GR,Central Greece Region,central-greece-region,Aliartos,aliartos
Greece,greece,GR,Central Greece Region,central-greece-region,Aliveri,aliveri
Greece,greece,GR,Central Greece Region,central-greece-region,Amarynthos,amarynthos
Greece,greece,GR,Central Greece Region,central-greece-region,Amfikleia,amfikleia
Greece,greece,GR,Central Greece Region,central-greece-region,Amfissa,amfissa
Greece,greece,GR,Central Greece Region,central-greece-region,Anthili,anthili
Greece,greece,GR,Central Greece Region,central-greece-region,Antikyra,antikyra
Greece,greece,GR,Central Greece Region,central-greece-region,Arachova,arachova
Greece,greece,GR,Central Greece Region,central-greece-region,Arma,arma
Greece,greece,GR,Central Greece Region,central-greece-region,Asopia,asopia
Greece,greece,GR,Central Greece Region,central-greece-region,Atalanti,atalanti
Greece,greece,GR,Central Greece Region,central-greece-region,Ayios Konstandinos,ayios-konstandinos
Greece,greece,GR,Central Greece Region,central-greece-region,Ayios Nikolaos,ayios-nikolaos
Greece,greece,GR,Central Greece Region,central-greece-region,Ayios Thomas,ayios-thomas
Greece,greece,GR,Central Greece Region,central-greece-region,Chaironeia,chaironeia
Greece,greece,GR,Central Greece Region,central-greece-region,Chalkida,chalkida
Greece,greece,GR,Central Greece Region,central-greece-region,Delphi,delphi
Greece,greece,GR,Central Greece Region,central-greece-region,Dhrosia,dhrosia
Greece,greece,GR,Central Greece Region,central-greece-region,Dilesi,dilesi
Greece,greece,GR,Central Greece Region,central-greece-region,Distomo,distomo
Greece,greece,GR,Central Greece Region,central-greece-region,Domokos,domokos
Greece,greece,GR,Central Greece Region,central-greece-region,Domvraina,domvraina
Greece,greece,GR,Central Greece Region,central-greece-region,Elateia,elateia
Greece,greece,GR,Central Greece Region,central-greece-region,Eretria,eretria
Greece,greece,GR,Central Greece Region,central-greece-region,Faros,faros
Greece,greece,GR,Central Greece Region,central-greece-region,Filla,filla
Greece,greece,GR,Central Greece Region,central-greece-region,Galaxidhion,galaxidhion
Greece,greece,GR,Central Greece Region,central-greece-region,Istiaia,istiaia
Greece,greece,GR,Central Greece Region,central-greece-region,Itea,itea
Greece,greece,GR,Central Greece Region,central-greece-region,Kainouryion,kainouryion
Greece,greece,GR,Central Greece Region,central-greece-region,Kamena Vourla,kamena-vourla
Greece,greece,GR,Central Greece Region,central-greece-region,Kaparellion,kaparellion
Greece,greece,GR,Central Greece Region,central-greece-region,Karpenisi,karpenisi
Greece,greece,GR,Central Greece Region,central-greece-region,Karystos,karystos
Greece,greece,GR,Central Greece Region,central-greece-region,Kastella,kastella
Greece,greece,GR,Central Greece Region,central-greece-region,Kato Tithorea,kato-tithorea
Greece,greece,GR,Central Greece Region,central-greece-region,Kerasochori,kerasochori
Greece,greece,GR,Central Greece Region,central-greece-region,Kirra,kirra
Greece,greece,GR,Central Greece Region,central-greece-region,Kymi,kymi
Greece,greece,GR,Central Greece Region,central-greece-region,Kyriaki,kyriaki
Greece,greece,GR,Central Greece Region,central-greece-region,Lamia,lamia
Greece,greece,GR,Central Greece Region,central-greece-region,Lianokladhion,lianokladhion
Greece,greece,GR,Central Greece Region,central-greece-region,Lidoriki,lidoriki
Greece,greece,GR,Central Greece Region,central-greece-region,Limni,limni
Greece,greece,GR,Central Greece Region,central-greece-region,Livadeia,livadeia
Greece,greece,GR,Central Greece Region,central-greece-region,Livanates,livanates
Greece,greece,GR,Central Greece Region,central-greece-region,Loukisia,loukisia
Greece,greece,GR,Central Greece Region,central-greece-region,Loutra Aidhipsou,loutra-aidhipsou
Greece,greece,GR,Central Greece Region,central-greece-region,Magoula,magoula
Greece,greece,GR,Central Greece Region,central-greece-region,Makrakomi,makrakomi
Greece,greece,GR,Central Greece Region,central-greece-region,Malakonta,malakonta
Greece,greece,GR,Central Greece Region,central-greece-region,Malesina,malesina
Greece,greece,GR,Central Greece Region,central-greece-region,Mantoudi,mantoudi
Greece,greece,GR,Central Greece Region,central-greece-region,Marmarion,marmarion
Greece,greece,GR,Central Greece Region,central-greece-region,Martinon,martinon
Greece,greece,GR,Central Greece Region,central-greece-region,Molos,molos
Greece,greece,GR,Central Greece Region,central-greece-region,Mytikas,mytikas
Greece,greece,GR,Central Greece Region,central-greece-region,Nea Artaki,nea-artaki
Greece,greece,GR,Central Greece Region,central-greece-region,Nea Lampsakos,nea-lampsakos
Greece,greece,GR,Central Greece Region,central-greece-region,Nea Stira,nea-stira
Greece,greece,GR,Central Greece Region,central-greece-region,Neon Monastirion,neon-monastirion
Greece,greece,GR,Central Greece Region,central-greece-region,Nomos Evrytanias,nomos-evrytanias
Greece,greece,GR,Central Greece Region,central-greece-region,Nomos Fokidos,nomos-fokidos
Greece,greece,GR,Central Greece Region,central-greece-region,Oinofyta,oinofyta
Greece,greece,GR,Central Greece Region,central-greece-region,Omvriaki,omvriaki
Greece,greece,GR,Central Greece Region,central-greece-region,Orchomenos,orchomenos
Greece,greece,GR,Central Greece Region,central-greece-region,Oreoi,oreoi
Greece,greece,GR,Central Greece Region,central-greece-region,Oxilithos,oxilithos
Greece,greece,GR,Central Greece Region,central-greece-region,Paralia Avlidhos,paralia-avlidhos
Greece,greece,GR,Central Greece Region,central-greece-region,Pelasgia,pelasgia
Greece,greece,GR,Central Greece Region,central-greece-region,Plaka Dilesi,plaka-dilesi
Greece,greece,GR,Central Greece Region,central-greece-region,Politika,politika
Greece,greece,GR,Central Greece Region,central-greece-region,Prokopi,prokopi
Greece,greece,GR,Central Greece Region,central-greece-region,Psachna,psachna
Greece,greece,GR,Central Greece Region,central-greece-region,Rodhitsa,rodhitsa
Greece,greece,GR,Central Greece Region,central-greece-region,Rovies,rovies
Greece,greece,GR,Central Greece Region,central-greece-region,Schimatari,schimatari
Greece,greece,GR,Central Greece Region,central-greece-region,Skyros,skyros
Greece,greece,GR,Central Greece Region,central-greece-region,Spercheiada,spercheiada
Greece,greece,GR,Central Greece Region,central-greece-region,Stavros,stavros
Greece,greece,GR,Central Greece Region,central-greece-region,Steiri,steiri
Greece,greece,GR,Central Greece Region,central-greece-region,Stylida,stylida
Greece,greece,GR,Central Greece Region,central-greece-region,Thespies,thespies
Greece,greece,GR,Central Greece Region,central-greece-region,Thivai,thivai
Greece,greece,GR,Central Greece Region,central-greece-region,Vagia,vagia
Greece,greece,GR,Central Greece Region,central-greece-region,Vasilikon,vasilikon
Greece,greece,GR,Central Greece Region,central-greece-region,Vathi,vathi
Greece,greece,GR,Central Greece Region,central-greece-region,Yimnon,yimnon
Greece,greece,GR,Central Macedonia,central-macedonia,Adendro,adendro
Greece,greece,GR,Central Macedonia,central-macedonia,Afytos,afytos
Greece,greece,GR,Central Macedonia,central-macedonia,Agia Paraskevi,agia-paraskevi
Greece,greece,GR,Central Macedonia,central-macedonia,Agia Triada,agia-triada
Greece,greece,GR,Central Macedonia,central-macedonia,Agio Pnevma,agio-pnevma
Greece,greece,GR,Central Macedonia,central-macedonia,Agios Athanasios,agios-athanasios
Greece,greece,GR,Central Macedonia,central-macedonia,Agios Georgios,agios-georgios
Greece,greece,GR,Central Macedonia,central-macedonia,Agios Loukas,agios-loukas
Greece,greece,GR,Central Macedonia,central-macedonia,Agios Nikolaos,agios-nikolaos
Greece,greece,GR,Central Macedonia,central-macedonia,Agios Pavlos,agios-pavlos
Greece,greece,GR,Central Macedonia,central-macedonia,Agios Petros,agios-petros
Greece,greece,GR,Central Macedonia,central-macedonia,Agios Spyridon,agios-spyridon
Greece,greece,GR,Central Macedonia,central-macedonia,Agios Vasileios,agios-vasileios
Greece,greece,GR,Central Macedonia,central-macedonia,Agkathia,agkathia
Greece,greece,GR,Central Macedonia,central-macedonia,Aiginio,aiginio
Greece,greece,GR,Central Macedonia,central-macedonia,Akrolimni,akrolimni
Greece,greece,GR,Central Macedonia,central-macedonia,Alexandreia,alexandreia
Greece,greece,GR,Central Macedonia,central-macedonia,Alistrati,alistrati
Greece,greece,GR,Central Macedonia,central-macedonia,Ampeleies,ampeleies
Greece,greece,GR,Central Macedonia,central-macedonia,Ampelokipoi,ampelokipoi
Greece,greece,GR,Central Macedonia,central-macedonia,Anatoliko,anatoliko
Greece,greece,GR,Central Macedonia,central-macedonia,Angelochori,angelochori
Greece,greece,GR,Central Macedonia,central-macedonia,Apsalos,apsalos
Greece,greece,GR,Central Macedonia,central-macedonia,Aravissos,aravissos
Greece,greece,GR,Central Macedonia,central-macedonia,Aridaia,aridaia
Greece,greece,GR,Central Macedonia,central-macedonia,Arnaia,arnaia
Greece,greece,GR,Central Macedonia,central-macedonia,Arnissa,arnissa
Greece,greece,GR,Central Macedonia,central-macedonia,Arsenio,arsenio
Greece,greece,GR,Central Macedonia,central-macedonia,Askos,askos
Greece,greece,GR,Central Macedonia,central-macedonia,Asprovalta,asprovalta
Greece,greece,GR,Central Macedonia,central-macedonia,Assiros,assiros
Greece,greece,GR,Central Macedonia,central-macedonia,Asvestochori,asvestochori
Greece,greece,GR,Central Macedonia,central-macedonia,Athyra,athyra
Greece,greece,GR,Central Macedonia,central-macedonia,Axioupoli,axioupoli
Greece,greece,GR,Central Macedonia,central-macedonia,Axos,axos
Greece,greece,GR,Central Macedonia,central-macedonia,Chalastra,chalastra
Greece,greece,GR,Central Macedonia,central-macedonia,Chalkidona,chalkidona
Greece,greece,GR,Central Macedonia,central-macedonia,Charopo,charopo
Greece,greece,GR,Central Macedonia,central-macedonia,Chortiatis,chortiatis
Greece,greece,GR,Central Macedonia,central-macedonia,Chryso,chryso
Greece,greece,GR,Central Macedonia,central-macedonia,Chrysochorafa,chrysochorafa
Greece,greece,GR,Central Macedonia,central-macedonia,Diavata,diavata
Greece,greece,GR,Central Macedonia,central-macedonia,Diavatos,diavatos
Greece,greece,GR,Central Macedonia,central-macedonia,Dion,dion
Greece,greece,GR,Central Macedonia,central-macedonia,Draviskos,draviskos
Greece,greece,GR,Central Macedonia,central-macedonia,Drymos,drymos
Greece,greece,GR,Central Macedonia,central-macedonia,Edessa,edessa
Greece,greece,GR,Central Macedonia,central-macedonia,Efkarpia,efkarpia
Greece,greece,GR,Central Macedonia,central-macedonia,Eirinoupoli,eirinoupoli
Greece,greece,GR,Central Macedonia,central-macedonia,Epanomi,epanomi
Greece,greece,GR,Central Macedonia,central-macedonia,Episkopi,episkopi
Greece,greece,GR,Central Macedonia,central-macedonia,Evosmos,evosmos
Greece,greece,GR,Central Macedonia,central-macedonia,Evropos,evropos
Greece,greece,GR,Central Macedonia,central-macedonia,Exaplatanos,exaplatanos
Greece,greece,GR,Central Macedonia,central-macedonia,Filiro,filiro
Greece,greece,GR,Central Macedonia,central-macedonia,Galatades,galatades
Greece,greece,GR,Central Macedonia,central-macedonia,Galatista,galatista
Greece,greece,GR,Central Macedonia,central-macedonia,Gazoros,gazoros
Greece,greece,GR,Central Macedonia,central-macedonia,Gefyra,gefyra
Greece,greece,GR,Central Macedonia,central-macedonia,Gerakarou,gerakarou
Greece,greece,GR,Central Macedonia,central-macedonia,Giannitsa,giannitsa
Greece,greece,GR,Central Macedonia,central-macedonia,Goumenissa,goumenissa
Greece,greece,GR,Central Macedonia,central-macedonia,Ierissos,ierissos
Greece,greece,GR,Central Macedonia,central-macedonia,Irakleia,irakleia
Greece,greece,GR,Central Macedonia,central-macedonia,Kala Dendra,kala-dendra
Greece,greece,GR,Central Macedonia,central-macedonia,Kalamaria,kalamaria
Greece,greece,GR,Central Macedonia,central-macedonia,Kali,kali
Greece,greece,GR,Central Macedonia,central-macedonia,Kallithea,kallithea
Greece,greece,GR,Central Macedonia,central-macedonia,Kalochori,kalochori
Greece,greece,GR,Central Macedonia,central-macedonia,Kalyves Polygyrou,kalyves-polygyrou
Greece,greece,GR,Central Macedonia,central-macedonia,Kalyvia,kalyvia
Greece,greece,GR,Central Macedonia,central-macedonia,Kampanis,kampanis
Greece,greece,GR,Central Macedonia,central-macedonia,Kardia,kardia
Greece,greece,GR,Central Macedonia,central-macedonia,Karitsa,karitsa
Greece,greece,GR,Central Macedonia,central-macedonia,Karyotissa,karyotissa
Greece,greece,GR,Central Macedonia,central-macedonia,Kassandreia,kassandreia
Greece,greece,GR,Central Macedonia,central-macedonia,Katerini,katerini
Greece,greece,GR,Central Macedonia,central-macedonia,Kato Kamila,kato-kamila
Greece,greece,GR,Central Macedonia,central-macedonia,Kato Lipochori,kato-lipochori
Greece,greece,GR,Central Macedonia,central-macedonia,Kato Milia,kato-milia
Greece,greece,GR,Central Macedonia,central-macedonia,Kato Scholari,kato-scholari
Greece,greece,GR,Central Macedonia,central-macedonia,Kavallari,kavallari
Greece,greece,GR,Central Macedonia,central-macedonia,Kilkis,kilkis
Greece,greece,GR,Central Macedonia,central-macedonia,Kitros,kitros
Greece,greece,GR,Central Macedonia,central-macedonia,Kleidi,kleidi
Greece,greece,GR,Central Macedonia,central-macedonia,Koimisi,koimisi
Greece,greece,GR,Central Macedonia,central-macedonia,Kolchikon,kolchikon
Greece,greece,GR,Central Macedonia,central-macedonia,Kolindros,kolindros
Greece,greece,GR,Central Macedonia,central-macedonia,Kontariotissa,kontariotissa
Greece,greece,GR,Central Macedonia,central-macedonia,Kopanos,kopanos
Greece,greece,GR,Central Macedonia,central-macedonia,Korinos,korinos
Greece,greece,GR,Central Macedonia,central-macedonia,Koryfi,koryfi
Greece,greece,GR,Central Macedonia,central-macedonia,Koufalia,koufalia
Greece,greece,GR,Central Macedonia,central-macedonia,Kouloura,kouloura
Greece,greece,GR,Central Macedonia,central-macedonia,Krithia,krithia
Greece,greece,GR,Central Macedonia,central-macedonia,Krya Vrysi,krya-vrysi
Greece,greece,GR,Central Macedonia,central-macedonia,Kymina,kymina
Greece,greece,GR,Central Macedonia,central-macedonia,Lagkadas,lagkadas
Greece,greece,GR,Central Macedonia,central-macedonia,Lagyna,lagyna
Greece,greece,GR,Central Macedonia,central-macedonia,Lakkoma,lakkoma
Greece,greece,GR,Central Macedonia,central-macedonia,Lefkonas,lefkonas
Greece,greece,GR,Central Macedonia,central-macedonia,Leptokarya,leptokarya
Greece,greece,GR,Central Macedonia,central-macedonia,Lianovergi,lianovergi
Greece,greece,GR,Central Macedonia,central-macedonia,Liti,liti
Greece,greece,GR,Central Macedonia,central-macedonia,Litochoro,litochoro
Greece,greece,GR,Central Macedonia,central-macedonia,Lofos,lofos
Greece,greece,GR,Central Macedonia,central-macedonia,Loutraki,loutraki
Greece,greece,GR,Central Macedonia,central-macedonia,Loutros,loutros
Greece,greece,GR,Central Macedonia,central-macedonia,Makrochori,makrochori
Greece,greece,GR,Central Macedonia,central-macedonia,Makrygialos,makrygialos
Greece,greece,GR,Central Macedonia,central-macedonia,Mandalo,mandalo
Greece,greece,GR,Central Macedonia,central-macedonia,Marina,marina
Greece,greece,GR,Central Macedonia,central-macedonia,Mavrothalassa,mavrothalassa
Greece,greece,GR,Central Macedonia,central-macedonia,Mavrovouni,mavrovouni
Greece,greece,GR,Central Macedonia,central-macedonia,Megali Panagia,megali-panagia
Greece,greece,GR,Central Macedonia,central-macedonia,Meliki,meliki
Greece,greece,GR,Central Macedonia,central-macedonia,Melissi,melissi
Greece,greece,GR,Central Macedonia,central-macedonia,Melissochori,melissochori
Greece,greece,GR,Central Macedonia,central-macedonia,Menemeni,menemeni
Greece,greece,GR,Central Macedonia,central-macedonia,Mesimeri,mesimeri
Greece,greece,GR,Central Macedonia,central-macedonia,Mikro Monastiri,mikro-monastiri
Greece,greece,GR,Central Macedonia,central-macedonia,Mitrousi,mitrousi
Greece,greece,GR,Central Macedonia,central-macedonia,Naousa,naousa
Greece,greece,GR,Central Macedonia,central-macedonia,Nea Apollonia,nea-apollonia
Greece,greece,GR,Central Macedonia,central-macedonia,Nea Efesos,nea-efesos
Greece,greece,GR,Central Macedonia,central-macedonia,Nea Flogita,nea-flogita
Greece,greece,GR,Central Macedonia,central-macedonia,Nea Fokaia,nea-fokaia
Greece,greece,GR,Central Macedonia,central-macedonia,Nea Kallikrateia,nea-kallikrateia
Greece,greece,GR,Central Macedonia,central-macedonia,Nea Magnisia,nea-magnisia
Greece,greece,GR,Central Macedonia,central-macedonia,Nea Malgara,nea-malgara
Greece,greece,GR,Central Macedonia,central-macedonia,Nea Mesimvria,nea-mesimvria
Greece,greece,GR,Central Macedonia,central-macedonia,Nea Michaniona,nea-michaniona
Greece,greece,GR,Central Macedonia,central-macedonia,Nea Moudhania,nea-moudhania
Greece,greece,GR,Central Macedonia,central-macedonia,Nea Pella,nea-pella
Greece,greece,GR,Central Macedonia,central-macedonia,Nea Plagia,nea-plagia
Greece,greece,GR,Central Macedonia,central-macedonia,Nea Poteidaia,nea-poteidaia
Greece,greece,GR,Central Macedonia,central-macedonia,Nea Potidhaia,nea-potidhaia
Greece,greece,GR,Central Macedonia,central-macedonia,Nea Roda,nea-roda
Greece,greece,GR,Central Macedonia,central-macedonia,Nea Santa,nea-santa
Greece,greece,GR,Central Macedonia,central-macedonia,Nea Triglia,nea-triglia
Greece,greece,GR,Central Macedonia,central-macedonia,Nea Vrasna,nea-vrasna
Greece,greece,GR,Central Macedonia,central-macedonia,Nea Zichni,nea-zichni
Greece,greece,GR,Central Macedonia,central-macedonia,Neapoli,neapoli
Greece,greece,GR,Central Macedonia,central-macedonia,Neo Agioneri,neo-agioneri
Greece,greece,GR,Central Macedonia,central-macedonia,Neo Petritsi,neo-petritsi
Greece,greece,GR,Central Macedonia,central-macedonia,Neo Rysi,neo-rysi
Greece,greece,GR,Central Macedonia,central-macedonia,Neo Souli,neo-souli
Greece,greece,GR,Central Macedonia,central-macedonia,Neochori,neochori
Greece,greece,GR,Central Macedonia,central-macedonia,Neochorouda,neochorouda
Greece,greece,GR,Central Macedonia,central-macedonia,Neoi Epivates,neoi-epivates
Greece,greece,GR,Central Macedonia,central-macedonia,Neos Marmaras,neos-marmaras
Greece,greece,GR,Central Macedonia,central-macedonia,Neos Mylotopos,neos-mylotopos
Greece,greece,GR,Central Macedonia,central-macedonia,Neos Skopos,neos-skopos
Greece,greece,GR,Central Macedonia,central-macedonia,Nigrita,nigrita
Greece,greece,GR,Central Macedonia,central-macedonia,Nikiti,nikiti
Greece,greece,GR,Central Macedonia,central-macedonia,Nisi,nisi
Greece,greece,GR,Central Macedonia,central-macedonia,Nomos Chalkidikis,nomos-chalkidikis
Greece,greece,GR,Central Macedonia,central-macedonia,Nomos Pellis,nomos-pellis
Greece,greece,GR,Central Macedonia,central-macedonia,Nomos Thessalonikis,nomos-thessalonikis
Greece,greece,GR,Central Macedonia,central-macedonia,Olynthos,olynthos
Greece,greece,GR,Central Macedonia,central-macedonia,Oraiokastro,oraiokastro
Greece,greece,GR,Central Macedonia,central-macedonia,Ormylia,ormylia
Greece,greece,GR,Central Macedonia,central-macedonia,Ouranoupolis,ouranoupolis
Greece,greece,GR,Central Macedonia,central-macedonia,Palaifyto,palaifyto
Greece,greece,GR,Central Macedonia,central-macedonia,Palaiochori,palaiochori
Greece,greece,GR,Central Macedonia,central-macedonia,Palaiokomi,palaiokomi
Greece,greece,GR,Central Macedonia,central-macedonia,Panorama,panorama
Greece,greece,GR,Central Macedonia,central-macedonia,Paralia,paralia
Greece,greece,GR,Central Macedonia,central-macedonia,Patrida,patrida
Greece,greece,GR,Central Macedonia,central-macedonia,Pefka,pefka
Greece,greece,GR,Central Macedonia,central-macedonia,Pefkochori,pefkochori
Greece,greece,GR,Central Macedonia,central-macedonia,Pella,pella
Greece,greece,GR,Central Macedonia,central-macedonia,Pentalofos,pentalofos
Greece,greece,GR,Central Macedonia,central-macedonia,Pentaplatano,pentaplatano
Greece,greece,GR,Central Macedonia,central-macedonia,Peraia,peraia
Greece,greece,GR,Central Macedonia,central-macedonia,Peristasi,peristasi
Greece,greece,GR,Central Macedonia,central-macedonia,Peristera,peristera
Greece,greece,GR,Central Macedonia,central-macedonia,Plagiari,plagiari
Greece,greece,GR,Central Macedonia,central-macedonia,Platy,platy
Greece,greece,GR,Central Macedonia,central-macedonia,Polichni,polichni
Greece,greece,GR,Central Macedonia,central-macedonia,Polygyros,polygyros
Greece,greece,GR,Central Macedonia,central-macedonia,Polykarpi,polykarpi
Greece,greece,GR,Central Macedonia,central-macedonia,Polykastro,polykastro
Greece,greece,GR,Central Macedonia,central-macedonia,Pontismeno,pontismeno
Greece,greece,GR,Central Macedonia,central-macedonia,Portaria,portaria
Greece,greece,GR,Central Macedonia,central-macedonia,Prochoma,prochoma
Greece,greece,GR,Central Macedonia,central-macedonia,Profitis Ilias,profitis-ilias
Greece,greece,GR,Central Macedonia,central-macedonia,Promachoi,promachoi
Greece,greece,GR,Central Macedonia,central-macedonia,Proti,proti
Greece,greece,GR,Central Macedonia,central-macedonia,Provatas,provatas
Greece,greece,GR,Central Macedonia,central-macedonia,Pylaia,pylaia
Greece,greece,GR,Central Macedonia,central-macedonia,Ritini,ritini
Greece,greece,GR,Central Macedonia,central-macedonia,Rizari,rizari
Greece,greece,GR,Central Macedonia,central-macedonia,Rizo,rizo
Greece,greece,GR,Central Macedonia,central-macedonia,Rizomata,rizomata
Greece,greece,GR,Central Macedonia,central-macedonia,Rodolivos,rodolivos
Greece,greece,GR,Central Macedonia,central-macedonia,Sarti,sarti
Greece,greece,GR,Central Macedonia,central-macedonia,Serres,serres
Greece,greece,GR,Central Macedonia,central-macedonia,Sevastiana,sevastiana
Greece,greece,GR,Central Macedonia,central-macedonia,Sfendami,sfendami
Greece,greece,GR,Central Macedonia,central-macedonia,Sidirokastro,sidirokastro
Greece,greece,GR,Central Macedonia,central-macedonia,Simantra,simantra
Greece,greece,GR,Central Macedonia,central-macedonia,Sindos,sindos
Greece,greece,GR,Central Macedonia,central-macedonia,Skotoussa,skotoussa
Greece,greece,GR,Central Macedonia,central-macedonia,Skoutari,skoutari
Greece,greece,GR,Central Macedonia,central-macedonia,Skydra,skydra
Greece,greece,GR,Central Macedonia,central-macedonia,Sochos,sochos
Greece,greece,GR,Central Macedonia,central-macedonia,Sosandra,sosandra
Greece,greece,GR,Central Macedonia,central-macedonia,Souroti,souroti
Greece,greece,GR,Central Macedonia,central-macedonia,Stathmos Mourion,stathmos-mourion
Greece,greece,GR,Central Macedonia,central-macedonia,Stavros,stavros
Greece,greece,GR,Central Macedonia,central-macedonia,Stavroupoli,stavroupoli
Greece,greece,GR,Central Macedonia,central-macedonia,Stratonion,stratonion
Greece,greece,GR,Central Macedonia,central-macedonia,Strymoniko,strymoniko
Greece,greece,GR,Central Macedonia,central-macedonia,Svoronos,svoronos
Greece,greece,GR,Central Macedonia,central-macedonia,Sykia,sykia
Greece,greece,GR,Central Macedonia,central-macedonia,Sykies,sykies
Greece,greece,GR,Central Macedonia,central-macedonia,Terpni,terpni
Greece,greece,GR,Central Macedonia,central-macedonia,Thermi,thermi
Greece,greece,GR,Central Macedonia,central-macedonia,Thessaloniki,thessaloniki
Greece,greece,GR,Central Macedonia,central-macedonia,Triandria,triandria
Greece,greece,GR,Central Macedonia,central-macedonia,Trikala,trikala
Greece,greece,GR,Central Macedonia,central-macedonia,Trilofos,trilofos
Greece,greece,GR,Central Macedonia,central-macedonia,Valtero,valtero
Greece,greece,GR,Central Macedonia,central-macedonia,Vamvakofyto,vamvakofyto
Greece,greece,GR,Central Macedonia,central-macedonia,Vasilika,vasilika
Greece,greece,GR,Central Macedonia,central-macedonia,Vathylakkos,vathylakkos
Greece,greece,GR,Central Macedonia,central-macedonia,Vergina,vergina
Greece,greece,GR,Central Macedonia,central-macedonia,Veroia,veroia
Greece,greece,GR,Central Macedonia,central-macedonia,Vrontou,vrontou
Greece,greece,GR,Central Macedonia,central-macedonia,Xilopolis,xilopolis
Greece,greece,GR,Chania Regional Unit,chania-regional-unit,Chania Regional Unit,chania-regional-unit
Greece,greece,GR,Corfu Prefecture,corfu-prefecture,Farkadona,farkadona
Greece,greece,GR,Corfu Prefecture,corfu-prefecture,Fiki,fiki
Greece,greece,GR,Corfu Prefecture,corfu-prefecture,Gomfoi,gomfoi
Greece,greece,GR,Corfu Prefecture,corfu-prefecture,Grizano,grizano
Greece,greece,GR,Corfu Prefecture,corfu-prefecture,Kalampaka,kalampaka
Greece,greece,GR,Corfu Prefecture,corfu-prefecture,Kastraki,kastraki
Greece,greece,GR,Corfu Prefecture,corfu-prefecture,Megala Kalyvia,megala-kalyvia
Greece,greece,GR,Corfu Prefecture,corfu-prefecture,Megalochori,megalochori
Greece,greece,GR,Corfu Prefecture,corfu-prefecture,Oichalia,oichalia
Greece,greece,GR,Corfu Prefecture,corfu-prefecture,Palaiomonastiro,palaiomonastiro
Greece,greece,GR,Corfu Prefecture,corfu-prefecture,Palaiopyrgos,palaiopyrgos
Greece,greece,GR,Corfu Prefecture,corfu-prefecture,Pigi,pigi
Greece,greece,GR,Corfu Prefecture,corfu-prefecture,Pyli,pyli
Greece,greece,GR,Corfu Prefecture,corfu-prefecture,Pyrgetos,pyrgetos
Greece,greece,GR,Corfu Prefecture,corfu-prefecture,Rizoma,rizoma
Greece,greece,GR,Corfu Prefecture,corfu-prefecture,Taxiarches,taxiarches
Greece,greece,GR,Corfu Prefecture,corfu-prefecture,Trikala,trikala
Greece,greece,GR,Corfu Prefecture,corfu-prefecture,Vasiliki,vasiliki
Greece,greece,GR,Corfu Prefecture,corfu-prefecture,Zarkos,zarkos
Greece,greece,GR,Corinthia Regional Unit,corinthia-regional-unit,Corinthia Regional Unit,corinthia-regional-unit
Greece,greece,GR,Crete Region,crete-region,Agia Foteini,agia-foteini
Greece,greece,GR,Crete Region,crete-region,Agia Galini,agia-galini
Greece,greece,GR,Crete Region,crete-region,Agia Marina,agia-marina
Greece,greece,GR,Crete Region,crete-region,Agia Varvara,agia-varvara
Greece,greece,GR,Crete Region,crete-region,Agioi Deka,agioi-deka
Greece,greece,GR,Crete Region,crete-region,Agios Nikolaos,agios-nikolaos
Greece,greece,GR,Crete Region,crete-region,Ano Arhanes,ano-arhanes
Greece,greece,GR,Crete Region,crete-region,Anogeia,anogeia
Greece,greece,GR,Crete Region,crete-region,Arkalochori,arkalochori
Greece,greece,GR,Crete Region,crete-region,Asimion,asimion
Greece,greece,GR,Crete Region,crete-region,Atsipopoulo,atsipopoulo
Greece,greece,GR,Crete Region,crete-region,Chania,chania
Greece,greece,GR,Crete Region,crete-region,Chora Sfakion,chora-sfakion
Greece,greece,GR,Crete Region,crete-region,Daratsos,daratsos
Greece,greece,GR,Crete Region,crete-region,Elounda,elounda
Greece,greece,GR,Crete Region,crete-region,Galatas,galatas
Greece,greece,GR,Crete Region,crete-region,Gazi,gazi
Greece,greece,GR,Crete Region,crete-region,Georgioupolis,georgioupolis
Greece,greece,GR,Crete Region,crete-region,Gerani,gerani
Greece,greece,GR,Crete Region,crete-region,Gergeri,gergeri
Greece,greece,GR,Crete Region,crete-region,Gournes,gournes
Greece,greece,GR,Crete Region,crete-region,Gra Liyia,gra-liyia
Greece,greece,GR,Crete Region,crete-region,Ierapetra,ierapetra
Greece,greece,GR,Crete Region,crete-region,Irakleion,irakleion
Greece,greece,GR,Crete Region,crete-region,Kalyves,kalyves
Greece,greece,GR,Crete Region,crete-region,Kastelli,kastelli
Greece,greece,GR,Crete Region,crete-region,Kastri,kastri
Greece,greece,GR,Crete Region,crete-region,Kato Asitai,kato-asitai
Greece,greece,GR,Crete Region,crete-region,Kato Gouves,kato-gouves
Greece,greece,GR,Crete Region,crete-region,Kentri,kentri
Greece,greece,GR,Crete Region,crete-region,Kissamos,kissamos
Greece,greece,GR,Crete Region,crete-region,Kokkini Chani,kokkini-chani
Greece,greece,GR,Crete Region,crete-region,Kolympari,kolympari
Greece,greece,GR,Crete Region,crete-region,Kritsa,kritsa
Greece,greece,GR,Crete Region,crete-region,Krouson,krouson
Greece,greece,GR,Crete Region,crete-region,Limin Khersonisou,limin-khersonisou
Greece,greece,GR,Crete Region,crete-region,Malia,malia
Greece,greece,GR,Crete Region,crete-region,Moires,moires
Greece,greece,GR,Crete Region,crete-region,Mokhos,mokhos
Greece,greece,GR,Crete Region,crete-region,Mournies,mournies
Greece,greece,GR,Crete Region,crete-region,Mouzouras,mouzouras
Greece,greece,GR,Crete Region,crete-region,Nea Alikarnassos,nea-alikarnassos
Greece,greece,GR,Crete Region,crete-region,Nea Anatoli,nea-anatoli
Greece,greece,GR,Crete Region,crete-region,Neapoli,neapoli
Greece,greece,GR,Crete Region,crete-region,Nerokouros,nerokouros
Greece,greece,GR,Crete Region,crete-region,Nomos Irakleiou,nomos-irakleiou
Greece,greece,GR,Crete Region,crete-region,Nomos Rethymnis,nomos-rethymnis
Greece,greece,GR,Crete Region,crete-region,Palaiochora,palaiochora
Greece,greece,GR,Crete Region,crete-region,Palekastro,palekastro
Greece,greece,GR,Crete Region,crete-region,Panormos,panormos
Greece,greece,GR,Crete Region,crete-region,Perama,perama
Greece,greece,GR,Crete Region,crete-region,Perivolia,perivolia
Greece,greece,GR,Crete Region,crete-region,Pithari,pithari
Greece,greece,GR,Crete Region,crete-region,Profitis Ilias,profitis-ilias
Greece,greece,GR,Crete Region,crete-region,Pyrgos,pyrgos
Greece,greece,GR,Crete Region,crete-region,Rethymno,rethymno
Greece,greece,GR,Crete Region,crete-region,Schisma Eloundas,schisma-eloundas
Greece,greece,GR,Crete Region,crete-region,Sision,sision
Greece,greece,GR,Crete Region,crete-region,Sitia,sitia
Greece,greece,GR,Crete Region,crete-region,Skalanion,skalanion
Greece,greece,GR,Crete Region,crete-region,Souda,souda
Greece,greece,GR,Crete Region,crete-region,Stalis,stalis
Greece,greece,GR,Crete Region,crete-region,Thrapsanon,thrapsanon
Greece,greece,GR,Crete Region,crete-region,Tilisos,tilisos
Greece,greece,GR,Crete Region,crete-region,Tsikalaria,tsikalaria
Greece,greece,GR,Crete Region,crete-region,Tympaki,tympaki
Greece,greece,GR,Crete Region,crete-region,Violi Charaki,violi-charaki
Greece,greece,GR,Crete Region,crete-region,Vryses,vryses
Greece,greece,GR,Crete Region,crete-region,Zaros,zaros
Greece,greece,GR,Crete Region,crete-region,Zoniana,zoniana
Greece,greece,GR,Drama Regional Unit,drama-regional-unit,Drama Regional Unit,drama-regional-unit
Greece,greece,GR,East Attica Regional Unit,east-attica-regional-unit,Agios Athanasios,agios-athanasios
Greece,greece,GR,East Attica Regional Unit,east-attica-regional-unit,Alexandroupoli,alexandroupoli
Greece,greece,GR,East Attica Regional Unit,east-attica-regional-unit,Amygdaleonas,amygdaleonas
Greece,greece,GR,East Attica Regional Unit,east-attica-regional-unit,Aratos,aratos
Greece,greece,GR,East Attica Regional Unit,east-attica-regional-unit,Arisvi,arisvi
Greece,greece,GR,East Attica Regional Unit,east-attica-regional-unit,Arriana,arriana
Greece,greece,GR,East Attica Regional Unit,east-attica-regional-unit,Avato,avato
Greece,greece,GR,East Attica Regional Unit,east-attica-regional-unit,Choristi,choristi
Greece,greece,GR,East Attica Regional Unit,east-attica-regional-unit,Chrysochori,chrysochori
Greece,greece,GR,East Attica Regional Unit,east-attica-regional-unit,Chrysoupolis,chrysoupolis
Greece,greece,GR,East Attica Regional Unit,east-attica-regional-unit,Didymoteicho,didymoteicho
Greece,greece,GR,East Attica Regional Unit,east-attica-regional-unit,Drama,drama
Greece,greece,GR,East Attica Regional Unit,east-attica-regional-unit,Echinos,echinos
Greece,greece,GR,East Attica Regional Unit,east-attica-regional-unit,Elaiochori,elaiochori
Greece,greece,GR,East Attica Regional Unit,east-attica-regional-unit,Eleftheres,eleftheres
Greece,greece,GR,East Attica Regional Unit,east-attica-regional-unit,Eleftheroupolis,eleftheroupolis
Greece,greece,GR,East Attica Regional Unit,east-attica-regional-unit,Evlalo,evlalo
Greece,greece,GR,East Attica Regional Unit,east-attica-regional-unit,Feres,feres
Greece,greece,GR,East Attica Regional Unit,east-attica-regional-unit,Fillyra,fillyra
Greece,greece,GR,East Attica Regional Unit,east-attica-regional-unit,Fotolivos,fotolivos
Greece,greece,GR,East Attica Regional Unit,east-attica-regional-unit,Ftelia,ftelia
Greece,greece,GR,East Attica Regional Unit,east-attica-regional-unit,Genissea,genissea
Greece,greece,GR,East Attica Regional Unit,east-attica-regional-unit,Iasmos,iasmos
Greece,greece,GR,East Attica Regional Unit,east-attica-regional-unit,Iliokentima,iliokentima
Greece,greece,GR,East Attica Regional Unit,east-attica-regional-unit,Kalampaki,kalampaki
Greece,greece,GR,East Attica Regional Unit,east-attica-regional-unit,Kali Vrysi,kali-vrysi
Greece,greece,GR,East Attica Regional Unit,east-attica-regional-unit,Kallifytos,kallifytos
Greece,greece,GR,East Attica Regional Unit,east-attica-regional-unit,Kalos Agros,kalos-agros
Greece,greece,GR,East Attica Regional Unit,east-attica-regional-unit,Kamariotissa,kamariotissa
Greece,greece,GR,East Attica Regional Unit,east-attica-regional-unit,Kastanies,kastanies
Greece,greece,GR,East Attica Regional Unit,east-attica-regional-unit,Kato Nevrokopi,kato-nevrokopi
Greece,greece,GR,East Attica Regional Unit,east-attica-regional-unit,Kavala,kavala
Greece,greece,GR,East Attica Regional Unit,east-attica-regional-unit,Kavyli,kavyli
Greece,greece,GR,East Attica Regional Unit,east-attica-regional-unit,Keramoti,keramoti
Greece,greece,GR,East Attica Regional Unit,east-attica-regional-unit,Kimmeria,kimmeria
Greece,greece,GR,East Attica Regional Unit,east-attica-regional-unit,Kokkinochoma,kokkinochoma
Greece,greece,GR,East Attica Regional Unit,east-attica-regional-unit,Komotini,komotini
Greece,greece,GR,East Attica Regional Unit,east-attica-regional-unit,Krinides,krinides
Greece,greece,GR,East Attica Regional Unit,east-attica-regional-unit,Kyprinos,kyprinos
Greece,greece,GR,East Attica Regional Unit,east-attica-regional-unit,Kyria,kyria
Greece,greece,GR,East Attica Regional Unit,east-attica-regional-unit,Lagos,lagos
Greece,greece,GR,East Attica Regional Unit,east-attica-regional-unit,Lavara,lavara
Greece,greece,GR,East Attica Regional Unit,east-attica-regional-unit,Limenaria,limenaria
Greece,greece,GR,East Attica Regional Unit,east-attica-regional-unit,Lykeio,lykeio
Greece,greece,GR,East Attica Regional Unit,east-attica-regional-unit,Mikropolis,mikropolis
Greece,greece,GR,East Attica Regional Unit,east-attica-regional-unit,Myki,myki
Greece,greece,GR,East Attica Regional Unit,east-attica-regional-unit,Nea Iraklitsa,nea-iraklitsa
Greece,greece,GR,East Attica Regional Unit,east-attica-regional-unit,Nea Karvali,nea-karvali
Greece,greece,GR,East Attica Regional Unit,east-attica-regional-unit,Nea Karya,nea-karya
Greece,greece,GR,East Attica Regional Unit,east-attica-regional-unit,Nea Peramos,nea-peramos
Greece,greece,GR,East Attica Regional Unit,east-attica-regional-unit,Nea Vyssa,nea-vyssa
Greece,greece,GR,East Attica Regional Unit,east-attica-regional-unit,Neochori,neochori
Greece,greece,GR,East Attica Regional Unit,east-attica-regional-unit,Nikisiani,nikisiani
Greece,greece,GR,East Attica Regional Unit,east-attica-regional-unit,Orestiada,orestiada
Greece,greece,GR,East Attica Regional Unit,east-attica-regional-unit,Pachni,pachni
Greece,greece,GR,East Attica Regional Unit,east-attica-regional-unit,Palaio Tsifliki,palaio-tsifliki
Greece,greece,GR,East Attica Regional Unit,east-attica-regional-unit,Palaiochori,palaiochori
Greece,greece,GR,East Attica Regional Unit,east-attica-regional-unit,Paralia Ofryniou,paralia-ofryniou
Greece,greece,GR,East Attica Regional Unit,east-attica-regional-unit,Paranesti,paranesti
Greece,greece,GR,East Attica Regional Unit,east-attica-regional-unit,Peplos,peplos
Greece,greece,GR,East Attica Regional Unit,east-attica-regional-unit,Peteinos,peteinos
Greece,greece,GR,East Attica Regional Unit,east-attica-regional-unit,Petrochori,petrochori
Greece,greece,GR,East Attica Regional Unit,east-attica-regional-unit,Petroussa,petroussa
Greece,greece,GR,East Attica Regional Unit,east-attica-regional-unit,Potamia,potamia
Greece,greece,GR,East Attica Regional Unit,east-attica-regional-unit,Prinos,prinos
Greece,greece,GR,East Attica Regional Unit,east-attica-regional-unit,Prosotsani,prosotsani
Greece,greece,GR,East Attica Regional Unit,east-attica-regional-unit,Rizia,rizia
Greece,greece,GR,East Attica Regional Unit,east-attica-regional-unit,Samothraki,samothraki
Greece,greece,GR,East Attica Regional Unit,east-attica-regional-unit,Sapes,sapes
Greece,greece,GR,East Attica Regional Unit,east-attica-regional-unit,Selero,selero
Greece,greece,GR,East Attica Regional Unit,east-attica-regional-unit,Sitagroi,sitagroi
Greece,greece,GR,East Attica Regional Unit,east-attica-regional-unit,Sminthi,sminthi
Greece,greece,GR,East Attica Regional Unit,east-attica-regional-unit,Soufli,soufli
Greece,greece,GR,East Attica Regional Unit,east-attica-regional-unit,Thasos,thasos
Greece,greece,GR,East Attica Regional Unit,east-attica-regional-unit,Tychero,tychero
Greece,greece,GR,East Attica Regional Unit,east-attica-regional-unit,Volakas,volakas
Greece,greece,GR,East Attica Regional Unit,east-attica-regional-unit,Xanthi,xanthi
Greece,greece,GR,East Attica Regional Unit,east-attica-regional-unit,Xiropotamos,xiropotamos
Greece,greece,GR,East Attica Regional Unit,east-attica-regional-unit,Xylagani,xylagani
Greece,greece,GR,East Attica Regional Unit,east-attica-regional-unit,Zygos,zygos
Greece,greece,GR,East Macedonia and Thrace,east-macedonia-and-thrace,East Macedonia and Thrace,east-macedonia-and-thrace
Greece,greece,GR,Epirus Region,epirus-region,Agia Kyriaki,agia-kyriaki
Greece,greece,GR,Epirus Region,epirus-region,Anatoli,anatoli
Greece,greece,GR,Epirus Region,epirus-region,Aneza,aneza
Greece,greece,GR,Epirus Region,epirus-region,Ano Kalentini,ano-kalentini
Greece,greece,GR,Epirus Region,epirus-region,Arta,arta
Greece,greece,GR,Epirus Region,epirus-region,Asprangeloi,asprangeloi
Greece,greece,GR,Epirus Region,epirus-region,Chalkiades,chalkiades
Greece,greece,GR,Epirus Region,epirus-region,Eksochi,eksochi
Greece,greece,GR,Epirus Region,epirus-region,Eleousa,eleousa
Greece,greece,GR,Epirus Region,epirus-region,Filiates,filiates
Greece,greece,GR,Epirus Region,epirus-region,Filippiada,filippiada
Greece,greece,GR,Epirus Region,epirus-region,Graikochori,graikochori
Greece,greece,GR,Epirus Region,epirus-region,Grammenitsa,grammenitsa
Greece,greece,GR,Epirus Region,epirus-region,Igoumenitsa,igoumenitsa
Greece,greece,GR,Epirus Region,epirus-region,Ioannina,ioannina
Greece,greece,GR,Epirus Region,epirus-region,Kalamia,kalamia
Greece,greece,GR,Epirus Region,epirus-region,Kalpaki,kalpaki
Greece,greece,GR,Epirus Region,epirus-region,Kanalaki,kanalaki
Greece,greece,GR,Epirus Region,epirus-region,Kardamitsia,kardamitsia
Greece,greece,GR,Epirus Region,epirus-region,Katsikas,katsikas
Greece,greece,GR,Epirus Region,epirus-region,Kompoti,kompoti
Greece,greece,GR,Epirus Region,epirus-region,Konitsa,konitsa
Greece,greece,GR,Epirus Region,epirus-region,Kostakioi,kostakioi
Greece,greece,GR,Epirus Region,epirus-region,Koutselio,koutselio
Greece,greece,GR,Epirus Region,epirus-region,Louros,louros
Greece,greece,GR,Epirus Region,epirus-region,Metsovo,metsovo
Greece,greece,GR,Epirus Region,epirus-region,Nea Selefkeia,nea-selefkeia
Greece,greece,GR,Epirus Region,epirus-region,Neochori,neochori
Greece,greece,GR,Epirus Region,epirus-region,Neochoropoulo,neochoropoulo
Greece,greece,GR,Epirus Region,epirus-region,Neos Oropos,neos-oropos
Greece,greece,GR,Epirus Region,epirus-region,Nomos Ioanninon,nomos-ioanninon
Greece,greece,GR,Epirus Region,epirus-region,Pappadates,pappadates
Greece,greece,GR,Epirus Region,epirus-region,Paramythia,paramythia
Greece,greece,GR,Epirus Region,epirus-region,Parapotamos,parapotamos
Greece,greece,GR,Epirus Region,epirus-region,Parga,parga
Greece,greece,GR,Epirus Region,epirus-region,Pedini,pedini
Greece,greece,GR,Epirus Region,epirus-region,Perama,perama
Greece,greece,GR,Epirus Region,epirus-region,Perdika,perdika
Greece,greece,GR,Epirus Region,epirus-region,Peta,peta
Greece,greece,GR,Epirus Region,epirus-region,Plataria,plataria
Greece,greece,GR,Epirus Region,epirus-region,Pramanta,pramanta
Greece,greece,GR,Epirus Region,epirus-region,Preveza,preveza
Greece,greece,GR,Epirus Region,epirus-region,Rodotopi,rodotopi
Greece,greece,GR,Epirus Region,epirus-region,Stavraki,stavraki
Greece,greece,GR,Epirus Region,epirus-region,Thesprotiko,thesprotiko
Greece,greece,GR,Epirus Region,epirus-region,Tsiflikopoulo,tsiflikopoulo
Greece,greece,GR,Epirus Region,epirus-region,Voulgareli,voulgareli
Greece,greece,GR,Epirus Region,epirus-region,Vounoplagia,vounoplagia
Greece,greece,GR,Euboea,euboea,Euboea,euboea
Greece,greece,GR,Grevena Prefecture,grevena-prefecture,Grevena Prefecture,grevena-prefecture
Greece,greece,GR,Imathia Regional Unit,imathia-regional-unit,Imathia Regional Unit,imathia-regional-unit
Greece,greece,GR,Ioannina Regional Unit,ioannina-regional-unit,Ioannina Regional Unit,ioannina-regional-unit
Greece,greece,GR,Ionian Islands Region,ionian-islands-region,Acharavi,acharavi
Greece,greece,GR,Ionian Islands Region,ionian-islands-region,Agios Georgis,agios-georgis
Greece,greece,GR,Ionian Islands Region,ionian-islands-region,Agios Matthaios,agios-matthaios
Greece,greece,GR,Ionian Islands Region,ionian-islands-region,Alepou,alepou
Greece,greece,GR,Ionian Islands Region,ionian-islands-region,Ambelokipoi,ambelokipoi
Greece,greece,GR,Ionian Islands Region,ionian-islands-region,Argostolion,argostolion
Greece,greece,GR,Ionian Islands Region,ionian-islands-region,Corfu,corfu
Greece,greece,GR,Ionian Islands Region,ionian-islands-region,Gaios,gaios
Greece,greece,GR,Ionian Islands Region,ionian-islands-region,Gaitanion,gaitanion
Greece,greece,GR,Ionian Islands Region,ionian-islands-region,Ithaki,ithaki
Greece,greece,GR,Ionian Islands Region,ionian-islands-region,Kanali,kanali
Greece,greece,GR,Ionian Islands Region,ionian-islands-region,Katastarion,katastarion
Greece,greece,GR,Ionian Islands Region,ionian-islands-region,Kontokali,kontokali
Greece,greece,GR,Ionian Islands Region,ionian-islands-region,Kynopiastes,kynopiastes
Greece,greece,GR,Ionian Islands Region,ionian-islands-region,Lefkada,lefkada
Greece,greece,GR,Ionian Islands Region,ionian-islands-region,Lefkada,lefkada
Greece,greece,GR,Ionian Islands Region,ionian-islands-region,Lefkimmi,lefkimmi
Greece,greece,GR,Ionian Islands Region,ionian-islands-region,Lithakia,lithakia
Greece,greece,GR,Ionian Islands Region,ionian-islands-region,Lixouri,lixouri
Greece,greece,GR,Ionian Islands Region,ionian-islands-region,Mouzaki,mouzaki
Greece,greece,GR,Ionian Islands Region,ionian-islands-region,Nomos Kerkyras,nomos-kerkyras
Greece,greece,GR,Ionian Islands Region,ionian-islands-region,Nomos Zakynthou,nomos-zakynthou
Greece,greece,GR,Ionian Islands Region,ionian-islands-region,Perama,perama
Greece,greece,GR,Ionian Islands Region,ionian-islands-region,Perivoli,perivoli
Greece,greece,GR,Ionian Islands Region,ionian-islands-region,Poros,poros
Greece,greece,GR,Ionian Islands Region,ionian-islands-region,Potamos,potamos
Greece,greece,GR,Ionian Islands Region,ionian-islands-region,Sami,sami
Greece,greece,GR,Ionian Islands Region,ionian-islands-region,Valsamata,valsamata
Greece,greece,GR,Ionian Islands Region,ionian-islands-region,Vanaton,vanaton
Greece,greece,GR,Ionian Islands Region,ionian-islands-region,Viros,viros
Greece,greece,GR,Ionian Islands Region,ionian-islands-region,Zakynthos,zakynthos
Greece,greece,GR,Karditsa Regional Unit,karditsa-regional-unit,Karditsa Regional Unit,karditsa-regional-unit
Greece,greece,GR,Kastoria Regional Unit,kastoria-regional-unit,Kastoria Regional Unit,kastoria-regional-unit
Greece,greece,GR,Kefalonia Prefecture,kefalonia-prefecture,Agia Triada,agia-triada
Greece,greece,GR,Kefalonia Prefecture,kefalonia-prefecture,Agnantero,agnantero
Greece,greece,GR,Kefalonia Prefecture,kefalonia-prefecture,Anavra,anavra
Greece,greece,GR,Kefalonia Prefecture,kefalonia-prefecture,Anthiro,anthiro
Greece,greece,GR,Kefalonia Prefecture,kefalonia-prefecture,Artesiano,artesiano
Greece,greece,GR,Kefalonia Prefecture,kefalonia-prefecture,Itea,itea
Greece,greece,GR,Kefalonia Prefecture,kefalonia-prefecture,Kallifoni,kallifoni
Greece,greece,GR,Kefalonia Prefecture,kefalonia-prefecture,Kallithiro,kallithiro
Greece,greece,GR,Kefalonia Prefecture,kefalonia-prefecture,Karditsa,karditsa
Greece,greece,GR,Kefalonia Prefecture,kefalonia-prefecture,Karditsomagoula,karditsomagoula
Greece,greece,GR,Kefalonia Prefecture,kefalonia-prefecture,Karpochori,karpochori
Greece,greece,GR,Kefalonia Prefecture,kefalonia-prefecture,Magoula,magoula
Greece,greece,GR,Kefalonia Prefecture,kefalonia-prefecture,Makrychori,makrychori
Greece,greece,GR,Kefalonia Prefecture,kefalonia-prefecture,Mavrommati,mavrommati
Greece,greece,GR,Kefalonia Prefecture,kefalonia-prefecture,Mitropoli,mitropoli
Greece,greece,GR,Kefalonia Prefecture,kefalonia-prefecture,Morfovouni,morfovouni
Greece,greece,GR,Kefalonia Prefecture,kefalonia-prefecture,Mouzaki,mouzaki
Greece,greece,GR,Kefalonia Prefecture,kefalonia-prefecture,Palamas,palamas
Greece,greece,GR,Kefalonia Prefecture,kefalonia-prefecture,Proastio,proastio
Greece,greece,GR,Kefalonia Prefecture,kefalonia-prefecture,Sofades,sofades
Greece,greece,GR,Kilkis Regional Unit,kilkis-regional-unit,Kilkis Regional Unit,kilkis-regional-unit
Greece,greece,GR,Kozani Prefecture,kozani-prefecture,Kozani Prefecture,kozani-prefecture
Greece,greece,GR,Laconia,laconia,Laconia,laconia
Greece,greece,GR,Larissa Prefecture,larissa-prefecture,Larissa Prefecture,larissa-prefecture
Greece,greece,GR,Lefkada Regional Unit,lefkada-regional-unit,Agria,agria
Greece,greece,GR,Lefkada Regional Unit,lefkada-regional-unit,Alli Meria,alli-meria
Greece,greece,GR,Lefkada Regional Unit,lefkada-regional-unit,Almyros,almyros
Greece,greece,GR,Lefkada Regional Unit,lefkada-regional-unit,Anakasia,anakasia
Greece,greece,GR,Lefkada Regional Unit,lefkada-regional-unit,Ano Lekhonia,ano-lekhonia
Greece,greece,GR,Lefkada Regional Unit,lefkada-regional-unit,Argalasti,argalasti
Greece,greece,GR,Lefkada Regional Unit,lefkada-regional-unit,Evxinoupolis,evxinoupolis
Greece,greece,GR,Lefkada Regional Unit,lefkada-regional-unit,Kanalia,kanalia
Greece,greece,GR,Lefkada Regional Unit,lefkada-regional-unit,Kato Lekhonia,kato-lekhonia
Greece,greece,GR,Lefkada Regional Unit,lefkada-regional-unit,Nea Anchialos,nea-anchialos
Greece,greece,GR,Lefkada Regional Unit,lefkada-regional-unit,Nea Ionia,nea-ionia
Greece,greece,GR,Lefkada Regional Unit,lefkada-regional-unit,Patitirion,patitirion
Greece,greece,GR,Lefkada Regional Unit,lefkada-regional-unit,Portaria,portaria
Greece,greece,GR,Lefkada Regional Unit,lefkada-regional-unit,Pteleos,pteleos
Greece,greece,GR,Lefkada Regional Unit,lefkada-regional-unit,Rizomylos,rizomylos
Greece,greece,GR,Lefkada Regional Unit,lefkada-regional-unit,Skiathos,skiathos
Greece,greece,GR,Lefkada Regional Unit,lefkada-regional-unit,Skopelos,skopelos
Greece,greece,GR,Lefkada Regional Unit,lefkada-regional-unit,Sourpi,sourpi
Greece,greece,GR,Lefkada Regional Unit,lefkada-regional-unit,Stefanovikeio,stefanovikeio
Greece,greece,GR,Lefkada Regional Unit,lefkada-regional-unit,Trikeri,trikeri
Greece,greece,GR,Lefkada Regional Unit,lefkada-regional-unit,Velestino,velestino
Greece,greece,GR,Lefkada Regional Unit,lefkada-regional-unit,Volos,volos
Greece,greece,GR,Lefkada Regional Unit,lefkada-regional-unit,Zagora,zagora
Greece,greece,GR,Pella Regional Unit,pella-regional-unit,Pella Regional Unit,pella-regional-unit
Greece,greece,GR,Peloponnese Region,peloponnese-region,Agioi Theodoroi,agioi-theodoroi
Greece,greece,GR,Peloponnese Region,peloponnese-region,Agios Andreas,agios-andreas
Greece,greece,GR,Peloponnese Region,peloponnese-region,Arfara,arfara
Greece,greece,GR,Peloponnese Region,peloponnese-region,Argos,argos
Greece,greece,GR,Peloponnese Region,peloponnese-region,Aria,aria
Greece,greece,GR,Peloponnese Region,peloponnese-region,Aris,aris
Greece,greece,GR,Peloponnese Region,peloponnese-region,Arkhaia Korinthos,arkhaia-korinthos
Greece,greece,GR,Peloponnese Region,peloponnese-region,Asini,asini
Greece,greece,GR,Peloponnese Region,peloponnese-region,Asopos,asopos
Greece,greece,GR,Peloponnese Region,peloponnese-region,Assos,assos
Greece,greece,GR,Peloponnese Region,peloponnese-region,Astros,astros
Greece,greece,GR,Peloponnese Region,peloponnese-region,Athikia,athikia
Greece,greece,GR,Peloponnese Region,peloponnese-region,Ayia Trias,ayia-trias
Greece,greece,GR,Peloponnese Region,peloponnese-region,Ayios Adhrianos,ayios-adhrianos
Greece,greece,GR,Peloponnese Region,peloponnese-region,Ayios Vasilios,ayios-vasilios
Greece,greece,GR,Peloponnese Region,peloponnese-region,Chora,chora
Greece,greece,GR,Peloponnese Region,peloponnese-region,Didyma,didyma
Greece,greece,GR,Peloponnese Region,peloponnese-region,Dimitsana,dimitsana
Greece,greece,GR,Peloponnese Region,peloponnese-region,Drepanon,drepanon
Greece,greece,GR,Peloponnese Region,peloponnese-region,Ermioni,ermioni
Greece,greece,GR,Peloponnese Region,peloponnese-region,Examilia,examilia
Greece,greece,GR,Peloponnese Region,peloponnese-region,Filiatra,filiatra
Greece,greece,GR,Peloponnese Region,peloponnese-region,Gargalianoi,gargalianoi
Greece,greece,GR,Peloponnese Region,peloponnese-region,Gefyra,gefyra
Greece,greece,GR,Peloponnese Region,peloponnese-region,Geraki,geraki
Greece,greece,GR,Peloponnese Region,peloponnese-region,Gytheio,gytheio
Greece,greece,GR,Peloponnese Region,peloponnese-region,Isthmia,isthmia
Greece,greece,GR,Peloponnese Region,peloponnese-region,Kalamata,kalamata
Greece,greece,GR,Peloponnese Region,peloponnese-region,Kardamyli,kardamyli
Greece,greece,GR,Peloponnese Region,peloponnese-region,Karyes,karyes
Greece,greece,GR,Peloponnese Region,peloponnese-region,Kato Dhiminio,kato-dhiminio
Greece,greece,GR,Peloponnese Region,peloponnese-region,Kato Glykovrysi,kato-glykovrysi
Greece,greece,GR,Peloponnese Region,peloponnese-region,Khiliomodhi,khiliomodhi
Greece,greece,GR,Peloponnese Region,peloponnese-region,Kiato,kiato
Greece,greece,GR,Peloponnese Region,peloponnese-region,Koilas,koilas
Greece,greece,GR,Peloponnese Region,peloponnese-region,Kokkonion,kokkonion
Greece,greece,GR,Peloponnese Region,peloponnese-region,Kopanaki,kopanaki
Greece,greece,GR,Peloponnese Region,peloponnese-region,Korinthos,korinthos
Greece,greece,GR,Peloponnese Region,peloponnese-region,Koroni,koroni
Greece,greece,GR,Peloponnese Region,peloponnese-region,Koutsopodi,koutsopodi
Greece,greece,GR,Peloponnese Region,peloponnese-region,Kranidi,kranidi
Greece,greece,GR,Peloponnese Region,peloponnese-region,Krokees,krokees
Greece,greece,GR,Peloponnese Region,peloponnese-region,Kyparissia,kyparissia
Greece,greece,GR,Peloponnese Region,peloponnese-region,Kyras Vrysi,kyras-vrysi
Greece,greece,GR,Peloponnese Region,peloponnese-region,Langadhia,langadhia
Greece,greece,GR,Peloponnese Region,peloponnese-region,Lekhaio,lekhaio
Greece,greece,GR,Peloponnese Region,peloponnese-region,Leonidio,leonidio
Greece,greece,GR,Peloponnese Region,peloponnese-region,Levidion,levidion
Greece,greece,GR,Peloponnese Region,peloponnese-region,Ligourion,ligourion
Greece,greece,GR,Peloponnese Region,peloponnese-region,Loutra Oraias Elenis,loutra-oraias-elenis
Greece,greece,GR,Peloponnese Region,peloponnese-region,Loutraki,loutraki
Greece,greece,GR,Peloponnese Region,peloponnese-region,Magoula,magoula
Greece,greece,GR,Peloponnese Region,peloponnese-region,Megalopoli,megalopoli
Greece,greece,GR,Peloponnese Region,peloponnese-region,Meligalas,meligalas
Greece,greece,GR,Peloponnese Region,peloponnese-region,Messini,messini
Greece,greece,GR,Peloponnese Region,peloponnese-region,Methoni,methoni
Greece,greece,GR,Peloponnese Region,peloponnese-region,Molaoi,molaoi
Greece,greece,GR,Peloponnese Region,peloponnese-region,Moulki,moulki
Greece,greece,GR,Peloponnese Region,peloponnese-region,Nafplio,nafplio
Greece,greece,GR,Peloponnese Region,peloponnese-region,Nea Kios,nea-kios
Greece,greece,GR,Peloponnese Region,peloponnese-region,Nea Tirins,nea-tirins
Greece,greece,GR,Peloponnese Region,peloponnese-region,Nemea,nemea
Greece,greece,GR,Peloponnese Region,peloponnese-region,Nomos Arkadias,nomos-arkadias
Greece,greece,GR,Peloponnese Region,peloponnese-region,Palaia Epidavros,palaia-epidavros
Greece,greece,GR,Peloponnese Region,peloponnese-region,Paralia Vergas,paralia-vergas
Greece,greece,GR,Peloponnese Region,peloponnese-region,Pasion,pasion
Greece,greece,GR,Peloponnese Region,peloponnese-region,Perachora,perachora
Greece,greece,GR,Peloponnese Region,peloponnese-region,Periyiali,periyiali
Greece,greece,GR,Peloponnese Region,peloponnese-region,Porto Cheli,porto-cheli
Greece,greece,GR,Peloponnese Region,peloponnese-region,Pylos,pylos
Greece,greece,GR,Peloponnese Region,peloponnese-region,Sikyon,sikyon
Greece,greece,GR,Peloponnese Region,peloponnese-region,Skala,skala
Greece,greece,GR,Peloponnese Region,peloponnese-region,Sofikon,sofikon
Greece,greece,GR,Peloponnese Region,peloponnese-region,Sparti,sparti
Greece,greece,GR,Peloponnese Region,peloponnese-region,Sperchogeia,sperchogeia
Greece,greece,GR,Peloponnese Region,peloponnese-region,Sykia,sykia
Greece,greece,GR,Peloponnese Region,peloponnese-region,Thouria,thouria
Greece,greece,GR,Peloponnese Region,peloponnese-region,Tolon,tolon
Greece,greece,GR,Peloponnese Region,peloponnese-region,Traganon,traganon
Greece,greece,GR,Peloponnese Region,peloponnese-region,Tripoli,tripoli
Greece,greece,GR,Peloponnese Region,peloponnese-region,Velo,velo
Greece,greece,GR,Peloponnese Region,peloponnese-region,Vlachiotis,vlachiotis
Greece,greece,GR,Peloponnese Region,peloponnese-region,Vlachopoulo,vlachopoulo
Greece,greece,GR,Peloponnese Region,peloponnese-region,Vokhaiko,vokhaiko
Greece,greece,GR,Peloponnese Region,peloponnese-region,Vrakhati,vrakhati
Greece,greece,GR,Peloponnese Region,peloponnese-region,Xylokastro,xylokastro
Greece,greece,GR,Peloponnese Region,peloponnese-region,Zevgolateio,zevgolateio
Greece,greece,GR,Phthiotis Prefecture,phthiotis-prefecture,Phthiotis Prefecture,phthiotis-prefecture
Greece,greece,GR,Preveza Prefecture,preveza-prefecture,Preveza Prefecture,preveza-prefecture
Greece,greece,GR,Serres Prefecture,serres-prefecture,Serres Prefecture,serres-prefecture
Greece,greece,GR,South Aegean,south-aegean,Adamas,adamas
Greece,greece,GR,South Aegean,south-aegean,Afantou,afantou
Greece,greece,GR,South Aegean,south-aegean,Agia Marina,agia-marina
Greece,greece,GR,South Aegean,south-aegean,Amorgos,amorgos
Greece,greece,GR,South Aegean,south-aegean,Anafi,anafi
Greece,greece,GR,South Aegean,south-aegean,Andros,andros
Greece,greece,GR,South Aegean,south-aegean,Ano Mera,ano-mera
Greece,greece,GR,South Aegean,south-aegean,Ano Syros,ano-syros
Greece,greece,GR,South Aegean,south-aegean,Antimacheia,antimacheia
Greece,greece,GR,South Aegean,south-aegean,Antiparos,antiparos
Greece,greece,GR,South Aegean,south-aegean,Archangelos,archangelos
Greece,greece,GR,South Aegean,south-aegean,Astypalaia,astypalaia
Greece,greece,GR,South Aegean,south-aegean,Chalki,chalki
Greece,greece,GR,South Aegean,south-aegean,Emponas,emponas
Greece,greece,GR,South Aegean,south-aegean,Emporeio,emporeio
Greece,greece,GR,South Aegean,south-aegean,Ermoupolis,ermoupolis
Greece,greece,GR,South Aegean,south-aegean,Faliraki,faliraki
Greece,greece,GR,South Aegean,south-aegean,Filotion,filotion
Greece,greece,GR,South Aegean,south-aegean,Fira,fira
Greece,greece,GR,South Aegean,south-aegean,Folegandros,folegandros
Greece,greece,GR,South Aegean,south-aegean,Fry,fry
Greece,greece,GR,South Aegean,south-aegean,Ialysos,ialysos
Greece,greece,GR,South Aegean,south-aegean,Ios,ios
Greece,greece,GR,South Aegean,south-aegean,Kalymnos,kalymnos
Greece,greece,GR,South Aegean,south-aegean,Kardamaina,kardamaina
Greece,greece,GR,South Aegean,south-aegean,Karpathos,karpathos
Greece,greece,GR,South Aegean,south-aegean,Kefalos,kefalos
Greece,greece,GR,South Aegean,south-aegean,Kimolos,kimolos
Greece,greece,GR,South Aegean,south-aegean,Kos,kos
Greece,greece,GR,South Aegean,south-aegean,Kremasti,kremasti
Greece,greece,GR,South Aegean,south-aegean,Kythnos,kythnos
Greece,greece,GR,South Aegean,south-aegean,Lakki,lakki
Greece,greece,GR,South Aegean,south-aegean,Lardos,lardos
Greece,greece,GR,South Aegean,south-aegean,Mandraki,mandraki
Greece,greece,GR,South Aegean,south-aegean,Megalo Chorio,megalo-chorio
Greece,greece,GR,South Aegean,south-aegean,Megisti,megisti
Greece,greece,GR,South Aegean,south-aegean,Mesaria,mesaria
Greece,greece,GR,South Aegean,south-aegean,Milos,milos
Greece,greece,GR,South Aegean,south-aegean,Mykonos,mykonos
Greece,greece,GR,South Aegean,south-aegean,Naousa,naousa
Greece,greece,GR,South Aegean,south-aegean,Naxos,naxos
Greece,greece,GR,South Aegean,south-aegean,Nomos Kykladon,nomos-kykladon
Greece,greece,GR,South Aegean,south-aegean,Oia,oia
Greece,greece,GR,South Aegean,south-aegean,Ornos,ornos
Greece,greece,GR,South Aegean,south-aegean,Panormos,panormos
Greece,greece,GR,South Aegean,south-aegean,Paros,paros
Greece,greece,GR,South Aegean,south-aegean,Patmos,patmos
Greece,greece,GR,South Aegean,south-aegean,Pyli,pyli
Greece,greece,GR,South Aegean,south-aegean,Rodos,rodos
Greece,greece,GR,South Aegean,south-aegean,Serifos,serifos
Greece,greece,GR,South Aegean,south-aegean,Skala,skala
Greece,greece,GR,South Aegean,south-aegean,Symi,symi
Greece,greece,GR,South Aegean,south-aegean,Tinos,tinos
Greece,greece,GR,South Aegean,south-aegean,Vari,vari
Greece,greece,GR,South Aegean,south-aegean,Zipari,zipari
Greece,greece,GR,Thessaloniki Regional Unit,thessaloniki-regional-unit,Thessaloniki Regional Unit,thessaloniki-regional-unit
Greece,greece,GR,West Greece Region,west-greece-region,Agrinio,agrinio
Greece,greece,GR,West Greece Region,west-greece-region,Aigio,aigio
Greece,greece,GR,West Greece Region,west-greece-region,Aitoliko,aitoliko
Greece,greece,GR,West Greece Region,west-greece-region,Aiyira,aiyira
Greece,greece,GR,West Greece Region,west-greece-region,Akrata,akrata
Greece,greece,GR,West Greece Region,west-greece-region,Aktaio,aktaio
Greece,greece,GR,West Greece Region,west-greece-region,Alfeiousa,alfeiousa
Greece,greece,GR,West Greece Region,west-greece-region,Amaliada,amaliada
Greece,greece,GR,West Greece Region,west-greece-region,Amfilochia,amfilochia
Greece,greece,GR,West Greece Region,west-greece-region,Andravida,andravida
Greece,greece,GR,West Greece Region,west-greece-region,Angelokastro,angelokastro
Greece,greece,GR,West Greece Region,west-greece-region,Ano Kastritsi,ano-kastritsi
Greece,greece,GR,West Greece Region,west-greece-region,Antirrio,antirrio
Greece,greece,GR,West Greece Region,west-greece-region,Archaia Olympia,archaia-olympia
Greece,greece,GR,West Greece Region,west-greece-region,Archontochori,archontochori
Greece,greece,GR,West Greece Region,west-greece-region,Arkoudi,arkoudi
Greece,greece,GR,West Greece Region,west-greece-region,Astakos,astakos
Greece,greece,GR,West Greece Region,west-greece-region,Ayios Konstandinos,ayios-konstandinos
Greece,greece,GR,West Greece Region,west-greece-region,Chalandritsa,chalandritsa
Greece,greece,GR,West Greece Region,west-greece-region,Chavari,chavari
Greece,greece,GR,West Greece Region,west-greece-region,Dhokimion,dhokimion
Greece,greece,GR,West Greece Region,west-greece-region,Epitalio,epitalio
Greece,greece,GR,West Greece Region,west-greece-region,Fyteies,fyteies
Greece,greece,GR,West Greece Region,west-greece-region,Galatas,galatas
Greece,greece,GR,West Greece Region,west-greece-region,Gastouni,gastouni
Greece,greece,GR,West Greece Region,west-greece-region,Gavalou,gavalou
Greece,greece,GR,West Greece Region,west-greece-region,Goumero,goumero
Greece,greece,GR,West Greece Region,west-greece-region,Kainouryion,kainouryion
Greece,greece,GR,West Greece Region,west-greece-region,Kalavryta,kalavryta
Greece,greece,GR,West Greece Region,west-greece-region,Kamarai,kamarai
Greece,greece,GR,West Greece Region,west-greece-region,Kandila,kandila
Greece,greece,GR,West Greece Region,west-greece-region,Karatoula,karatoula
Greece,greece,GR,West Greece Region,west-greece-region,Kardamas,kardamas
Greece,greece,GR,West Greece Region,west-greece-region,Kato Achaia,kato-achaia
Greece,greece,GR,West Greece Region,west-greece-region,Kato Mazaraki,kato-mazaraki
Greece,greece,GR,West Greece Region,west-greece-region,Katochi,katochi
Greece,greece,GR,West Greece Region,west-greece-region,Katouna,katouna
Greece,greece,GR,West Greece Region,west-greece-region,Kavasila,kavasila
Greece,greece,GR,West Greece Region,west-greece-region,Krestena,krestena
Greece,greece,GR,West Greece Region,west-greece-region,Krikellos,krikellos
Greece,greece,GR,West Greece Region,west-greece-region,Kyllini,kyllini
Greece,greece,GR,West Greece Region,west-greece-region,Lalas,lalas
Greece,greece,GR,West Greece Region,west-greece-region,Lapas,lapas
Greece,greece,GR,West Greece Region,west-greece-region,Lechaina,lechaina
Greece,greece,GR,West Greece Region,west-greece-region,Lepenou,lepenou
Greece,greece,GR,West Greece Region,west-greece-region,Limnokhorion,limnokhorion
Greece,greece,GR,West Greece Region,west-greece-region,Makrisia,makrisia
Greece,greece,GR,West Greece Region,west-greece-region,Manolada,manolada
Greece,greece,GR,West Greece Region,west-greece-region,Mataranga,mataranga
Greece,greece,GR,West Greece Region,west-greece-region,Megali Khora,megali-khora
Greece,greece,GR,West Greece Region,west-greece-region,Menidi,menidi
Greece,greece,GR,West Greece Region,west-greece-region,Mesolongi,mesolongi
Greece,greece,GR,West Greece Region,west-greece-region,Mindiloglion,mindiloglion
Greece,greece,GR,West Greece Region,west-greece-region,Monastiraki,monastiraki
Greece,greece,GR,West Greece Region,west-greece-region,Myrsini,myrsini
Greece,greece,GR,West Greece Region,west-greece-region,Nafpaktos,nafpaktos
Greece,greece,GR,West Greece Region,west-greece-region,Nea Manolada,nea-manolada
Greece,greece,GR,West Greece Region,west-greece-region,Neapolis,neapolis
Greece,greece,GR,West Greece Region,west-greece-region,Neochori,neochori
Greece,greece,GR,West Greece Region,west-greece-region,Neochorion,neochorion
Greece,greece,GR,West Greece Region,west-greece-region,Nomos Achaias,nomos-achaias
Greece,greece,GR,West Greece Region,west-greece-region,Nomos Aitolias kai Akarnanias,nomos-aitolias-kai-akarnanias
Greece,greece,GR,West Greece Region,west-greece-region,Nomos Ileias,nomos-ileias
Greece,greece,GR,West Greece Region,west-greece-region,Ovria,ovria
Greece,greece,GR,West Greece Region,west-greece-region,Palairos,palairos
Greece,greece,GR,West Greece Region,west-greece-region,Panaitolion,panaitolion
Greece,greece,GR,West Greece Region,west-greece-region,Pappadhatai,pappadhatai
Greece,greece,GR,West Greece Region,west-greece-region,Paralia,paralia
Greece,greece,GR,West Greece Region,west-greece-region,Paravola,paravola
Greece,greece,GR,West Greece Region,west-greece-region,Patra,patra
Greece,greece,GR,West Greece Region,west-greece-region,Pelopi,pelopi
Greece,greece,GR,West Greece Region,west-greece-region,Platanos,platanos
Greece,greece,GR,West Greece Region,west-greece-region,Pyrgos,pyrgos
Greece,greece,GR,West Greece Region,west-greece-region,Rio,rio
Greece,greece,GR,West Greece Region,west-greece-region,Rododafni,rododafni
Greece,greece,GR,West Greece Region,west-greece-region,Royitika,royitika
Greece,greece,GR,West Greece Region,west-greece-region,Sardinia,sardinia
Greece,greece,GR,West Greece Region,west-greece-region,Savalia,savalia
Greece,greece,GR,West Greece Region,west-greece-region,Stanos,stanos
Greece,greece,GR,West Greece Region,west-greece-region,Sylivainiotika,sylivainiotika
Greece,greece,GR,West Greece Region,west-greece-region,Synoikismos Chavariou,synoikismos-chavariou
Greece,greece,GR,West Greece Region,west-greece-region,Temeni,temeni
Greece,greece,GR,West Greece Region,west-greece-region,Thermo,thermo
Greece,greece,GR,West Greece Region,west-greece-region,Triandaiika,triandaiika
Greece,greece,GR,West Greece Region,west-greece-region,Varda,varda
Greece,greece,GR,West Greece Region,west-greece-region,Vartholomio,vartholomio
Greece,greece,GR,West Greece Region,west-greece-region,Varvasaina,varvasaina
Greece,greece,GR,West Greece Region,west-greece-region,Vonitsa,vonitsa
Greece,greece,GR,West Greece Region,west-greece-region,Vrachnaiika,vrachnaiika
Greece,greece,GR,West Greece Region,west-greece-region,Zacharo,zacharo
Greece,greece,GR,West Macedonia Region,west-macedonia-region,Aiani,aiani
Greece,greece,GR,West Macedonia Region,west-macedonia-region,Akrini,akrini
Greece,greece,GR,West Macedonia Region,west-macedonia-region,Ammochori,ammochori
Greece,greece,GR,West Macedonia Region,west-macedonia-region,Amyntaio,amyntaio
Greece,greece,GR,West Macedonia Region,west-macedonia-region,Anarachi,anarachi
Greece,greece,GR,West Macedonia Region,west-macedonia-region,Ano Komi,ano-komi
Greece,greece,GR,West Macedonia Region,west-macedonia-region,Argos Orestiko,argos-orestiko
Greece,greece,GR,West Macedonia Region,west-macedonia-region,Chloi,chloi
Greece,greece,GR,West Macedonia Region,west-macedonia-region,Deskati,deskati
Greece,greece,GR,West Macedonia Region,west-macedonia-region,Emporio,emporio
Greece,greece,GR,West Macedonia Region,west-macedonia-region,Eratyra,eratyra
Greece,greece,GR,West Macedonia Region,west-macedonia-region,Filotas,filotas
Greece,greece,GR,West Macedonia Region,west-macedonia-region,Florina,florina
Greece,greece,GR,West Macedonia Region,west-macedonia-region,Galatini,galatini
Greece,greece,GR,West Macedonia Region,west-macedonia-region,Grevena,grevena
Greece,greece,GR,West Macedonia Region,west-macedonia-region,Kastoria,kastoria
Greece,greece,GR,West Macedonia Region,west-macedonia-region,Kleitos,kleitos
Greece,greece,GR,West Macedonia Region,west-macedonia-region,Koila,koila
Greece,greece,GR,West Macedonia Region,west-macedonia-region,Komnina,komnina
Greece,greece,GR,West Macedonia Region,west-macedonia-region,Kozani,kozani
Greece,greece,GR,West Macedonia Region,west-macedonia-region,Krokos,krokos
Greece,greece,GR,West Macedonia Region,west-macedonia-region,Laimos,laimos
Greece,greece,GR,West Macedonia Region,west-macedonia-region,Lechovo,lechovo
Greece,greece,GR,West Macedonia Region,west-macedonia-region,Livadero,livadero
Greece,greece,GR,West Macedonia Region,west-macedonia-region,Maniakoi,maniakoi
Greece,greece,GR,West Macedonia Region,west-macedonia-region,Mavrochori,mavrochori
Greece,greece,GR,West Macedonia Region,west-macedonia-region,Meliti,meliti
Greece,greece,GR,West Macedonia Region,west-macedonia-region,Mesopotamia,mesopotamia
Greece,greece,GR,West Macedonia Region,west-macedonia-region,Nea Lava,nea-lava
Greece,greece,GR,West Macedonia Region,west-macedonia-region,Nestorio,nestorio
Greece,greece,GR,West Macedonia Region,west-macedonia-region,Nomos Kozanis,nomos-kozanis
Greece,greece,GR,West Macedonia Region,west-macedonia-region,Platanorevma,platanorevma
Greece,greece,GR,West Macedonia Region,west-macedonia-region,Ptolemaida,ptolemaida
Greece,greece,GR,West Macedonia Region,west-macedonia-region,Servia,servia
Greece,greece,GR,West Macedonia Region,west-macedonia-region,Siatista,siatista
Greece,greece,GR,West Macedonia Region,west-macedonia-region,Tsotili,tsotili
Greece,greece,GR,West Macedonia Region,west-macedonia-region,Velventos,velventos
Greece,greece,GR,West Macedonia Region,west-macedonia-region,Xino Nero,xino-nero
