s_country_name,s_country_slug,s_country_code_iso2,s_region_name,s_region_slug,s_city_name,s_city_slug
Indonesia,indonesia,ID,Aceh,aceh,Banda Aceh,banda-aceh
Indonesia,indonesia,ID,Aceh,aceh,Bireun,bireun
Indonesia,indonesia,ID,Aceh,aceh,Kabupaten Aceh Barat,kabupaten-aceh-barat
Indonesia,indonesia,ID,Aceh,aceh,Kabupaten Aceh Barat Daya,kabupaten-aceh-barat-daya
Indonesia,indonesia,ID,Aceh,aceh,Kabupaten Aceh Besar,kabupaten-aceh-besar
Indonesia,indonesia,ID,Aceh,aceh,Kabupaten Aceh Jaya,kabupaten-aceh-jaya
Indonesia,indonesia,ID,Aceh,aceh,Kabupaten Aceh Selatan,kabupaten-aceh-selatan
Indonesia,indonesia,ID,Aceh,aceh,Kabupaten Aceh Singkil,kabupaten-aceh-singkil
Indonesia,indonesia,ID,Aceh,aceh,Kabupaten Aceh Tamiang,kabupaten-aceh-tamiang
Indonesia,indonesia,ID,Aceh,aceh,Kabupaten Aceh Tengah,kabupaten-aceh-tengah
Indonesia,indonesia,ID,Aceh,aceh,Kabupaten Aceh Tenggara,kabupaten-aceh-tenggara
Indonesia,indonesia,ID,Aceh,aceh,Kabupaten Aceh Timur,kabupaten-aceh-timur
Indonesia,indonesia,ID,Aceh,aceh,Kabupaten Aceh Utara,kabupaten-aceh-utara
Indonesia,indonesia,ID,Aceh,aceh,Kabupaten Bener Meriah,kabupaten-bener-meriah
Indonesia,indonesia,ID,Aceh,aceh,Kabupaten Bireuen,kabupaten-bireuen
Indonesia,indonesia,ID,Aceh,aceh,Kabupaten Gayo Lues,kabupaten-gayo-lues
Indonesia,indonesia,ID,Aceh,aceh,Kabupaten Nagan Raya,kabupaten-nagan-raya
Indonesia,indonesia,ID,Aceh,aceh,Kabupaten Pidie,kabupaten-pidie
Indonesia,indonesia,ID,Aceh,aceh,Kabupaten Simeulue,kabupaten-simeulue
Indonesia,indonesia,ID,Aceh,aceh,Kota Banda Aceh,kota-banda-aceh
Indonesia,indonesia,ID,Aceh,aceh,Kota Langsa,kota-langsa
Indonesia,indonesia,ID,Aceh,aceh,Kota Lhokseumawe,kota-lhokseumawe
Indonesia,indonesia,ID,Aceh,aceh,Kota Sabang,kota-sabang
Indonesia,indonesia,ID,Aceh,aceh,Kota Subulussalam,kota-subulussalam
Indonesia,indonesia,ID,Aceh,aceh,Langsa,langsa
Indonesia,indonesia,ID,Aceh,aceh,Lhokseumawe,lhokseumawe
Indonesia,indonesia,ID,Aceh,aceh,Meulaboh,meulaboh
Indonesia,indonesia,ID,Aceh,aceh,Reuleuet,reuleuet
Indonesia,indonesia,ID,Aceh,aceh,Sabang,sabang
Indonesia,indonesia,ID,Aceh,aceh,Sigli,sigli
Indonesia,indonesia,ID,Aceh,aceh,Sinabang,sinabang
Indonesia,indonesia,ID,Aceh,aceh,Singkil,singkil
Indonesia,indonesia,ID,Bali,bali,Amlapura,amlapura
Indonesia,indonesia,ID,Bali,bali,Amlapura city,amlapura-city
Indonesia,indonesia,ID,Bali,bali,Banjar,banjar
Indonesia,indonesia,ID,Bali,bali,Banjar Wangsian,banjar-wangsian
Indonesia,indonesia,ID,Bali,bali,Bedugul,bedugul
Indonesia,indonesia,ID,Bali,bali,Denpasar,denpasar
Indonesia,indonesia,ID,Bali,bali,Jimbaran,jimbaran
Indonesia,indonesia,ID,Bali,bali,Kabupaten Badung,kabupaten-badung
Indonesia,indonesia,ID,Bali,bali,Kabupaten Bangli,kabupaten-bangli
Indonesia,indonesia,ID,Bali,bali,Kabupaten Buleleng,kabupaten-buleleng
Indonesia,indonesia,ID,Bali,bali,Kabupaten Gianyar,kabupaten-gianyar
Indonesia,indonesia,ID,Bali,bali,Kabupaten Jembrana,kabupaten-jembrana
Indonesia,indonesia,ID,Bali,bali,Kabupaten Karang Asem,kabupaten-karang-asem
Indonesia,indonesia,ID,Bali,bali,Kabupaten Klungkung,kabupaten-klungkung
Indonesia,indonesia,ID,Bali,bali,Kabupaten Tabanan,kabupaten-tabanan
Indonesia,indonesia,ID,Bali,bali,Klungkung,klungkung
Indonesia,indonesia,ID,Bali,bali,Kota Denpasar,kota-denpasar
Indonesia,indonesia,ID,Bali,bali,Kuta,kuta
Indonesia,indonesia,ID,Bali,bali,Legian,legian
Indonesia,indonesia,ID,Bali,bali,Lovina,lovina
Indonesia,indonesia,ID,Bali,bali,Munduk,munduk
Indonesia,indonesia,ID,Bali,bali,Negara,negara
Indonesia,indonesia,ID,Bali,bali,Nusa Dua,nusa-dua
Indonesia,indonesia,ID,Bali,bali,Seririt,seririt
Indonesia,indonesia,ID,Bali,bali,Singaraja,singaraja
Indonesia,indonesia,ID,Bali,bali,Tabanan,tabanan
Indonesia,indonesia,ID,Bali,bali,Ubud,ubud
Indonesia,indonesia,ID,Bangka Belitung Islands,bangka-belitung-islands,Kabupaten Bangka,kabupaten-bangka
Indonesia,indonesia,ID,Bangka Belitung Islands,bangka-belitung-islands,Kabupaten Bangka Barat,kabupaten-bangka-barat
Indonesia,indonesia,ID,Bangka Belitung Islands,bangka-belitung-islands,Kabupaten Bangka Selatan,kabupaten-bangka-selatan
Indonesia,indonesia,ID,Bangka Belitung Islands,bangka-belitung-islands,Kabupaten Bangka Tengah,kabupaten-bangka-tengah
Indonesia,indonesia,ID,Bangka Belitung Islands,bangka-belitung-islands,Kabupaten Belitung,kabupaten-belitung
Indonesia,indonesia,ID,Bangka Belitung Islands,bangka-belitung-islands,Kabupaten Belitung Timur,kabupaten-belitung-timur
Indonesia,indonesia,ID,Bangka Belitung Islands,bangka-belitung-islands,Kota Pangkal Pinang,kota-pangkal-pinang
Indonesia,indonesia,ID,Bangka Belitung Islands,bangka-belitung-islands,Manggar,manggar
Indonesia,indonesia,ID,Bangka Belitung Islands,bangka-belitung-islands,Muntok,muntok
Indonesia,indonesia,ID,Bangka Belitung Islands,bangka-belitung-islands,Pangkalpinang,pangkalpinang
Indonesia,indonesia,ID,Bangka Belitung Islands,bangka-belitung-islands,Sungailiat,sungailiat
Indonesia,indonesia,ID,Bangka Belitung Islands,bangka-belitung-islands,Tanjung Pandan,tanjung-pandan
Indonesia,indonesia,ID,Banten,banten,Curug,curug
Indonesia,indonesia,ID,Banten,banten,Kabupaten Lebak,kabupaten-lebak
Indonesia,indonesia,ID,Banten,banten,Kabupaten Pandeglang,kabupaten-pandeglang
Indonesia,indonesia,ID,Banten,banten,Kabupaten Serang,kabupaten-serang
Indonesia,indonesia,ID,Banten,banten,Kabupaten Tangerang,kabupaten-tangerang
Indonesia,indonesia,ID,Banten,banten,Kota Cilegon,kota-cilegon
Indonesia,indonesia,ID,Banten,banten,Kota Serang,kota-serang
Indonesia,indonesia,ID,Banten,banten,Kota Tangerang,kota-tangerang
Indonesia,indonesia,ID,Banten,banten,Kota Tangerang Selatan,kota-tangerang-selatan
Indonesia,indonesia,ID,Banten,banten,Labuan,labuan
Indonesia,indonesia,ID,Banten,banten,Pandeglang,pandeglang
Indonesia,indonesia,ID,Banten,banten,Rangkasbitung,rangkasbitung
Indonesia,indonesia,ID,Banten,banten,Serang,serang
Indonesia,indonesia,ID,Banten,banten,South Tangerang,south-tangerang
Indonesia,indonesia,ID,Banten,banten,Tangerang,tangerang
Indonesia,indonesia,ID,Bengkulu,bengkulu,Bengkulu,bengkulu
Indonesia,indonesia,ID,Bengkulu,bengkulu,Curup,curup
Indonesia,indonesia,ID,Bengkulu,bengkulu,Kabupaten Bengkulu Selatan,kabupaten-bengkulu-selatan
Indonesia,indonesia,ID,Bengkulu,bengkulu,Kabupaten Bengkulu Tengah,kabupaten-bengkulu-tengah
Indonesia,indonesia,ID,Bengkulu,bengkulu,Kabupaten Bengkulu Utara,kabupaten-bengkulu-utara
Indonesia,indonesia,ID,Bengkulu,bengkulu,Kabupaten Kaur,kabupaten-kaur
Indonesia,indonesia,ID,Bengkulu,bengkulu,Kabupaten Kepahiang,kabupaten-kepahiang
Indonesia,indonesia,ID,Bengkulu,bengkulu,Kabupaten Lebong,kabupaten-lebong
Indonesia,indonesia,ID,Bengkulu,bengkulu,Kabupaten Mukomuko,kabupaten-mukomuko
Indonesia,indonesia,ID,Bengkulu,bengkulu,Kabupaten Rejang Lebong,kabupaten-rejang-lebong
Indonesia,indonesia,ID,Bengkulu,bengkulu,Kabupaten Seluma,kabupaten-seluma
Indonesia,indonesia,ID,Bengkulu,bengkulu,Kota Bengkulu,kota-bengkulu
Indonesia,indonesia,ID,Central Java,central-java,Adiwerna,adiwerna
Indonesia,indonesia,ID,Central Java,central-java,Ambarawa,ambarawa
Indonesia,indonesia,ID,Central Java,central-java,Baekrajan,baekrajan
Indonesia,indonesia,ID,Central Java,central-java,Baki,baki
Indonesia,indonesia,ID,Central Java,central-java,Balapulang,balapulang
Indonesia,indonesia,ID,Central Java,central-java,Banyumas,banyumas
Indonesia,indonesia,ID,Central Java,central-java,Batang,batang
Indonesia,indonesia,ID,Central Java,central-java,Baturaden,baturaden
Indonesia,indonesia,ID,Central Java,central-java,Blora,blora
Indonesia,indonesia,ID,Central Java,central-java,Boyolali,boyolali
Indonesia,indonesia,ID,Central Java,central-java,Buaran,buaran
Indonesia,indonesia,ID,Central Java,central-java,Bulakamba,bulakamba
Indonesia,indonesia,ID,Central Java,central-java,Candi Prambanan,candi-prambanan
Indonesia,indonesia,ID,Central Java,central-java,Ceper,ceper
Indonesia,indonesia,ID,Central Java,central-java,Cepu,cepu
Indonesia,indonesia,ID,Central Java,central-java,Colomadu,colomadu
Indonesia,indonesia,ID,Central Java,central-java,Comal,comal
Indonesia,indonesia,ID,Central Java,central-java,Delanggu,delanggu
Indonesia,indonesia,ID,Central Java,central-java,Demak,demak
Indonesia,indonesia,ID,Central Java,central-java,Dukuhturi,dukuhturi
Indonesia,indonesia,ID,Central Java,central-java,Gatak,gatak
Indonesia,indonesia,ID,Central Java,central-java,Gebog,gebog
Indonesia,indonesia,ID,Central Java,central-java,Gombong,gombong
Indonesia,indonesia,ID,Central Java,central-java,Grogol,grogol
Indonesia,indonesia,ID,Central Java,central-java,Gunung Kendil,gunung-kendil
Indonesia,indonesia,ID,Central Java,central-java,Jaten,jaten
Indonesia,indonesia,ID,Central Java,central-java,Jatiroto,jatiroto
Indonesia,indonesia,ID,Central Java,central-java,Jekulo,jekulo
Indonesia,indonesia,ID,Central Java,central-java,Jogonalan,jogonalan
Indonesia,indonesia,ID,Central Java,central-java,Juwana,juwana
Indonesia,indonesia,ID,Central Java,central-java,Kabupaten Banjarnegara,kabupaten-banjarnegara
Indonesia,indonesia,ID,Central Java,central-java,Kabupaten Banyumas,kabupaten-banyumas
Indonesia,indonesia,ID,Central Java,central-java,Kabupaten Batang,kabupaten-batang
Indonesia,indonesia,ID,Central Java,central-java,Kabupaten Blora,kabupaten-blora
Indonesia,indonesia,ID,Central Java,central-java,Kabupaten Boyolali,kabupaten-boyolali
Indonesia,indonesia,ID,Central Java,central-java,Kabupaten Brebes,kabupaten-brebes
Indonesia,indonesia,ID,Central Java,central-java,Kabupaten Cilacap,kabupaten-cilacap
Indonesia,indonesia,ID,Central Java,central-java,Kabupaten Demak,kabupaten-demak
Indonesia,indonesia,ID,Central Java,central-java,Kabupaten Grobogan,kabupaten-grobogan
Indonesia,indonesia,ID,Central Java,central-java,Kabupaten Jepara,kabupaten-jepara
Indonesia,indonesia,ID,Central Java,central-java,Kabupaten Karanganyar,kabupaten-karanganyar
Indonesia,indonesia,ID,Central Java,central-java,Kabupaten Kebumen,kabupaten-kebumen
Indonesia,indonesia,ID,Central Java,central-java,Kabupaten Kendal,kabupaten-kendal
Indonesia,indonesia,ID,Central Java,central-java,Kabupaten Klaten,kabupaten-klaten
Indonesia,indonesia,ID,Central Java,central-java,Kabupaten Kudus,kabupaten-kudus
Indonesia,indonesia,ID,Central Java,central-java,Kabupaten Magelang,kabupaten-magelang
Indonesia,indonesia,ID,Central Java,central-java,Kabupaten Pati,kabupaten-pati
Indonesia,indonesia,ID,Central Java,central-java,Kabupaten Pekalongan,kabupaten-pekalongan
Indonesia,indonesia,ID,Central Java,central-java,Kabupaten Pemalang,kabupaten-pemalang
Indonesia,indonesia,ID,Central Java,central-java,Kabupaten Purbalingga,kabupaten-purbalingga
Indonesia,indonesia,ID,Central Java,central-java,Kabupaten Purworejo,kabupaten-purworejo
Indonesia,indonesia,ID,Central Java,central-java,Kabupaten Rembang,kabupaten-rembang
Indonesia,indonesia,ID,Central Java,central-java,Kabupaten Semarang,kabupaten-semarang
Indonesia,indonesia,ID,Central Java,central-java,Kabupaten Sragen,kabupaten-sragen
Indonesia,indonesia,ID,Central Java,central-java,Kabupaten Sukoharjo,kabupaten-sukoharjo
Indonesia,indonesia,ID,Central Java,central-java,Kabupaten Tegal,kabupaten-tegal
Indonesia,indonesia,ID,Central Java,central-java,Kabupaten Temanggung,kabupaten-temanggung
Indonesia,indonesia,ID,Central Java,central-java,Kabupaten Wonogiri,kabupaten-wonogiri
Indonesia,indonesia,ID,Central Java,central-java,Kabupaten Wonosobo,kabupaten-wonosobo
Indonesia,indonesia,ID,Central Java,central-java,Karanganom,karanganom
Indonesia,indonesia,ID,Central Java,central-java,Kartasura,kartasura
Indonesia,indonesia,ID,Central Java,central-java,Kebonarun,kebonarun
Indonesia,indonesia,ID,Central Java,central-java,Kedungwuni,kedungwuni
Indonesia,indonesia,ID,Central Java,central-java,Ketanggungan,ketanggungan
Indonesia,indonesia,ID,Central Java,central-java,Klaten,klaten
Indonesia,indonesia,ID,Central Java,central-java,Kota Magelang,kota-magelang
Indonesia,indonesia,ID,Central Java,central-java,Kota Pekalongan,kota-pekalongan
Indonesia,indonesia,ID,Central Java,central-java,Kota Salatiga,kota-salatiga
Indonesia,indonesia,ID,Central Java,central-java,Kota Semarang,kota-semarang
Indonesia,indonesia,ID,Central Java,central-java,Kota Surakarta,kota-surakarta
Indonesia,indonesia,ID,Central Java,central-java,Kota Tegal,kota-tegal
Indonesia,indonesia,ID,Central Java,central-java,Kroya,kroya
Indonesia,indonesia,ID,Central Java,central-java,Kudus,kudus
Indonesia,indonesia,ID,Central Java,central-java,Kutoarjo,kutoarjo
Indonesia,indonesia,ID,Central Java,central-java,Lasem,lasem
Indonesia,indonesia,ID,Central Java,central-java,Lebaksiu,lebaksiu
Indonesia,indonesia,ID,Central Java,central-java,Magelang,magelang
Indonesia,indonesia,ID,Central Java,central-java,Majenang,majenang
Indonesia,indonesia,ID,Central Java,central-java,Margasari,margasari
Indonesia,indonesia,ID,Central Java,central-java,Mertoyudan,mertoyudan
Indonesia,indonesia,ID,Central Java,central-java,Mlonggo,mlonggo
Indonesia,indonesia,ID,Central Java,central-java,Mranggen,mranggen
Indonesia,indonesia,ID,Central Java,central-java,Muntilan,muntilan
Indonesia,indonesia,ID,Central Java,central-java,Ngemplak,ngemplak
Indonesia,indonesia,ID,Central Java,central-java,Pati,pati
Indonesia,indonesia,ID,Central Java,central-java,Pecangaan,pecangaan
Indonesia,indonesia,ID,Central Java,central-java,Pekalongan,pekalongan
Indonesia,indonesia,ID,Central Java,central-java,Pemalang,pemalang
Indonesia,indonesia,ID,Central Java,central-java,Purbalingga,purbalingga
Indonesia,indonesia,ID,Central Java,central-java,Purwodadi,purwodadi
Indonesia,indonesia,ID,Central Java,central-java,Purwokerto,purwokerto
Indonesia,indonesia,ID,Central Java,central-java,Randudongkal,randudongkal
Indonesia,indonesia,ID,Central Java,central-java,Rembangan,rembangan
Indonesia,indonesia,ID,Central Java,central-java,Salatiga,salatiga
Indonesia,indonesia,ID,Central Java,central-java,Selogiri,selogiri
Indonesia,indonesia,ID,Central Java,central-java,Semarang,semarang
Indonesia,indonesia,ID,Central Java,central-java,Sidareja,sidareja
Indonesia,indonesia,ID,Central Java,central-java,Slawi,slawi
Indonesia,indonesia,ID,Central Java,central-java,Sokaraja,sokaraja
Indonesia,indonesia,ID,Central Java,central-java,Sragen,sragen
Indonesia,indonesia,ID,Central Java,central-java,Surakarta,surakarta
Indonesia,indonesia,ID,Central Java,central-java,Tarub,tarub
Indonesia,indonesia,ID,Central Java,central-java,Tayu,tayu
Indonesia,indonesia,ID,Central Java,central-java,Tegal,tegal
Indonesia,indonesia,ID,Central Java,central-java,Trucuk,trucuk
Indonesia,indonesia,ID,Central Java,central-java,Ungaran,ungaran
Indonesia,indonesia,ID,Central Java,central-java,Wangon,wangon
Indonesia,indonesia,ID,Central Java,central-java,Wedi,wedi
Indonesia,indonesia,ID,Central Java,central-java,Welahan,welahan
Indonesia,indonesia,ID,Central Java,central-java,Weleri,weleri
Indonesia,indonesia,ID,Central Java,central-java,Wiradesa,wiradesa
Indonesia,indonesia,ID,Central Java,central-java,Wonopringgo,wonopringgo
Indonesia,indonesia,ID,Central Java,central-java,Wonosobo,wonosobo
Indonesia,indonesia,ID,Central Kalimantan,central-kalimantan,Kabupaten Barito Selatan,kabupaten-barito-selatan
Indonesia,indonesia,ID,Central Kalimantan,central-kalimantan,Kabupaten Barito Timur,kabupaten-barito-timur
Indonesia,indonesia,ID,Central Kalimantan,central-kalimantan,Kabupaten Barito Utara,kabupaten-barito-utara
Indonesia,indonesia,ID,Central Kalimantan,central-kalimantan,Kabupaten Gunung Mas,kabupaten-gunung-mas
Indonesia,indonesia,ID,Central Kalimantan,central-kalimantan,Kabupaten Kapuas,kabupaten-kapuas
Indonesia,indonesia,ID,Central Kalimantan,central-kalimantan,Kabupaten Katingan,kabupaten-katingan
Indonesia,indonesia,ID,Central Kalimantan,central-kalimantan,Kabupaten Kotawaringin Barat,kabupaten-kotawaringin-barat
Indonesia,indonesia,ID,Central Kalimantan,central-kalimantan,Kabupaten Kotawaringin Timur,kabupaten-kotawaringin-timur
Indonesia,indonesia,ID,Central Kalimantan,central-kalimantan,Kabupaten Lamandau,kabupaten-lamandau
Indonesia,indonesia,ID,Central Kalimantan,central-kalimantan,Kabupaten Murung Raya,kabupaten-murung-raya
Indonesia,indonesia,ID,Central Kalimantan,central-kalimantan,Kabupaten Pulang Pisau,kabupaten-pulang-pisau
Indonesia,indonesia,ID,Central Kalimantan,central-kalimantan,Kabupaten Seruyan,kabupaten-seruyan
Indonesia,indonesia,ID,Central Kalimantan,central-kalimantan,Kabupaten Sukamara,kabupaten-sukamara
Indonesia,indonesia,ID,Central Kalimantan,central-kalimantan,Kota Palangka Raya,kota-palangka-raya
Indonesia,indonesia,ID,Central Kalimantan,central-kalimantan,Kualakapuas,kualakapuas
Indonesia,indonesia,ID,Central Kalimantan,central-kalimantan,Palangkaraya,palangkaraya
Indonesia,indonesia,ID,Central Kalimantan,central-kalimantan,Pangkalanbuun,pangkalanbuun
Indonesia,indonesia,ID,Central Kalimantan,central-kalimantan,Sampit,sampit
Indonesia,indonesia,ID,Central Sulawesi,central-sulawesi,Kabupaten Banggai,kabupaten-banggai
Indonesia,indonesia,ID,Central Sulawesi,central-sulawesi,Kabupaten Banggai Kepulauan,kabupaten-banggai-kepulauan
Indonesia,indonesia,ID,Central Sulawesi,central-sulawesi,Kabupaten Banggai Laut,kabupaten-banggai-laut
Indonesia,indonesia,ID,Central Sulawesi,central-sulawesi,Kabupaten Buol,kabupaten-buol
Indonesia,indonesia,ID,Central Sulawesi,central-sulawesi,Kabupaten Donggala,kabupaten-donggala
Indonesia,indonesia,ID,Central Sulawesi,central-sulawesi,Kabupaten Morowali Utara,kabupaten-morowali-utara
Indonesia,indonesia,ID,Central Sulawesi,central-sulawesi,Kabupaten Parigi Moutong,kabupaten-parigi-moutong
Indonesia,indonesia,ID,Central Sulawesi,central-sulawesi,Kabupaten Poso,kabupaten-poso
Indonesia,indonesia,ID,Central Sulawesi,central-sulawesi,Kabupaten Sigi,kabupaten-sigi
Indonesia,indonesia,ID,Central Sulawesi,central-sulawesi,Kabupaten Toli-Toli,kabupaten-toli-toli
Indonesia,indonesia,ID,Central Sulawesi,central-sulawesi,Kota Palu,kota-palu
Indonesia,indonesia,ID,Central Sulawesi,central-sulawesi,Luwuk,luwuk
Indonesia,indonesia,ID,Central Sulawesi,central-sulawesi,Morowali Regency,morowali-regency
Indonesia,indonesia,ID,Central Sulawesi,central-sulawesi,Palu,palu
Indonesia,indonesia,ID,Central Sulawesi,central-sulawesi,Poso,poso
Indonesia,indonesia,ID,Central Sulawesi,central-sulawesi,Tojo Una-Una Regency,tojo-una-una-regency
Indonesia,indonesia,ID,East Java,east-java,Babat,babat
Indonesia,indonesia,ID,East Java,east-java,Balung,balung
Indonesia,indonesia,ID,East Java,east-java,Bangil,bangil
Indonesia,indonesia,ID,East Java,east-java,Bangkalan,bangkalan
Indonesia,indonesia,ID,East Java,east-java,Banyuwangi,banyuwangi
Indonesia,indonesia,ID,East Java,east-java,Batu,batu
Indonesia,indonesia,ID,East Java,east-java,Besuki,besuki
Indonesia,indonesia,ID,East Java,east-java,Blitar,blitar
Indonesia,indonesia,ID,East Java,east-java,Bojonegoro,bojonegoro
Indonesia,indonesia,ID,East Java,east-java,Bondowoso,bondowoso
Indonesia,indonesia,ID,East Java,east-java,Boyolangu,boyolangu
Indonesia,indonesia,ID,East Java,east-java,Buduran,buduran
Indonesia,indonesia,ID,East Java,east-java,Dampit,dampit
Indonesia,indonesia,ID,East Java,east-java,Diwek,diwek
Indonesia,indonesia,ID,East Java,east-java,Driyorejo,driyorejo
Indonesia,indonesia,ID,East Java,east-java,Gambiran Satu,gambiran-satu
Indonesia,indonesia,ID,East Java,east-java,Gampengrejo,gampengrejo
Indonesia,indonesia,ID,East Java,east-java,Gedangan,gedangan
Indonesia,indonesia,ID,East Java,east-java,Genteng,genteng
Indonesia,indonesia,ID,East Java,east-java,Gongdanglegi Kulon,gongdanglegi-kulon
Indonesia,indonesia,ID,East Java,east-java,Gresik,gresik
Indonesia,indonesia,ID,East Java,east-java,Gresik Regency,gresik-regency
Indonesia,indonesia,ID,East Java,east-java,Jember,jember
Indonesia,indonesia,ID,East Java,east-java,Jombang,jombang
Indonesia,indonesia,ID,East Java,east-java,Kabupaten Bangkalan,kabupaten-bangkalan
Indonesia,indonesia,ID,East Java,east-java,Kabupaten Banyuwangi,kabupaten-banyuwangi
Indonesia,indonesia,ID,East Java,east-java,Kabupaten Blitar,kabupaten-blitar
Indonesia,indonesia,ID,East Java,east-java,Kabupaten Bojonegoro,kabupaten-bojonegoro
Indonesia,indonesia,ID,East Java,east-java,Kabupaten Bondowoso,kabupaten-bondowoso
Indonesia,indonesia,ID,East Java,east-java,Kabupaten Jember,kabupaten-jember
Indonesia,indonesia,ID,East Java,east-java,Kabupaten Jombang,kabupaten-jombang
Indonesia,indonesia,ID,East Java,east-java,Kabupaten Kediri,kabupaten-kediri
Indonesia,indonesia,ID,East Java,east-java,Kabupaten Lamongan,kabupaten-lamongan
Indonesia,indonesia,ID,East Java,east-java,Kabupaten Lumajang,kabupaten-lumajang
Indonesia,indonesia,ID,East Java,east-java,Kabupaten Madiun,kabupaten-madiun
Indonesia,indonesia,ID,East Java,east-java,Kabupaten Magetan,kabupaten-magetan
Indonesia,indonesia,ID,East Java,east-java,Kabupaten Malang,kabupaten-malang
Indonesia,indonesia,ID,East Java,east-java,Kabupaten Mojokerto,kabupaten-mojokerto
Indonesia,indonesia,ID,East Java,east-java,Kabupaten Nganjuk,kabupaten-nganjuk
Indonesia,indonesia,ID,East Java,east-java,Kabupaten Ngawi,kabupaten-ngawi
Indonesia,indonesia,ID,East Java,east-java,Kabupaten Pacitan,kabupaten-pacitan
Indonesia,indonesia,ID,East Java,east-java,Kabupaten Pamekasan,kabupaten-pamekasan
Indonesia,indonesia,ID,East Java,east-java,Kabupaten Pasuruan,kabupaten-pasuruan
Indonesia,indonesia,ID,East Java,east-java,Kabupaten Ponorogo,kabupaten-ponorogo
Indonesia,indonesia,ID,East Java,east-java,Kabupaten Probolinggo,kabupaten-probolinggo
Indonesia,indonesia,ID,East Java,east-java,Kabupaten Sampang,kabupaten-sampang
Indonesia,indonesia,ID,East Java,east-java,Kabupaten Sidoarjo,kabupaten-sidoarjo
Indonesia,indonesia,ID,East Java,east-java,Kabupaten Situbondo,kabupaten-situbondo
Indonesia,indonesia,ID,East Java,east-java,Kabupaten Sumenep,kabupaten-sumenep
Indonesia,indonesia,ID,East Java,east-java,Kabupaten Trenggalek,kabupaten-trenggalek
Indonesia,indonesia,ID,East Java,east-java,Kabupaten Tuban,kabupaten-tuban
Indonesia,indonesia,ID,East Java,east-java,Kabupaten Tulungagung,kabupaten-tulungagung
Indonesia,indonesia,ID,East Java,east-java,Kalianget,kalianget
Indonesia,indonesia,ID,East Java,east-java,Kamal,kamal
Indonesia,indonesia,ID,East Java,east-java,Kebomas,kebomas
Indonesia,indonesia,ID,East Java,east-java,Kediri,kediri
Indonesia,indonesia,ID,East Java,east-java,Kedungwaru,kedungwaru
Indonesia,indonesia,ID,East Java,east-java,Kencong,kencong
Indonesia,indonesia,ID,East Java,east-java,Kepanjen,kepanjen
Indonesia,indonesia,ID,East Java,east-java,Kertosono,kertosono
Indonesia,indonesia,ID,East Java,east-java,Kota Batu,kota-batu
Indonesia,indonesia,ID,East Java,east-java,Kota Blitar,kota-blitar
Indonesia,indonesia,ID,East Java,east-java,Kota Kediri,kota-kediri
Indonesia,indonesia,ID,East Java,east-java,Kota Madiun,kota-madiun
Indonesia,indonesia,ID,East Java,east-java,Kota Malang,kota-malang
Indonesia,indonesia,ID,East Java,east-java,Kota Mojokerto,kota-mojokerto
Indonesia,indonesia,ID,East Java,east-java,Kota Pasuruan,kota-pasuruan
Indonesia,indonesia,ID,East Java,east-java,Kota Probolinggo,kota-probolinggo
Indonesia,indonesia,ID,East Java,east-java,Kota Surabaya,kota-surabaya
Indonesia,indonesia,ID,East Java,east-java,Kraksaan,kraksaan
Indonesia,indonesia,ID,East Java,east-java,Krian,krian
Indonesia,indonesia,ID,East Java,east-java,Lamongan,lamongan
Indonesia,indonesia,ID,East Java,east-java,Lawang,lawang
Indonesia,indonesia,ID,East Java,east-java,Lumajang,lumajang
Indonesia,indonesia,ID,East Java,east-java,Madiun,madiun
Indonesia,indonesia,ID,East Java,east-java,Malang,malang
Indonesia,indonesia,ID,East Java,east-java,Mojoagung,mojoagung
Indonesia,indonesia,ID,East Java,east-java,Mojokerto,mojokerto
Indonesia,indonesia,ID,East Java,east-java,Muncar,muncar
Indonesia,indonesia,ID,East Java,east-java,Nganjuk,nganjuk
Indonesia,indonesia,ID,East Java,east-java,Ngoro,ngoro
Indonesia,indonesia,ID,East Java,east-java,Ngunut,ngunut
Indonesia,indonesia,ID,East Java,east-java,Paciran,paciran
Indonesia,indonesia,ID,East Java,east-java,Pakisaji,pakisaji
Indonesia,indonesia,ID,East Java,east-java,Pamekasan,pamekasan
Indonesia,indonesia,ID,East Java,east-java,Panarukan,panarukan
Indonesia,indonesia,ID,East Java,east-java,Pandaan,pandaan
Indonesia,indonesia,ID,East Java,east-java,Panji,panji
Indonesia,indonesia,ID,East Java,east-java,Pare,pare
Indonesia,indonesia,ID,East Java,east-java,Pasuruan,pasuruan
Indonesia,indonesia,ID,East Java,east-java,Ponorogo,ponorogo
Indonesia,indonesia,ID,East Java,east-java,Prigen,prigen
Indonesia,indonesia,ID,East Java,east-java,Probolinggo,probolinggo
Indonesia,indonesia,ID,East Java,east-java,Sampang,sampang
Indonesia,indonesia,ID,East Java,east-java,Sidoarjo,sidoarjo
Indonesia,indonesia,ID,East Java,east-java,Singojuruh,singojuruh
Indonesia,indonesia,ID,East Java,east-java,Singosari,singosari
Indonesia,indonesia,ID,East Java,east-java,Situbondo,situbondo
Indonesia,indonesia,ID,East Java,east-java,Soko,soko
Indonesia,indonesia,ID,East Java,east-java,Srono,srono
Indonesia,indonesia,ID,East Java,east-java,Sumberpucung,sumberpucung
Indonesia,indonesia,ID,East Java,east-java,Sumenep,sumenep
Indonesia,indonesia,ID,East Java,east-java,Surabaya,surabaya
Indonesia,indonesia,ID,East Java,east-java,Tanggul,tanggul
Indonesia,indonesia,ID,East Java,east-java,Tanggulangin,tanggulangin
Indonesia,indonesia,ID,East Java,east-java,Trenggalek,trenggalek
Indonesia,indonesia,ID,East Java,east-java,Tuban,tuban
Indonesia,indonesia,ID,East Java,east-java,Tulangan Utara,tulangan-utara
Indonesia,indonesia,ID,East Java,east-java,Tulungagung,tulungagung
Indonesia,indonesia,ID,East Java,east-java,Wongsorejo,wongsorejo
Indonesia,indonesia,ID,East Kalimantan,east-kalimantan,Balikpapan,balikpapan
Indonesia,indonesia,ID,East Kalimantan,east-kalimantan,Bontang,bontang
Indonesia,indonesia,ID,East Kalimantan,east-kalimantan,City of Balikpapan,city-of-balikpapan
Indonesia,indonesia,ID,East Kalimantan,east-kalimantan,Kabupaten Berau,kabupaten-berau
Indonesia,indonesia,ID,East Kalimantan,east-kalimantan,Kabupaten Kutai Barat,kabupaten-kutai-barat
Indonesia,indonesia,ID,East Kalimantan,east-kalimantan,Kabupaten Kutai Kartanegara,kabupaten-kutai-kartanegara
Indonesia,indonesia,ID,East Kalimantan,east-kalimantan,Kabupaten Kutai Timur,kabupaten-kutai-timur
Indonesia,indonesia,ID,East Kalimantan,east-kalimantan,Kabupaten Mahakam Hulu,kabupaten-mahakam-hulu
Indonesia,indonesia,ID,East Kalimantan,east-kalimantan,Kabupaten Paser,kabupaten-paser
Indonesia,indonesia,ID,East Kalimantan,east-kalimantan,Kabupaten Penajam Paser Utara,kabupaten-penajam-paser-utara
Indonesia,indonesia,ID,East Kalimantan,east-kalimantan,Kota Balikpapan,kota-balikpapan
Indonesia,indonesia,ID,East Kalimantan,east-kalimantan,Kota Bontang,kota-bontang
Indonesia,indonesia,ID,East Kalimantan,east-kalimantan,Kota Samarinda,kota-samarinda
Indonesia,indonesia,ID,East Kalimantan,east-kalimantan,Loa Janan,loa-janan
Indonesia,indonesia,ID,East Kalimantan,east-kalimantan,Samarinda,samarinda
Indonesia,indonesia,ID,East Nusa Tenggara,east-nusa-tenggara,Atambua,atambua
Indonesia,indonesia,ID,East Nusa Tenggara,east-nusa-tenggara,Ende,ende
Indonesia,indonesia,ID,East Nusa Tenggara,east-nusa-tenggara,Kabupaten Alor,kabupaten-alor
Indonesia,indonesia,ID,East Nusa Tenggara,east-nusa-tenggara,Kabupaten Belu,kabupaten-belu
Indonesia,indonesia,ID,East Nusa Tenggara,east-nusa-tenggara,Kabupaten Ende,kabupaten-ende
Indonesia,indonesia,ID,East Nusa Tenggara,east-nusa-tenggara,Kabupaten Flores Timur,kabupaten-flores-timur
Indonesia,indonesia,ID,East Nusa Tenggara,east-nusa-tenggara,Kabupaten Kupang,kabupaten-kupang
Indonesia,indonesia,ID,East Nusa Tenggara,east-nusa-tenggara,Kabupaten Lembata,kabupaten-lembata
Indonesia,indonesia,ID,East Nusa Tenggara,east-nusa-tenggara,Kabupaten Malaka,kabupaten-malaka
Indonesia,indonesia,ID,East Nusa Tenggara,east-nusa-tenggara,Kabupaten Manggarai,kabupaten-manggarai
Indonesia,indonesia,ID,East Nusa Tenggara,east-nusa-tenggara,Kabupaten Manggarai Barat,kabupaten-manggarai-barat
Indonesia,indonesia,ID,East Nusa Tenggara,east-nusa-tenggara,Kabupaten Manggarai Timur,kabupaten-manggarai-timur
Indonesia,indonesia,ID,East Nusa Tenggara,east-nusa-tenggara,Kabupaten Nagekeo,kabupaten-nagekeo
Indonesia,indonesia,ID,East Nusa Tenggara,east-nusa-tenggara,Kabupaten Ngada,kabupaten-ngada
Indonesia,indonesia,ID,East Nusa Tenggara,east-nusa-tenggara,Kabupaten Rote Ndao,kabupaten-rote-ndao
Indonesia,indonesia,ID,East Nusa Tenggara,east-nusa-tenggara,Kabupaten Sabu Raijua,kabupaten-sabu-raijua
Indonesia,indonesia,ID,East Nusa Tenggara,east-nusa-tenggara,Kabupaten Sikka,kabupaten-sikka
Indonesia,indonesia,ID,East Nusa Tenggara,east-nusa-tenggara,Kabupaten Sumba Barat,kabupaten-sumba-barat
Indonesia,indonesia,ID,East Nusa Tenggara,east-nusa-tenggara,Kabupaten Sumba Barat Daya,kabupaten-sumba-barat-daya
Indonesia,indonesia,ID,East Nusa Tenggara,east-nusa-tenggara,Kabupaten Sumba Tengah,kabupaten-sumba-tengah
Indonesia,indonesia,ID,East Nusa Tenggara,east-nusa-tenggara,Kabupaten Sumba Timur,kabupaten-sumba-timur
Indonesia,indonesia,ID,East Nusa Tenggara,east-nusa-tenggara,Kabupaten Timor Tengah Selatan,kabupaten-timor-tengah-selatan
Indonesia,indonesia,ID,East Nusa Tenggara,east-nusa-tenggara,Kabupaten Timor Tengah Utara,kabupaten-timor-tengah-utara
Indonesia,indonesia,ID,East Nusa Tenggara,east-nusa-tenggara,Kefamenanu,kefamenanu
Indonesia,indonesia,ID,East Nusa Tenggara,east-nusa-tenggara,Komodo,komodo
Indonesia,indonesia,ID,East Nusa Tenggara,east-nusa-tenggara,Kota Kupang,kota-kupang
Indonesia,indonesia,ID,East Nusa Tenggara,east-nusa-tenggara,Kupang,kupang
Indonesia,indonesia,ID,East Nusa Tenggara,east-nusa-tenggara,Labuan Bajo,labuan-bajo
Indonesia,indonesia,ID,East Nusa Tenggara,east-nusa-tenggara,Maumere,maumere
Indonesia,indonesia,ID,East Nusa Tenggara,east-nusa-tenggara,Naisano Dua,naisano-dua
Indonesia,indonesia,ID,East Nusa Tenggara,east-nusa-tenggara,Ruteng,ruteng
Indonesia,indonesia,ID,East Nusa Tenggara,east-nusa-tenggara,Soe,soe
Indonesia,indonesia,ID,East Nusa Tenggara,east-nusa-tenggara,Waingapu,waingapu
Indonesia,indonesia,ID,Gorontalo,gorontalo,Gorontalo,gorontalo
Indonesia,indonesia,ID,Gorontalo,gorontalo,Kabupaten Boalemo,kabupaten-boalemo
Indonesia,indonesia,ID,Gorontalo,gorontalo,Kabupaten Bone Bolango,kabupaten-bone-bolango
Indonesia,indonesia,ID,Gorontalo,gorontalo,Kabupaten Gorontalo,kabupaten-gorontalo
Indonesia,indonesia,ID,Gorontalo,gorontalo,Kabupaten Gorontalo Utara,kabupaten-gorontalo-utara
Indonesia,indonesia,ID,Gorontalo,gorontalo,Kabupaten Pohuwato,kabupaten-pohuwato
Indonesia,indonesia,ID,Gorontalo,gorontalo,Kota Gorontalo,kota-gorontalo
Indonesia,indonesia,ID,Jakarta,jakarta,Jakarta,jakarta
Indonesia,indonesia,ID,Jakarta,jakarta,Kota Administrasi Jakarta Barat,kota-administrasi-jakarta-barat
Indonesia,indonesia,ID,Jakarta,jakarta,Kota Administrasi Jakarta Pusat,kota-administrasi-jakarta-pusat
Indonesia,indonesia,ID,Jakarta,jakarta,Kota Administrasi Jakarta Selatan,kota-administrasi-jakarta-selatan
Indonesia,indonesia,ID,Jakarta,jakarta,Kota Administrasi Jakarta Timur,kota-administrasi-jakarta-timur
Indonesia,indonesia,ID,Jakarta,jakarta,Kota Administrasi Jakarta Utara,kota-administrasi-jakarta-utara
Indonesia,indonesia,ID,Jambi,jambi,Bejubang Dua,bejubang-dua
Indonesia,indonesia,ID,Jambi,jambi,Jambi City,jambi-city
Indonesia,indonesia,ID,Jambi,jambi,Kabupaten Batang Hari,kabupaten-batang-hari
Indonesia,indonesia,ID,Jambi,jambi,Kabupaten Bungo,kabupaten-bungo
Indonesia,indonesia,ID,Jambi,jambi,Kabupaten Kerinci,kabupaten-kerinci
Indonesia,indonesia,ID,Jambi,jambi,Kabupaten Merangin,kabupaten-merangin
Indonesia,indonesia,ID,Jambi,jambi,Kabupaten Muaro Jambi,kabupaten-muaro-jambi
Indonesia,indonesia,ID,Jambi,jambi,Kabupaten Sarolangun,kabupaten-sarolangun
Indonesia,indonesia,ID,Jambi,jambi,Kabupaten Tanjung Jabung Barat,kabupaten-tanjung-jabung-barat
Indonesia,indonesia,ID,Jambi,jambi,Kabupaten Tanjung Jabung Timur,kabupaten-tanjung-jabung-timur
Indonesia,indonesia,ID,Jambi,jambi,Kabupaten Tebo,kabupaten-tebo
Indonesia,indonesia,ID,Jambi,jambi,Kota Jambi,kota-jambi
Indonesia,indonesia,ID,Jambi,jambi,Kota Sungai Penuh,kota-sungai-penuh
Indonesia,indonesia,ID,Jambi,jambi,Kuala Tungkal,kuala-tungkal
Indonesia,indonesia,ID,Jambi,jambi,Mendaha,mendaha
Indonesia,indonesia,ID,Jambi,jambi,Simpang,simpang
Indonesia,indonesia,ID,Jambi,jambi,Sungai Penuh,sungai-penuh
Indonesia,indonesia,ID,Kalimantan,kalimantan,Kalimantan,kalimantan
Indonesia,indonesia,ID,Lampung,lampung,Bandar Lampung,bandar-lampung
Indonesia,indonesia,ID,Lampung,lampung,Kabupaten Lampung Barat,kabupaten-lampung-barat
Indonesia,indonesia,ID,Lampung,lampung,Kabupaten Lampung Selatan,kabupaten-lampung-selatan
Indonesia,indonesia,ID,Lampung,lampung,Kabupaten Lampung Tengah,kabupaten-lampung-tengah
Indonesia,indonesia,ID,Lampung,lampung,Kabupaten Lampung Timur,kabupaten-lampung-timur
Indonesia,indonesia,ID,Lampung,lampung,Kabupaten Lampung Utara,kabupaten-lampung-utara
Indonesia,indonesia,ID,Lampung,lampung,Kabupaten Mesuji,kabupaten-mesuji
Indonesia,indonesia,ID,Lampung,lampung,Kabupaten Pesawaran,kabupaten-pesawaran
Indonesia,indonesia,ID,Lampung,lampung,Kabupaten Pesisir Barat,kabupaten-pesisir-barat
Indonesia,indonesia,ID,Lampung,lampung,Kabupaten Pringsewu,kabupaten-pringsewu
Indonesia,indonesia,ID,Lampung,lampung,Kabupaten Tanggamus,kabupaten-tanggamus
Indonesia,indonesia,ID,Lampung,lampung,Kabupaten Tulangbawang,kabupaten-tulangbawang
Indonesia,indonesia,ID,Lampung,lampung,Kabupaten Way Kanan,kabupaten-way-kanan
Indonesia,indonesia,ID,Lampung,lampung,Kota Bandar Lampung,kota-bandar-lampung
Indonesia,indonesia,ID,Lampung,lampung,Kota Metro,kota-metro
Indonesia,indonesia,ID,Lampung,lampung,Kotabumi,kotabumi
Indonesia,indonesia,ID,Lampung,lampung,Metro,metro
Indonesia,indonesia,ID,Lampung,lampung,Terbanggi Besar,terbanggi-besar
Indonesia,indonesia,ID,Lesser Sunda Islands,lesser-sunda-islands,Lesser Sunda Islands,lesser-sunda-islands
Indonesia,indonesia,ID,Maluku,maluku,Amahai,amahai
Indonesia,indonesia,ID,Maluku,maluku,Ambon,ambon
Indonesia,indonesia,ID,Maluku,maluku,Kabupaten Buru,kabupaten-buru
Indonesia,indonesia,ID,Maluku,maluku,Kabupaten Buru Selatan,kabupaten-buru-selatan
Indonesia,indonesia,ID,Maluku,maluku,Kabupaten Kepulauan Aru,kabupaten-kepulauan-aru
Indonesia,indonesia,ID,Maluku,maluku,Kabupaten Maluku Barat Daya,kabupaten-maluku-barat-daya
Indonesia,indonesia,ID,Maluku,maluku,Kabupaten Maluku Tengah,kabupaten-maluku-tengah
Indonesia,indonesia,ID,Maluku,maluku,Kabupaten Maluku Tenggara,kabupaten-maluku-tenggara
Indonesia,indonesia,ID,Maluku,maluku,Kabupaten Maluku Tenggara Barat,kabupaten-maluku-tenggara-barat
Indonesia,indonesia,ID,Maluku,maluku,Kabupaten Seram Bagian Barat,kabupaten-seram-bagian-barat
Indonesia,indonesia,ID,Maluku,maluku,Kabupaten Seram Bagian Timur,kabupaten-seram-bagian-timur
Indonesia,indonesia,ID,Maluku,maluku,Kota Ambon,kota-ambon
Indonesia,indonesia,ID,Maluku,maluku,Kota Tual,kota-tual
Indonesia,indonesia,ID,Maluku,maluku,Tual,tual
Indonesia,indonesia,ID,Maluku Islands,maluku-islands,Maluku Islands,maluku-islands
Indonesia,indonesia,ID,North Kalimantan,north-kalimantan,Kabupaten Bulungan,kabupaten-bulungan
Indonesia,indonesia,ID,North Kalimantan,north-kalimantan,Kabupaten Malinau,kabupaten-malinau
Indonesia,indonesia,ID,North Kalimantan,north-kalimantan,Kabupaten Nunukan,kabupaten-nunukan
Indonesia,indonesia,ID,North Kalimantan,north-kalimantan,Kabupaten Tana Tidung,kabupaten-tana-tidung
Indonesia,indonesia,ID,North Kalimantan,north-kalimantan,Tanjung Selor,tanjung-selor
Indonesia,indonesia,ID,North Kalimantan,north-kalimantan,Tarakan,tarakan
Indonesia,indonesia,ID,North Maluku,north-maluku,East Halmahera Regency,east-halmahera-regency
Indonesia,indonesia,ID,North Maluku,north-maluku,Kabupaten Halmahera Barat,kabupaten-halmahera-barat
Indonesia,indonesia,ID,North Maluku,north-maluku,Kabupaten Halmahera Selatan,kabupaten-halmahera-selatan
Indonesia,indonesia,ID,North Maluku,north-maluku,Kabupaten Halmahera Tengah,kabupaten-halmahera-tengah
Indonesia,indonesia,ID,North Maluku,north-maluku,Kabupaten Halmahera Utara,kabupaten-halmahera-utara
Indonesia,indonesia,ID,North Maluku,north-maluku,Kabupaten Kepulauan Sula,kabupaten-kepulauan-sula
Indonesia,indonesia,ID,North Maluku,north-maluku,Kabupaten Pulau Morotai,kabupaten-pulau-morotai
Indonesia,indonesia,ID,North Maluku,north-maluku,Kabupaten Pulau Taliabu,kabupaten-pulau-taliabu
Indonesia,indonesia,ID,North Maluku,north-maluku,Kota Ternate,kota-ternate
Indonesia,indonesia,ID,North Maluku,north-maluku,Kota Tidore Kepulauan,kota-tidore-kepulauan
Indonesia,indonesia,ID,North Maluku,north-maluku,Sofifi,sofifi
Indonesia,indonesia,ID,North Maluku,north-maluku,Ternate,ternate
Indonesia,indonesia,ID,North Maluku,north-maluku,Tobelo,tobelo
Indonesia,indonesia,ID,North Sulawesi,north-sulawesi,Kabupaten Bolaang Mongondow,kabupaten-bolaang-mongondow
Indonesia,indonesia,ID,North Sulawesi,north-sulawesi,Kabupaten Bolaang Mongondow Selatan,kabupaten-bolaang-mongondow-selatan
Indonesia,indonesia,ID,North Sulawesi,north-sulawesi,Kabupaten Bolaang Mongondow Timur,kabupaten-bolaang-mongondow-timur
Indonesia,indonesia,ID,North Sulawesi,north-sulawesi,Kabupaten Bolaang Mongondow Utara,kabupaten-bolaang-mongondow-utara
Indonesia,indonesia,ID,North Sulawesi,north-sulawesi,Kabupaten Kepulauan Sangihe,kabupaten-kepulauan-sangihe
Indonesia,indonesia,ID,North Sulawesi,north-sulawesi,Kabupaten Kepulauan Talaud,kabupaten-kepulauan-talaud
Indonesia,indonesia,ID,North Sulawesi,north-sulawesi,Kabupaten Minahasa,kabupaten-minahasa
Indonesia,indonesia,ID,North Sulawesi,north-sulawesi,Kabupaten Minahasa Selatan,kabupaten-minahasa-selatan
Indonesia,indonesia,ID,North Sulawesi,north-sulawesi,Kabupaten Minahasa Tenggara,kabupaten-minahasa-tenggara
Indonesia,indonesia,ID,North Sulawesi,north-sulawesi,Kabupaten Minahasa Utara,kabupaten-minahasa-utara
Indonesia,indonesia,ID,North Sulawesi,north-sulawesi,Kabupaten Siau Tagulandang Biaro,kabupaten-siau-tagulandang-biaro
Indonesia,indonesia,ID,North Sulawesi,north-sulawesi,Kota Bitung,kota-bitung
Indonesia,indonesia,ID,North Sulawesi,north-sulawesi,Kota Kotamobagu,kota-kotamobagu
Indonesia,indonesia,ID,North Sulawesi,north-sulawesi,Kota Manado,kota-manado
Indonesia,indonesia,ID,North Sulawesi,north-sulawesi,Kota Tomohon,kota-tomohon
Indonesia,indonesia,ID,North Sulawesi,north-sulawesi,"Laikit, Laikit II (Dimembe)",laikit-laikit-ii-dimembe
Indonesia,indonesia,ID,North Sulawesi,north-sulawesi,Manado,manado
Indonesia,indonesia,ID,North Sulawesi,north-sulawesi,Tomohon,tomohon
Indonesia,indonesia,ID,North Sulawesi,north-sulawesi,Tondano,tondano
Indonesia,indonesia,ID,North Sumatra,north-sumatra,Ambarita,ambarita
Indonesia,indonesia,ID,North Sumatra,north-sumatra,Bandar,bandar
Indonesia,indonesia,ID,North Sumatra,north-sumatra,Belawan,belawan
Indonesia,indonesia,ID,North Sumatra,north-sumatra,Berastagi,berastagi
Indonesia,indonesia,ID,North Sumatra,north-sumatra,Binjai,binjai
Indonesia,indonesia,ID,North Sumatra,north-sumatra,Deli Tua,deli-tua
Indonesia,indonesia,ID,North Sumatra,north-sumatra,Gunungsitoli,gunungsitoli
Indonesia,indonesia,ID,North Sumatra,north-sumatra,Kabanjahe,kabanjahe
Indonesia,indonesia,ID,North Sumatra,north-sumatra,Kabupaten Asahan,kabupaten-asahan
Indonesia,indonesia,ID,North Sumatra,north-sumatra,Kabupaten Batu Bara,kabupaten-batu-bara
Indonesia,indonesia,ID,North Sumatra,north-sumatra,Kabupaten Dairi,kabupaten-dairi
Indonesia,indonesia,ID,North Sumatra,north-sumatra,Kabupaten Deli Serdang,kabupaten-deli-serdang
Indonesia,indonesia,ID,North Sumatra,north-sumatra,Kabupaten Humbang Hasundutan,kabupaten-humbang-hasundutan
Indonesia,indonesia,ID,North Sumatra,north-sumatra,Kabupaten Karo,kabupaten-karo
Indonesia,indonesia,ID,North Sumatra,north-sumatra,Kabupaten Labuhan Batu,kabupaten-labuhan-batu
Indonesia,indonesia,ID,North Sumatra,north-sumatra,Kabupaten Labuhan Batu Selatan,kabupaten-labuhan-batu-selatan
Indonesia,indonesia,ID,North Sumatra,north-sumatra,Kabupaten Labuhan Batu Utara,kabupaten-labuhan-batu-utara
Indonesia,indonesia,ID,North Sumatra,north-sumatra,Kabupaten Langkat,kabupaten-langkat
Indonesia,indonesia,ID,North Sumatra,north-sumatra,Kabupaten Mandailing Natal,kabupaten-mandailing-natal
Indonesia,indonesia,ID,North Sumatra,north-sumatra,Kabupaten Nias,kabupaten-nias
Indonesia,indonesia,ID,North Sumatra,north-sumatra,Kabupaten Nias Barat,kabupaten-nias-barat
Indonesia,indonesia,ID,North Sumatra,north-sumatra,Kabupaten Nias Utara,kabupaten-nias-utara
Indonesia,indonesia,ID,North Sumatra,north-sumatra,Kabupaten Padang Lawas,kabupaten-padang-lawas
Indonesia,indonesia,ID,North Sumatra,north-sumatra,Kabupaten Padang Lawas Utara,kabupaten-padang-lawas-utara
Indonesia,indonesia,ID,North Sumatra,north-sumatra,Kabupaten Pakpak Bharat,kabupaten-pakpak-bharat
Indonesia,indonesia,ID,North Sumatra,north-sumatra,Kabupaten Samosir,kabupaten-samosir
Indonesia,indonesia,ID,North Sumatra,north-sumatra,Kabupaten Serdang Bedagai,kabupaten-serdang-bedagai
Indonesia,indonesia,ID,North Sumatra,north-sumatra,Kabupaten Simalungun,kabupaten-simalungun
Indonesia,indonesia,ID,North Sumatra,north-sumatra,Kabupaten Tapanuli Selatan,kabupaten-tapanuli-selatan
Indonesia,indonesia,ID,North Sumatra,north-sumatra,Kabupaten Tapanuli Tengah,kabupaten-tapanuli-tengah
Indonesia,indonesia,ID,North Sumatra,north-sumatra,Kabupaten Tapanuli Utara,kabupaten-tapanuli-utara
Indonesia,indonesia,ID,North Sumatra,north-sumatra,Kisaran,kisaran
Indonesia,indonesia,ID,North Sumatra,north-sumatra,Kota Binjai,kota-binjai
Indonesia,indonesia,ID,North Sumatra,north-sumatra,Kota Gunungsitoli,kota-gunungsitoli
Indonesia,indonesia,ID,North Sumatra,north-sumatra,Kota Medan,kota-medan
Indonesia,indonesia,ID,North Sumatra,north-sumatra,Kota Padangsidimpuan,kota-padangsidimpuan
Indonesia,indonesia,ID,North Sumatra,north-sumatra,Kota Pematang Siantar,kota-pematang-siantar
Indonesia,indonesia,ID,North Sumatra,north-sumatra,Kota Sibolga,kota-sibolga
Indonesia,indonesia,ID,North Sumatra,north-sumatra,Kota Tanjung Balai,kota-tanjung-balai
Indonesia,indonesia,ID,North Sumatra,north-sumatra,Kota Tebing Tinggi,kota-tebing-tinggi
Indonesia,indonesia,ID,North Sumatra,north-sumatra,Labuhan Deli,labuhan-deli
Indonesia,indonesia,ID,North Sumatra,north-sumatra,Medan,medan
Indonesia,indonesia,ID,North Sumatra,north-sumatra,Padangsidempuan,padangsidempuan
Indonesia,indonesia,ID,North Sumatra,north-sumatra,Pangkalan Brandan,pangkalan-brandan
Indonesia,indonesia,ID,North Sumatra,north-sumatra,Parapat,parapat
Indonesia,indonesia,ID,North Sumatra,north-sumatra,Pekan Bahapal,pekan-bahapal
Indonesia,indonesia,ID,North Sumatra,north-sumatra,Pematangsiantar,pematangsiantar
Indonesia,indonesia,ID,North Sumatra,north-sumatra,Perbaungan,perbaungan
Indonesia,indonesia,ID,North Sumatra,north-sumatra,Percut,percut
Indonesia,indonesia,ID,North Sumatra,north-sumatra,Rantauprapat,rantauprapat
Indonesia,indonesia,ID,North Sumatra,north-sumatra,Sibolga,sibolga
Indonesia,indonesia,ID,North Sumatra,north-sumatra,Stabat,stabat
Indonesia,indonesia,ID,North Sumatra,north-sumatra,Sunggal,sunggal
Indonesia,indonesia,ID,North Sumatra,north-sumatra,Tanjungbalai,tanjungbalai
Indonesia,indonesia,ID,North Sumatra,north-sumatra,Tanjungtiram,tanjungtiram
Indonesia,indonesia,ID,North Sumatra,north-sumatra,Tebingtinggi,tebingtinggi
Indonesia,indonesia,ID,North Sumatra,north-sumatra,Teluk Nibung,teluk-nibung
Indonesia,indonesia,ID,North Sumatra,north-sumatra,Tomok Bolon,tomok-bolon
Indonesia,indonesia,ID,North Sumatra,north-sumatra,Tongging,tongging
Indonesia,indonesia,ID,North Sumatra,north-sumatra,Tuktuk Sonak,tuktuk-sonak
Indonesia,indonesia,ID,Papua,papua,Abepura,abepura
Indonesia,indonesia,ID,Papua,papua,Biak,biak
Indonesia,indonesia,ID,Papua,papua,Insrom,insrom
Indonesia,indonesia,ID,Papua,papua,Jayapura,jayapura
Indonesia,indonesia,ID,Papua,papua,Kabupaten Asmat,kabupaten-asmat
Indonesia,indonesia,ID,Papua,papua,Kabupaten Biak Numfor,kabupaten-biak-numfor
Indonesia,indonesia,ID,Papua,papua,Kabupaten Boven Digoel,kabupaten-boven-digoel
Indonesia,indonesia,ID,Papua,papua,Kabupaten Deiyai,kabupaten-deiyai
Indonesia,indonesia,ID,Papua,papua,Kabupaten Dogiyai,kabupaten-dogiyai
Indonesia,indonesia,ID,Papua,papua,Kabupaten Intan Jaya,kabupaten-intan-jaya
Indonesia,indonesia,ID,Papua,papua,Kabupaten Jayapura,kabupaten-jayapura
Indonesia,indonesia,ID,Papua,papua,Kabupaten Jayawijaya,kabupaten-jayawijaya
Indonesia,indonesia,ID,Papua,papua,Kabupaten Keerom,kabupaten-keerom
Indonesia,indonesia,ID,Papua,papua,Kabupaten Kepulauan Yapen,kabupaten-kepulauan-yapen
Indonesia,indonesia,ID,Papua,papua,Kabupaten Lanny Jaya,kabupaten-lanny-jaya
Indonesia,indonesia,ID,Papua,papua,Kabupaten Mamberamo Raya,kabupaten-mamberamo-raya
Indonesia,indonesia,ID,Papua,papua,Kabupaten Mamberamo Tengah,kabupaten-mamberamo-tengah
Indonesia,indonesia,ID,Papua,papua,Kabupaten Mappi,kabupaten-mappi
Indonesia,indonesia,ID,Papua,papua,Kabupaten Merauke,kabupaten-merauke
Indonesia,indonesia,ID,Papua,papua,Kabupaten Mimika,kabupaten-mimika
Indonesia,indonesia,ID,Papua,papua,Kabupaten Nabire,kabupaten-nabire
Indonesia,indonesia,ID,Papua,papua,Kabupaten Nduga,kabupaten-nduga
Indonesia,indonesia,ID,Papua,papua,Kabupaten Paniai,kabupaten-paniai
Indonesia,indonesia,ID,Papua,papua,Kabupaten Pegunungan Bintang,kabupaten-pegunungan-bintang
Indonesia,indonesia,ID,Papua,papua,Kabupaten Puncak Jaya,kabupaten-puncak-jaya
Indonesia,indonesia,ID,Papua,papua,Kabupaten Sarmi,kabupaten-sarmi
Indonesia,indonesia,ID,Papua,papua,Kabupaten Supiori,kabupaten-supiori
Indonesia,indonesia,ID,Papua,papua,Kabupaten Tolikara,kabupaten-tolikara
Indonesia,indonesia,ID,Papua,papua,Kabupaten Waropen,kabupaten-waropen
Indonesia,indonesia,ID,Papua,papua,Kabupaten Yahukimo,kabupaten-yahukimo
Indonesia,indonesia,ID,Papua,papua,Kabupaten Yalimo,kabupaten-yalimo
Indonesia,indonesia,ID,Papua,papua,Kota Jayapura,kota-jayapura
Indonesia,indonesia,ID,Papua,papua,Nabire,nabire
Indonesia,indonesia,ID,Riau,riau,Balaipungut,balaipungut
Indonesia,indonesia,ID,Riau,riau,Batam,batam
Indonesia,indonesia,ID,Riau,riau,Dumai,dumai
Indonesia,indonesia,ID,Riau,riau,Kabupaten Bengkalis,kabupaten-bengkalis
Indonesia,indonesia,ID,Riau,riau,Kabupaten Indragiri Hilir,kabupaten-indragiri-hilir
Indonesia,indonesia,ID,Riau,riau,Kabupaten Indragiri Hulu,kabupaten-indragiri-hulu
Indonesia,indonesia,ID,Riau,riau,Kabupaten Kampar,kabupaten-kampar
Indonesia,indonesia,ID,Riau,riau,Kabupaten Kepulauan Meranti,kabupaten-kepulauan-meranti
Indonesia,indonesia,ID,Riau,riau,Kabupaten Kuantan Singingi,kabupaten-kuantan-singingi
Indonesia,indonesia,ID,Riau,riau,Kabupaten Pelalawan,kabupaten-pelalawan
Indonesia,indonesia,ID,Riau,riau,Kabupaten Rokan Hilir,kabupaten-rokan-hilir
Indonesia,indonesia,ID,Riau,riau,Kabupaten Rokan Hulu,kabupaten-rokan-hulu
Indonesia,indonesia,ID,Riau,riau,Kabupaten Siak,kabupaten-siak
Indonesia,indonesia,ID,Riau,riau,Kota Dumai,kota-dumai
Indonesia,indonesia,ID,Riau,riau,Kota Pekanbaru,kota-pekanbaru
Indonesia,indonesia,ID,Riau,riau,Pekanbaru,pekanbaru
Indonesia,indonesia,ID,Riau Islands,riau-islands,Kabupaten Bintan,kabupaten-bintan
Indonesia,indonesia,ID,Riau Islands,riau-islands,Kabupaten Karimun,kabupaten-karimun
Indonesia,indonesia,ID,Riau Islands,riau-islands,Kabupaten Kepulauan Anambas,kabupaten-kepulauan-anambas
Indonesia,indonesia,ID,Riau Islands,riau-islands,Kabupaten Lingga,kabupaten-lingga
Indonesia,indonesia,ID,Riau Islands,riau-islands,Kabupaten Natuna,kabupaten-natuna
Indonesia,indonesia,ID,Riau Islands,riau-islands,Kijang,kijang
Indonesia,indonesia,ID,Riau Islands,riau-islands,Kota Batam,kota-batam
Indonesia,indonesia,ID,Riau Islands,riau-islands,Kota Tanjung Pinang,kota-tanjung-pinang
Indonesia,indonesia,ID,Riau Islands,riau-islands,Tanjung Pinang,tanjung-pinang
Indonesia,indonesia,ID,South Kalimantan,south-kalimantan,Amuntai,amuntai
Indonesia,indonesia,ID,South Kalimantan,south-kalimantan,Banjarmasin,banjarmasin
Indonesia,indonesia,ID,South Kalimantan,south-kalimantan,Barabai,barabai
Indonesia,indonesia,ID,South Kalimantan,south-kalimantan,Kabupaten Balangan,kabupaten-balangan
Indonesia,indonesia,ID,South Kalimantan,south-kalimantan,Kabupaten Banjar,kabupaten-banjar
Indonesia,indonesia,ID,South Kalimantan,south-kalimantan,Kabupaten Barito Kuala,kabupaten-barito-kuala
Indonesia,indonesia,ID,South Kalimantan,south-kalimantan,Kabupaten Hulu Sungai Selatan,kabupaten-hulu-sungai-selatan
Indonesia,indonesia,ID,South Kalimantan,south-kalimantan,Kabupaten Hulu Sungai Tengah,kabupaten-hulu-sungai-tengah
Indonesia,indonesia,ID,South Kalimantan,south-kalimantan,Kabupaten Hulu Sungai Utara,kabupaten-hulu-sungai-utara
Indonesia,indonesia,ID,South Kalimantan,south-kalimantan,Kabupaten Kota Baru,kabupaten-kota-baru
Indonesia,indonesia,ID,South Kalimantan,south-kalimantan,Kabupaten Tabalong,kabupaten-tabalong
Indonesia,indonesia,ID,South Kalimantan,south-kalimantan,Kabupaten Tanah Bumbu,kabupaten-tanah-bumbu
Indonesia,indonesia,ID,South Kalimantan,south-kalimantan,Kabupaten Tanah Laut,kabupaten-tanah-laut
Indonesia,indonesia,ID,South Kalimantan,south-kalimantan,Kabupaten Tapin,kabupaten-tapin
Indonesia,indonesia,ID,South Kalimantan,south-kalimantan,Kota Banjar Baru,kota-banjar-baru
Indonesia,indonesia,ID,South Kalimantan,south-kalimantan,Kota Banjarmasin,kota-banjarmasin
Indonesia,indonesia,ID,South Kalimantan,south-kalimantan,Martapura,martapura
Indonesia,indonesia,ID,South Sulawesi,south-sulawesi,Galesong,galesong
Indonesia,indonesia,ID,South Sulawesi,south-sulawesi,Kabupaten Bantaeng,kabupaten-bantaeng
Indonesia,indonesia,ID,South Sulawesi,south-sulawesi,Kabupaten Barru,kabupaten-barru
Indonesia,indonesia,ID,South Sulawesi,south-sulawesi,Kabupaten Bone,kabupaten-bone
Indonesia,indonesia,ID,South Sulawesi,south-sulawesi,Kabupaten Bulukumba,kabupaten-bulukumba
Indonesia,indonesia,ID,South Sulawesi,south-sulawesi,Kabupaten Enrekang,kabupaten-enrekang
Indonesia,indonesia,ID,South Sulawesi,south-sulawesi,Kabupaten Gowa,kabupaten-gowa
Indonesia,indonesia,ID,South Sulawesi,south-sulawesi,Kabupaten Jeneponto,kabupaten-jeneponto
Indonesia,indonesia,ID,South Sulawesi,south-sulawesi,Kabupaten Luwu,kabupaten-luwu
Indonesia,indonesia,ID,South Sulawesi,south-sulawesi,Kabupaten Luwu Timur,kabupaten-luwu-timur
Indonesia,indonesia,ID,South Sulawesi,south-sulawesi,Kabupaten Luwu Utara,kabupaten-luwu-utara
Indonesia,indonesia,ID,South Sulawesi,south-sulawesi,Kabupaten Maros,kabupaten-maros
Indonesia,indonesia,ID,South Sulawesi,south-sulawesi,Kabupaten Pangkajene Dan Kepulauan,kabupaten-pangkajene-dan-kepulauan
Indonesia,indonesia,ID,South Sulawesi,south-sulawesi,Kabupaten Pinrang,kabupaten-pinrang
Indonesia,indonesia,ID,South Sulawesi,south-sulawesi,Kabupaten Sidenreng Rappang,kabupaten-sidenreng-rappang
Indonesia,indonesia,ID,South Sulawesi,south-sulawesi,Kabupaten Sinjai,kabupaten-sinjai
Indonesia,indonesia,ID,South Sulawesi,south-sulawesi,Kabupaten Soppeng,kabupaten-soppeng
Indonesia,indonesia,ID,South Sulawesi,south-sulawesi,Kabupaten Takalar,kabupaten-takalar
Indonesia,indonesia,ID,South Sulawesi,south-sulawesi,Kabupaten Tana Toraja,kabupaten-tana-toraja
Indonesia,indonesia,ID,South Sulawesi,south-sulawesi,Kabupaten Toraja Utara,kabupaten-toraja-utara
Indonesia,indonesia,ID,South Sulawesi,south-sulawesi,Kabupaten Wajo,kabupaten-wajo
Indonesia,indonesia,ID,South Sulawesi,south-sulawesi,Kota Makassar,kota-makassar
Indonesia,indonesia,ID,South Sulawesi,south-sulawesi,Kota Palopo,kota-palopo
Indonesia,indonesia,ID,South Sulawesi,south-sulawesi,Kota Parepare,kota-parepare
Indonesia,indonesia,ID,South Sulawesi,south-sulawesi,Makassar,makassar
Indonesia,indonesia,ID,South Sulawesi,south-sulawesi,Maros,maros
Indonesia,indonesia,ID,South Sulawesi,south-sulawesi,Palopo,palopo
Indonesia,indonesia,ID,South Sulawesi,south-sulawesi,Parepare,parepare
Indonesia,indonesia,ID,South Sulawesi,south-sulawesi,Rantepao,rantepao
Indonesia,indonesia,ID,South Sulawesi,south-sulawesi,Selayar Islands Regency,selayar-islands-regency
Indonesia,indonesia,ID,South Sulawesi,south-sulawesi,Sengkang,sengkang
Indonesia,indonesia,ID,South Sulawesi,south-sulawesi,Sinjai,sinjai
Indonesia,indonesia,ID,South Sulawesi,south-sulawesi,Watampone,watampone
Indonesia,indonesia,ID,South Sumatra,south-sumatra,Baturaja,baturaja
Indonesia,indonesia,ID,South Sumatra,south-sumatra,Kabupaten Empat Lawang,kabupaten-empat-lawang
Indonesia,indonesia,ID,South Sumatra,south-sumatra,Kabupaten Muara Enim,kabupaten-muara-enim
Indonesia,indonesia,ID,South Sumatra,south-sumatra,Kabupaten Musi Banyuasin,kabupaten-musi-banyuasin
Indonesia,indonesia,ID,South Sumatra,south-sumatra,Kabupaten Musi Rawas,kabupaten-musi-rawas
Indonesia,indonesia,ID,South Sumatra,south-sumatra,Kabupaten Musi Rawas Utara,kabupaten-musi-rawas-utara
Indonesia,indonesia,ID,South Sumatra,south-sumatra,Kabupaten Ogan Ilir,kabupaten-ogan-ilir
Indonesia,indonesia,ID,South Sumatra,south-sumatra,Kabupaten Ogan Komering Ilir,kabupaten-ogan-komering-ilir
Indonesia,indonesia,ID,South Sumatra,south-sumatra,Kabupaten Ogan Komering Ulu,kabupaten-ogan-komering-ulu
Indonesia,indonesia,ID,South Sumatra,south-sumatra,Kabupaten Ogan Komering Ulu Selatan,kabupaten-ogan-komering-ulu-selatan
Indonesia,indonesia,ID,South Sumatra,south-sumatra,Kabupaten Ogan Komering Ulu Timur,kabupaten-ogan-komering-ulu-timur
Indonesia,indonesia,ID,South Sumatra,south-sumatra,Kabupaten Penukal Abab Lematang Ilir,kabupaten-penukal-abab-lematang-ilir
Indonesia,indonesia,ID,South Sumatra,south-sumatra,Kota Lubuklinggau,kota-lubuklinggau
Indonesia,indonesia,ID,South Sumatra,south-sumatra,Kota Pagar Alam,kota-pagar-alam
Indonesia,indonesia,ID,South Sumatra,south-sumatra,Kota Palembang,kota-palembang
Indonesia,indonesia,ID,South Sumatra,south-sumatra,Kota Prabumulih,kota-prabumulih
Indonesia,indonesia,ID,South Sumatra,south-sumatra,Lahat,lahat
Indonesia,indonesia,ID,South Sumatra,south-sumatra,Lahat Regency,lahat-regency
Indonesia,indonesia,ID,South Sumatra,south-sumatra,Lubuklinggau,lubuklinggau
Indonesia,indonesia,ID,South Sumatra,south-sumatra,Pagar Alam,pagar-alam
Indonesia,indonesia,ID,South Sumatra,south-sumatra,Palembang,palembang
Indonesia,indonesia,ID,South Sumatra,south-sumatra,Prabumulih,prabumulih
Indonesia,indonesia,ID,South Sumatra,south-sumatra,Tanjungagung,tanjungagung
Indonesia,indonesia,ID,Southeast Sulawesi,southeast-sulawesi,Kabupaten Bombana,kabupaten-bombana
Indonesia,indonesia,ID,Southeast Sulawesi,southeast-sulawesi,Kabupaten Buton,kabupaten-buton
Indonesia,indonesia,ID,Southeast Sulawesi,southeast-sulawesi,Kabupaten Buton Selatan,kabupaten-buton-selatan
Indonesia,indonesia,ID,Southeast Sulawesi,southeast-sulawesi,Kabupaten Buton Tengah,kabupaten-buton-tengah
Indonesia,indonesia,ID,Southeast Sulawesi,southeast-sulawesi,Kabupaten Buton Utara,kabupaten-buton-utara
Indonesia,indonesia,ID,Southeast Sulawesi,southeast-sulawesi,Kabupaten Kolaka,kabupaten-kolaka
Indonesia,indonesia,ID,Southeast Sulawesi,southeast-sulawesi,Kabupaten Kolaka Timur,kabupaten-kolaka-timur
Indonesia,indonesia,ID,Southeast Sulawesi,southeast-sulawesi,Kabupaten Kolaka Utara,kabupaten-kolaka-utara
Indonesia,indonesia,ID,Southeast Sulawesi,southeast-sulawesi,Kabupaten Konawe,kabupaten-konawe
Indonesia,indonesia,ID,Southeast Sulawesi,southeast-sulawesi,Kabupaten Konawe Kepulauan,kabupaten-konawe-kepulauan
Indonesia,indonesia,ID,Southeast Sulawesi,southeast-sulawesi,Kabupaten Konawe Selatan,kabupaten-konawe-selatan
Indonesia,indonesia,ID,Southeast Sulawesi,southeast-sulawesi,Kabupaten Konawe Utara,kabupaten-konawe-utara
Indonesia,indonesia,ID,Southeast Sulawesi,southeast-sulawesi,Kabupaten Muna,kabupaten-muna
Indonesia,indonesia,ID,Southeast Sulawesi,southeast-sulawesi,Kabupaten Muna Barat,kabupaten-muna-barat
Indonesia,indonesia,ID,Southeast Sulawesi,southeast-sulawesi,Katabu,katabu
Indonesia,indonesia,ID,Southeast Sulawesi,southeast-sulawesi,Kendari,kendari
Indonesia,indonesia,ID,Southeast Sulawesi,southeast-sulawesi,Kota Baubau,kota-baubau
Indonesia,indonesia,ID,Southeast Sulawesi,southeast-sulawesi,Kota Kendari,kota-kendari
Indonesia,indonesia,ID,Southeast Sulawesi,southeast-sulawesi,Wakatobi Regency,wakatobi-regency
Indonesia,indonesia,ID,Special Region of Yogyakarta,special-region-of-yogyakarta,Bambanglipuro,bambanglipuro
Indonesia,indonesia,ID,Special Region of Yogyakarta,special-region-of-yogyakarta,Bantul,bantul
Indonesia,indonesia,ID,Special Region of Yogyakarta,special-region-of-yogyakarta,Depok,depok
Indonesia,indonesia,ID,Special Region of Yogyakarta,special-region-of-yogyakarta,Gamping Lor,gamping-lor
Indonesia,indonesia,ID,Special Region of Yogyakarta,special-region-of-yogyakarta,Godean,godean
Indonesia,indonesia,ID,Special Region of Yogyakarta,special-region-of-yogyakarta,Kabupaten Bantul,kabupaten-bantul
Indonesia,indonesia,ID,Special Region of Yogyakarta,special-region-of-yogyakarta,Kabupaten Gunung Kidul,kabupaten-gunung-kidul
Indonesia,indonesia,ID,Special Region of Yogyakarta,special-region-of-yogyakarta,Kabupaten Kulon Progo,kabupaten-kulon-progo
Indonesia,indonesia,ID,Special Region of Yogyakarta,special-region-of-yogyakarta,Kabupaten Sleman,kabupaten-sleman
Indonesia,indonesia,ID,Special Region of Yogyakarta,special-region-of-yogyakarta,Kasihan,kasihan
Indonesia,indonesia,ID,Special Region of Yogyakarta,special-region-of-yogyakarta,Kota Yogyakarta,kota-yogyakarta
Indonesia,indonesia,ID,Special Region of Yogyakarta,special-region-of-yogyakarta,Melati,melati
Indonesia,indonesia,ID,Special Region of Yogyakarta,special-region-of-yogyakarta,Pandak,pandak
Indonesia,indonesia,ID,Special Region of Yogyakarta,special-region-of-yogyakarta,Pundong,pundong
Indonesia,indonesia,ID,Special Region of Yogyakarta,special-region-of-yogyakarta,Sewon,sewon
Indonesia,indonesia,ID,Special Region of Yogyakarta,special-region-of-yogyakarta,Sleman,sleman
Indonesia,indonesia,ID,Special Region of Yogyakarta,special-region-of-yogyakarta,Srandakan,srandakan
Indonesia,indonesia,ID,Special Region of Yogyakarta,special-region-of-yogyakarta,Yogyakarta,yogyakarta
Indonesia,indonesia,ID,Sulawesi,sulawesi,Sulawesi,sulawesi
Indonesia,indonesia,ID,Sumatra,sumatra,Sumatra,sumatra
Indonesia,indonesia,ID,West Java,west-java,Arjawinangun,arjawinangun
Indonesia,indonesia,ID,West Java,west-java,Astanajapura,astanajapura
Indonesia,indonesia,ID,West Java,west-java,Bandung,bandung
Indonesia,indonesia,ID,West Java,west-java,Banjar,banjar
Indonesia,indonesia,ID,West Java,west-java,Banjaran,banjaran
Indonesia,indonesia,ID,West Java,west-java,Bekasi,bekasi
Indonesia,indonesia,ID,West Java,west-java,Bogor,bogor
Indonesia,indonesia,ID,West Java,west-java,Caringin,caringin
Indonesia,indonesia,ID,West Java,west-java,Ciamis,ciamis
Indonesia,indonesia,ID,West Java,west-java,Ciampea,ciampea
Indonesia,indonesia,ID,West Java,west-java,Cibinong,cibinong
Indonesia,indonesia,ID,West Java,west-java,Cicurug,cicurug
Indonesia,indonesia,ID,West Java,west-java,Cikampek,cikampek
Indonesia,indonesia,ID,West Java,west-java,Cikarang,cikarang
Indonesia,indonesia,ID,West Java,west-java,Cikupa,cikupa
Indonesia,indonesia,ID,West Java,west-java,Cileungsir,cileungsir
Indonesia,indonesia,ID,West Java,west-java,Cileunyi,cileunyi
Indonesia,indonesia,ID,West Java,west-java,Cimahi,cimahi
Indonesia,indonesia,ID,West Java,west-java,Ciputat,ciputat
Indonesia,indonesia,ID,West Java,west-java,Ciranjang-hilir,ciranjang-hilir
Indonesia,indonesia,ID,West Java,west-java,Cirebon,cirebon
Indonesia,indonesia,ID,West Java,west-java,Citeureup,citeureup
Indonesia,indonesia,ID,West Java,west-java,Depok,depok
Indonesia,indonesia,ID,West Java,west-java,Indramayu,indramayu
Indonesia,indonesia,ID,West Java,west-java,Jatibarang,jatibarang
Indonesia,indonesia,ID,West Java,west-java,Jatiwangi,jatiwangi
Indonesia,indonesia,ID,West Java,west-java,Kabupaten Bandung,kabupaten-bandung
Indonesia,indonesia,ID,West Java,west-java,Kabupaten Bandung Barat,kabupaten-bandung-barat
Indonesia,indonesia,ID,West Java,west-java,Kabupaten Bekasi,kabupaten-bekasi
Indonesia,indonesia,ID,West Java,west-java,Kabupaten Bogor,kabupaten-bogor
Indonesia,indonesia,ID,West Java,west-java,Kabupaten Ciamis,kabupaten-ciamis
Indonesia,indonesia,ID,West Java,west-java,Kabupaten Cianjur,kabupaten-cianjur
Indonesia,indonesia,ID,West Java,west-java,Kabupaten Cirebon,kabupaten-cirebon
Indonesia,indonesia,ID,West Java,west-java,Kabupaten Garut,kabupaten-garut
Indonesia,indonesia,ID,West Java,west-java,Kabupaten Indramayu,kabupaten-indramayu
Indonesia,indonesia,ID,West Java,west-java,Kabupaten Karawang,kabupaten-karawang
Indonesia,indonesia,ID,West Java,west-java,Kabupaten Kuningan,kabupaten-kuningan
Indonesia,indonesia,ID,West Java,west-java,Kabupaten Majalengka,kabupaten-majalengka
Indonesia,indonesia,ID,West Java,west-java,Kabupaten Pangandaran,kabupaten-pangandaran
Indonesia,indonesia,ID,West Java,west-java,Kabupaten Purwakarta,kabupaten-purwakarta
Indonesia,indonesia,ID,West Java,west-java,Kabupaten Subang,kabupaten-subang
Indonesia,indonesia,ID,West Java,west-java,Kabupaten Sukabumi,kabupaten-sukabumi
Indonesia,indonesia,ID,West Java,west-java,Kabupaten Sumedang,kabupaten-sumedang
Indonesia,indonesia,ID,West Java,west-java,Kabupaten Tasikmalaya,kabupaten-tasikmalaya
Indonesia,indonesia,ID,West Java,west-java,Karangampel,karangampel
Indonesia,indonesia,ID,West Java,west-java,Karangsembung,karangsembung
Indonesia,indonesia,ID,West Java,west-java,Kawalu,kawalu
Indonesia,indonesia,ID,West Java,west-java,Klangenan,klangenan
Indonesia,indonesia,ID,West Java,west-java,Kota Bandung,kota-bandung
Indonesia,indonesia,ID,West Java,west-java,Kota Banjar,kota-banjar
Indonesia,indonesia,ID,West Java,west-java,Kota Bekasi,kota-bekasi
Indonesia,indonesia,ID,West Java,west-java,Kota Bogor,kota-bogor
Indonesia,indonesia,ID,West Java,west-java,Kota Cimahi,kota-cimahi
Indonesia,indonesia,ID,West Java,west-java,Kota Cirebon,kota-cirebon
Indonesia,indonesia,ID,West Java,west-java,Kota Depok,kota-depok
Indonesia,indonesia,ID,West Java,west-java,Kota Sukabumi,kota-sukabumi
Indonesia,indonesia,ID,West Java,west-java,Kota Tasikmalaya,kota-tasikmalaya
Indonesia,indonesia,ID,West Java,west-java,Kresek,kresek
Indonesia,indonesia,ID,West Java,west-java,Kuningan,kuningan
Indonesia,indonesia,ID,West Java,west-java,Lembang,lembang
Indonesia,indonesia,ID,West Java,west-java,Majalengka,majalengka
Indonesia,indonesia,ID,West Java,west-java,Margahayukencana,margahayukencana
Indonesia,indonesia,ID,West Java,west-java,Ngawi,ngawi
Indonesia,indonesia,ID,West Java,west-java,Padalarang,padalarang
Indonesia,indonesia,ID,West Java,west-java,Palimanan,palimanan
Indonesia,indonesia,ID,West Java,west-java,Pamanukan,pamanukan
Indonesia,indonesia,ID,West Java,west-java,Pameungpeuk,pameungpeuk
Indonesia,indonesia,ID,West Java,west-java,Pamulang,pamulang
Indonesia,indonesia,ID,West Java,west-java,Parung,parung
Indonesia,indonesia,ID,West Java,west-java,Pasarkemis,pasarkemis
Indonesia,indonesia,ID,West Java,west-java,Paseh,paseh
Indonesia,indonesia,ID,West Java,west-java,Pelabuhanratu,pelabuhanratu
Indonesia,indonesia,ID,West Java,west-java,Plumbon,plumbon
Indonesia,indonesia,ID,West Java,west-java,Purwakarta,purwakarta
Indonesia,indonesia,ID,West Java,west-java,Rajapolah,rajapolah
Indonesia,indonesia,ID,West Java,west-java,Rengasdengklok,rengasdengklok
Indonesia,indonesia,ID,West Java,west-java,Sawangan,sawangan
Indonesia,indonesia,ID,West Java,west-java,Sepatan,sepatan
Indonesia,indonesia,ID,West Java,west-java,Serpong,serpong
Indonesia,indonesia,ID,West Java,west-java,Singaparna,singaparna
Indonesia,indonesia,ID,West Java,west-java,Soreang,soreang
Indonesia,indonesia,ID,West Java,west-java,Sukabumi,sukabumi
Indonesia,indonesia,ID,West Java,west-java,Sumber,sumber
Indonesia,indonesia,ID,West Java,west-java,Sumedang,sumedang
Indonesia,indonesia,ID,West Java,west-java,Sumedang Utara,sumedang-utara
Indonesia,indonesia,ID,West Java,west-java,Tasikmalaya,tasikmalaya
Indonesia,indonesia,ID,West Java,west-java,Teluknaga,teluknaga
Indonesia,indonesia,ID,West Java,west-java,Wanaraja,wanaraja
Indonesia,indonesia,ID,West Java,west-java,Weru,weru
Indonesia,indonesia,ID,West Nusa Tenggara,west-nusa-tenggara,Bima,bima
Indonesia,indonesia,ID,West Nusa Tenggara,west-nusa-tenggara,Dompu,dompu
Indonesia,indonesia,ID,West Nusa Tenggara,west-nusa-tenggara,Gili Air,gili-air
Indonesia,indonesia,ID,West Nusa Tenggara,west-nusa-tenggara,Kabupaten Bima,kabupaten-bima
Indonesia,indonesia,ID,West Nusa Tenggara,west-nusa-tenggara,Kabupaten Dompu,kabupaten-dompu
Indonesia,indonesia,ID,West Nusa Tenggara,west-nusa-tenggara,Kabupaten Lombok Barat,kabupaten-lombok-barat
Indonesia,indonesia,ID,West Nusa Tenggara,west-nusa-tenggara,Kabupaten Lombok Tengah,kabupaten-lombok-tengah
Indonesia,indonesia,ID,West Nusa Tenggara,west-nusa-tenggara,Kabupaten Lombok Timur,kabupaten-lombok-timur
Indonesia,indonesia,ID,West Nusa Tenggara,west-nusa-tenggara,Kabupaten Lombok Utara,kabupaten-lombok-utara
Indonesia,indonesia,ID,West Nusa Tenggara,west-nusa-tenggara,Kabupaten Sumbawa,kabupaten-sumbawa
Indonesia,indonesia,ID,West Nusa Tenggara,west-nusa-tenggara,Kabupaten Sumbawa Barat,kabupaten-sumbawa-barat
Indonesia,indonesia,ID,West Nusa Tenggara,west-nusa-tenggara,Kota Bima,kota-bima
Indonesia,indonesia,ID,West Nusa Tenggara,west-nusa-tenggara,Kota Mataram,kota-mataram
Indonesia,indonesia,ID,West Nusa Tenggara,west-nusa-tenggara,Labuan Lombok,labuan-lombok
Indonesia,indonesia,ID,West Nusa Tenggara,west-nusa-tenggara,Lembar,lembar
Indonesia,indonesia,ID,West Nusa Tenggara,west-nusa-tenggara,Mataram,mataram
Indonesia,indonesia,ID,West Nusa Tenggara,west-nusa-tenggara,Pemenang,pemenang
Indonesia,indonesia,ID,West Nusa Tenggara,west-nusa-tenggara,Pototano,pototano
Indonesia,indonesia,ID,West Nusa Tenggara,west-nusa-tenggara,Praya,praya
Indonesia,indonesia,ID,West Nusa Tenggara,west-nusa-tenggara,Senggigi,senggigi
Indonesia,indonesia,ID,West Nusa Tenggara,west-nusa-tenggara,Sumbawa Besar,sumbawa-besar
Indonesia,indonesia,ID,West Papua,west-papua,Kabupaten Fakfak,kabupaten-fakfak
Indonesia,indonesia,ID,West Papua,west-papua,Kabupaten Kaimana,kabupaten-kaimana
Indonesia,indonesia,ID,West Papua,west-papua,Kabupaten Manokwari,kabupaten-manokwari
Indonesia,indonesia,ID,West Papua,west-papua,Kabupaten Manokwari Selatan,kabupaten-manokwari-selatan
Indonesia,indonesia,ID,West Papua,west-papua,Kabupaten Maybrat,kabupaten-maybrat
Indonesia,indonesia,ID,West Papua,west-papua,Kabupaten Raja Ampat,kabupaten-raja-ampat
Indonesia,indonesia,ID,West Papua,west-papua,Kabupaten Sorong,kabupaten-sorong
Indonesia,indonesia,ID,West Papua,west-papua,Kabupaten Sorong Selatan,kabupaten-sorong-selatan
Indonesia,indonesia,ID,West Papua,west-papua,Kabupaten Tambrauw,kabupaten-tambrauw
Indonesia,indonesia,ID,West Papua,west-papua,Kabupaten Teluk Bintuni,kabupaten-teluk-bintuni
Indonesia,indonesia,ID,West Papua,west-papua,Kabupaten Teluk Wondama,kabupaten-teluk-wondama
Indonesia,indonesia,ID,West Papua,west-papua,Kota Sorong,kota-sorong
Indonesia,indonesia,ID,West Papua,west-papua,Manokwari,manokwari
Indonesia,indonesia,ID,West Papua,west-papua,Sorong,sorong
Indonesia,indonesia,ID,West Sulawesi,west-sulawesi,Kabupaten Majene,kabupaten-majene
Indonesia,indonesia,ID,West Sulawesi,west-sulawesi,Kabupaten Mamasa,kabupaten-mamasa
Indonesia,indonesia,ID,West Sulawesi,west-sulawesi,Kabupaten Mamuju,kabupaten-mamuju
Indonesia,indonesia,ID,West Sulawesi,west-sulawesi,Kabupaten Mamuju Tengah,kabupaten-mamuju-tengah
Indonesia,indonesia,ID,West Sulawesi,west-sulawesi,Kabupaten Mamuju Utara,kabupaten-mamuju-utara
Indonesia,indonesia,ID,West Sulawesi,west-sulawesi,Kabupaten Polewali Mandar,kabupaten-polewali-mandar
Indonesia,indonesia,ID,West Sulawesi,west-sulawesi,Majene,majene
Indonesia,indonesia,ID,West Sulawesi,west-sulawesi,Mamuju,mamuju
Indonesia,indonesia,ID,West Sulawesi,west-sulawesi,Polewali,polewali
Indonesia,indonesia,ID,West Sumatra,west-sumatra,Bukittinggi,bukittinggi
Indonesia,indonesia,ID,West Sumatra,west-sumatra,Kabupaten Agam,kabupaten-agam
Indonesia,indonesia,ID,West Sumatra,west-sumatra,Kabupaten Dharmasraya,kabupaten-dharmasraya
Indonesia,indonesia,ID,West Sumatra,west-sumatra,Kabupaten Kepulauan Mentawai,kabupaten-kepulauan-mentawai
Indonesia,indonesia,ID,West Sumatra,west-sumatra,Kabupaten Lima Puluh Kota,kabupaten-lima-puluh-kota
Indonesia,indonesia,ID,West Sumatra,west-sumatra,Kabupaten Padang Pariaman,kabupaten-padang-pariaman
Indonesia,indonesia,ID,West Sumatra,west-sumatra,Kabupaten Pasaman,kabupaten-pasaman
Indonesia,indonesia,ID,West Sumatra,west-sumatra,Kabupaten Pasaman Barat,kabupaten-pasaman-barat
Indonesia,indonesia,ID,West Sumatra,west-sumatra,Kabupaten Pesisir Selatan,kabupaten-pesisir-selatan
Indonesia,indonesia,ID,West Sumatra,west-sumatra,Kabupaten Sijunjung,kabupaten-sijunjung
Indonesia,indonesia,ID,West Sumatra,west-sumatra,Kabupaten Solok,kabupaten-solok
Indonesia,indonesia,ID,West Sumatra,west-sumatra,Kabupaten Solok Selatan,kabupaten-solok-selatan
Indonesia,indonesia,ID,West Sumatra,west-sumatra,Kabupaten Tanah Datar,kabupaten-tanah-datar
Indonesia,indonesia,ID,West Sumatra,west-sumatra,Kota Bukittinggi,kota-bukittinggi
Indonesia,indonesia,ID,West Sumatra,west-sumatra,Kota Padang,kota-padang
Indonesia,indonesia,ID,West Sumatra,west-sumatra,Kota Padang Panjang,kota-padang-panjang
Indonesia,indonesia,ID,West Sumatra,west-sumatra,Kota Pariaman,kota-pariaman
Indonesia,indonesia,ID,West Sumatra,west-sumatra,Kota Payakumbuh,kota-payakumbuh
Indonesia,indonesia,ID,West Sumatra,west-sumatra,Kota Sawah Lunto,kota-sawah-lunto
Indonesia,indonesia,ID,West Sumatra,west-sumatra,Kota Solok,kota-solok
Indonesia,indonesia,ID,West Sumatra,west-sumatra,Padang,padang
Indonesia,indonesia,ID,West Sumatra,west-sumatra,Pariaman,pariaman
Indonesia,indonesia,ID,West Sumatra,west-sumatra,Payakumbuh,payakumbuh
Indonesia,indonesia,ID,West Sumatra,west-sumatra,Sijunjung,sijunjung
Indonesia,indonesia,ID,West Sumatra,west-sumatra,Solok,solok
