s_country_name,s_country_slug,s_country_code_iso2,s_region_name,s_region_slug,s_city_name,s_city_slug
Portugal,portugal,PT,Aveiro District,aveiro-district,Aguada de Cima,aguada-de-cima
Portugal,portugal,PT,Aveiro District,aveiro-district,Agueda,agueda
Portugal,portugal,PT,Aveiro District,aveiro-district,Albergaria-a-Velha,albergaria-a-velha
Portugal,portugal,PT,Aveiro District,aveiro-district,Anadia,anadia
Portugal,portugal,PT,Aveiro District,aveiro-district,Aradas,aradas
Portugal,portugal,PT,Aveiro District,aveiro-district,Arcos,arcos
Portugal,portugal,PT,Aveiro District,aveiro-district,Argoncilhe,argoncilhe
Portugal,portugal,PT,Aveiro District,aveiro-district,Arouca,arouca
Portugal,portugal,PT,Aveiro District,aveiro-district,Arrifana,arrifana
Portugal,portugal,PT,Aveiro District,aveiro-district,Avanca,avanca
Portugal,portugal,PT,Aveiro District,aveiro-district,Aveiro,aveiro
Portugal,portugal,PT,Aveiro District,aveiro-district,Beduido,beduido
Portugal,portugal,PT,Aveiro District,aveiro-district,Branca,branca
Portugal,portugal,PT,Aveiro District,aveiro-district,Castelo de Paiva,castelo-de-paiva
Portugal,portugal,PT,Aveiro District,aveiro-district,Cortegaca,cortegaca
Portugal,portugal,PT,Aveiro District,aveiro-district,Cucujaes,cucujaes
Portugal,portugal,PT,Aveiro District,aveiro-district,Eixo,eixo
Portugal,portugal,PT,Aveiro District,aveiro-district,Esgueira,esgueira
Portugal,portugal,PT,Aveiro District,aveiro-district,Esmoriz,esmoriz
Portugal,portugal,PT,Aveiro District,aveiro-district,Espargo,espargo
Portugal,portugal,PT,Aveiro District,aveiro-district,Espinho,espinho
Portugal,portugal,PT,Aveiro District,aveiro-district,Estarreja,estarreja
Portugal,portugal,PT,Aveiro District,aveiro-district,Feira,feira
Portugal,portugal,PT,Aveiro District,aveiro-district,Fiaes,fiaes
Portugal,portugal,PT,Aveiro District,aveiro-district,Gafanha da Encarnacao,gafanha-da-encarnacao
Portugal,portugal,PT,Aveiro District,aveiro-district,Gafanha da Nazare,gafanha-da-nazare
Portugal,portugal,PT,Aveiro District,aveiro-district,Ilhavo,ilhavo
Portugal,portugal,PT,Aveiro District,aveiro-district,Lamas,lamas
Portugal,portugal,PT,Aveiro District,aveiro-district,Lobao,lobao
Portugal,portugal,PT,Aveiro District,aveiro-district,Lourosa,lourosa
Portugal,portugal,PT,Aveiro District,aveiro-district,Luso,luso
Portugal,portugal,PT,Aveiro District,aveiro-district,Macieira de Cambra,macieira-de-cambra
Portugal,portugal,PT,Aveiro District,aveiro-district,Mealhada,mealhada
Portugal,portugal,PT,Aveiro District,aveiro-district,Milheiros de Poiares,milheiros-de-poiares
Portugal,portugal,PT,Aveiro District,aveiro-district,Mosteiro,mosteiro
Portugal,portugal,PT,Aveiro District,aveiro-district,Murtosa,murtosa
Portugal,portugal,PT,Aveiro District,aveiro-district,Nogueira da Regedoura,nogueira-da-regedoura
Portugal,portugal,PT,Aveiro District,aveiro-district,Oia,oia
Portugal,portugal,PT,Aveiro District,aveiro-district,Oliveira de Azemeis,oliveira-de-azemeis
Portugal,portugal,PT,Aveiro District,aveiro-district,Oliveira de Azemeis,oliveira-de-azemeis
Portugal,portugal,PT,Aveiro District,aveiro-district,Oliveira do Bairro,oliveira-do-bairro
Portugal,portugal,PT,Aveiro District,aveiro-district,Oliveirinha,oliveirinha
Portugal,portugal,PT,Aveiro District,aveiro-district,Ovar,ovar
Portugal,portugal,PT,Aveiro District,aveiro-district,Pacos de Brandao,pacos-de-brandao
Portugal,portugal,PT,Aveiro District,aveiro-district,Pampilhosa do Botao,pampilhosa-do-botao
Portugal,portugal,PT,Aveiro District,aveiro-district,Pardilho,pardilho
Portugal,portugal,PT,Aveiro District,aveiro-district,Rio Meao,rio-meao
Portugal,portugal,PT,Aveiro District,aveiro-district,Salreu,salreu
Portugal,portugal,PT,Aveiro District,aveiro-district,Sanfins,sanfins
Portugal,portugal,PT,Aveiro District,aveiro-district,Sangalhos,sangalhos
Portugal,portugal,PT,Aveiro District,aveiro-district,Santa Maria da Feira,santa-maria-da-feira
Portugal,portugal,PT,Aveiro District,aveiro-district,Sao Joao,sao-joao
Portugal,portugal,PT,Aveiro District,aveiro-district,Sao Joao da Madeira,sao-joao-da-madeira
Portugal,portugal,PT,Aveiro District,aveiro-district,Sao Joao de Ver,sao-joao-de-ver
Portugal,portugal,PT,Aveiro District,aveiro-district,Sao Roque,sao-roque
Portugal,portugal,PT,Aveiro District,aveiro-district,Sever do Vouga,sever-do-vouga
Portugal,portugal,PT,Aveiro District,aveiro-district,Silvalde,silvalde
Portugal,portugal,PT,Aveiro District,aveiro-district,Souto,souto
Portugal,portugal,PT,Aveiro District,aveiro-district,Vagos,vagos
Portugal,portugal,PT,Aveiro District,aveiro-district,Vale de Cambra,vale-de-cambra
Portugal,portugal,PT,Aveiro District,aveiro-district,Valega,valega
Portugal,portugal,PT,Aveiro District,aveiro-district,Valongo,valongo
Portugal,portugal,PT,Aveiro District,aveiro-district,Vila Cha,vila-cha
Portugal,portugal,PT,Azores,azores,Agua de Pau,agua-de-pau
Portugal,portugal,PT,Azores,azores,Angra do Heroismo,angra-do-heroismo
Portugal,portugal,PT,Azores,azores,Angustias,angustias
Portugal,portugal,PT,Azores,azores,Arrifes,arrifes
Portugal,portugal,PT,Azores,azores,Biscoitos,biscoitos
Portugal,portugal,PT,Azores,azores,Cabouco,cabouco
Portugal,portugal,PT,Azores,azores,Cais do Pico,cais-do-pico
Portugal,portugal,PT,Azores,azores,Calheta,calheta
Portugal,portugal,PT,Azores,azores,Calheta de Sao Jorge,calheta-de-sao-jorge
Portugal,portugal,PT,Azores,azores,Castelo Branco,castelo-branco
Portugal,portugal,PT,Azores,azores,Corvo,corvo
Portugal,portugal,PT,Azores,azores,Faja de Baixo,faja-de-baixo
Portugal,portugal,PT,Azores,azores,Fenais da Ajuda,fenais-da-ajuda
Portugal,portugal,PT,Azores,azores,Fenais da Luz,fenais-da-luz
Portugal,portugal,PT,Azores,azores,Feteira,feteira
Portugal,portugal,PT,Azores,azores,Fonte Bastardo,fonte-bastardo
Portugal,portugal,PT,Azores,azores,Furnas,furnas
Portugal,portugal,PT,Azores,azores,Horta,horta
Portugal,portugal,PT,Azores,azores,Lagoa,lagoa
Portugal,portugal,PT,Azores,azores,Lajes,lajes
Portugal,portugal,PT,Azores,azores,Lajes das Flores,lajes-das-flores
Portugal,portugal,PT,Azores,azores,Lajes do Pico,lajes-do-pico
Portugal,portugal,PT,Azores,azores,Madalena,madalena
Portugal,portugal,PT,Azores,azores,Maia,maia
Portugal,portugal,PT,Azores,azores,Mosteiros,mosteiros
Portugal,portugal,PT,Azores,azores,Nordeste,nordeste
Portugal,portugal,PT,Azores,azores,Ponta Delgada,ponta-delgada
Portugal,portugal,PT,Azores,azores,Ponta Garca,ponta-garca
Portugal,portugal,PT,Azores,azores,Porto Judeu,porto-judeu
Portugal,portugal,PT,Azores,azores,Porto Martins,porto-martins
Portugal,portugal,PT,Azores,azores,Povoacao,povoacao
Portugal,portugal,PT,Azores,azores,Praia da Vitoria,praia-da-vitoria
Portugal,portugal,PT,Azores,azores,Rabo de Peixe,rabo-de-peixe
Portugal,portugal,PT,Azores,azores,Relva,relva
Portugal,portugal,PT,Azores,azores,Ribeira Grande,ribeira-grande
Portugal,portugal,PT,Azores,azores,Ribeira Seca,ribeira-seca
Portugal,portugal,PT,Azores,azores,Ribeirinha,ribeirinha
Portugal,portugal,PT,Azores,azores,Rosto de Cao,rosto-de-cao
Portugal,portugal,PT,Azores,azores,Santa Barbara,santa-barbara
Portugal,portugal,PT,Azores,azores,Santa Cruz da Graciosa,santa-cruz-da-graciosa
Portugal,portugal,PT,Azores,azores,Santa Cruz das Flores,santa-cruz-das-flores
Portugal,portugal,PT,Azores,azores,Sao Bartolomeu,sao-bartolomeu
Portugal,portugal,PT,Azores,azores,Sao Mateus,sao-mateus
Portugal,portugal,PT,Azores,azores,Sao Roque,sao-roque
Portugal,portugal,PT,Azores,azores,Sao Roque do Pico,sao-roque-do-pico
Portugal,portugal,PT,Azores,azores,Sao Sebastiao,sao-sebastiao
Portugal,portugal,PT,Azores,azores,Sao Vicente,sao-vicente
Portugal,portugal,PT,Azores,azores,Senhora do Rosario,senhora-do-rosario
Portugal,portugal,PT,Azores,azores,Velas,velas
Portugal,portugal,PT,Azores,azores,Vila do Porto,vila-do-porto
Portugal,portugal,PT,Azores,azores,Vila Franca do Campo,vila-franca-do-campo
Portugal,portugal,PT,Beja District,beja-district,Aldeia Nova de Sao Bento,aldeia-nova-de-sao-bento
Portugal,portugal,PT,Beja District,beja-district,Aljustrel,aljustrel
Portugal,portugal,PT,Beja District,beja-district,Almodovar,almodovar
Portugal,portugal,PT,Beja District,beja-district,Almograve,almograve
Portugal,portugal,PT,Beja District,beja-district,Alvito,alvito
Portugal,portugal,PT,Beja District,beja-district,Barrancos,barrancos
Portugal,portugal,PT,Beja District,beja-district,Beja,beja
Portugal,portugal,PT,Beja District,beja-district,Beringel,beringel
Portugal,portugal,PT,Beja District,beja-district,Boavista dos Pinheiros,boavista-dos-pinheiros
Portugal,portugal,PT,Beja District,beja-district,Cabeca Gorda,cabeca-gorda
Portugal,portugal,PT,Beja District,beja-district,Castro Verde,castro-verde
Portugal,portugal,PT,Beja District,beja-district,Cuba,cuba
Portugal,portugal,PT,Beja District,beja-district,Ferreira do Alentejo,ferreira-do-alentejo
Portugal,portugal,PT,Beja District,beja-district,Mertola,mertola
Portugal,portugal,PT,Beja District,beja-district,Minas de Sao Domingos,minas-de-sao-domingos
Portugal,portugal,PT,Beja District,beja-district,Moura,moura
Portugal,portugal,PT,Beja District,beja-district,Neves,neves
Portugal,portugal,PT,Beja District,beja-district,Odemira,odemira
Portugal,portugal,PT,Beja District,beja-district,Ourique,ourique
Portugal,portugal,PT,Beja District,beja-district,Penedo Gordo,penedo-gordo
Portugal,portugal,PT,Beja District,beja-district,Salvada,salvada
Portugal,portugal,PT,Beja District,beja-district,Sao Luis,sao-luis
Portugal,portugal,PT,Beja District,beja-district,Sao Teotonio,sao-teotonio
Portugal,portugal,PT,Beja District,beja-district,Serpa,serpa
Portugal,portugal,PT,Beja District,beja-district,Vidigueira,vidigueira
Portugal,portugal,PT,Beja District,beja-district,Vila Nova de Milfontes,vila-nova-de-milfontes
Portugal,portugal,PT,Beja District,beja-district,Zambujeira do Mar,zambujeira-do-mar
Portugal,portugal,PT,Braga District,braga-district,Adaufe,adaufe
Portugal,portugal,PT,Braga District,braga-district,Amares,amares
Portugal,portugal,PT,Braga District,braga-district,Apulia,apulia
Portugal,portugal,PT,Braga District,braga-district,Apulia e Fao,apulia-e-fao
Portugal,portugal,PT,Braga District,braga-district,Arcos,arcos
Portugal,portugal,PT,Braga District,braga-district,Aroes,aroes
Portugal,portugal,PT,Braga District,braga-district,Aveleda,aveleda
Portugal,portugal,PT,Braga District,braga-district,Barcelos,barcelos
Portugal,portugal,PT,Braga District,braga-district,Barqueiros,barqueiros
Portugal,portugal,PT,Braga District,braga-district,Braga,braga
Portugal,portugal,PT,Braga District,braga-district,Brito,brito
Portugal,portugal,PT,Braga District,braga-district,Cabeceiras de Basto,cabeceiras-de-basto
Portugal,portugal,PT,Braga District,braga-district,Caldas das Taipas,caldas-das-taipas
Portugal,portugal,PT,Braga District,braga-district,Caldas de Vizela,caldas-de-vizela
Portugal,portugal,PT,Braga District,braga-district,Caldelas,caldelas
Portugal,portugal,PT,Braga District,braga-district,Calendario,calendario
Portugal,portugal,PT,Braga District,braga-district,Candoso,candoso
Portugal,portugal,PT,Braga District,braga-district,Celorico de Basto,celorico-de-basto
Portugal,portugal,PT,Braga District,braga-district,Chavao,chavao
Portugal,portugal,PT,Braga District,braga-district,Cristelo,cristelo
Portugal,portugal,PT,Braga District,braga-district,Esporoes,esporoes
Portugal,portugal,PT,Braga District,braga-district,Esposende,esposende
Portugal,portugal,PT,Braga District,braga-district,Fafe,fafe
Portugal,portugal,PT,Braga District,braga-district,Faria,faria
Portugal,portugal,PT,Braga District,braga-district,Ferreiros,ferreiros
Portugal,portugal,PT,Braga District,braga-district,Fradelos,fradelos
Portugal,portugal,PT,Braga District,braga-district,Frossos,frossos
Portugal,portugal,PT,Braga District,braga-district,Galegos,galegos
Portugal,portugal,PT,Braga District,braga-district,Gandra,gandra
Portugal,portugal,PT,Braga District,braga-district,Gondizalves,gondizalves
Portugal,portugal,PT,Braga District,braga-district,Gueral,gueral
Portugal,portugal,PT,Braga District,braga-district,Guimaraes,guimaraes
Portugal,portugal,PT,Braga District,braga-district,Guisande,guisande
Portugal,portugal,PT,Braga District,braga-district,Joane,joane
Portugal,portugal,PT,Braga District,braga-district,Lago,lago
Portugal,portugal,PT,Braga District,braga-district,Lordelo,lordelo
Portugal,portugal,PT,Braga District,braga-district,Macieira de Rates,macieira-de-rates
Portugal,portugal,PT,Braga District,braga-district,Marinhas,marinhas
Portugal,portugal,PT,Braga District,braga-district,Mariz,mariz
Portugal,portugal,PT,Braga District,braga-district,Merelim,merelim
Portugal,portugal,PT,Braga District,braga-district,Moreira de Conegos,moreira-de-conegos
Portugal,portugal,PT,Braga District,braga-district,Negreiros,negreiros
Portugal,portugal,PT,Braga District,braga-district,Oliveira,oliveira
Portugal,portugal,PT,Braga District,braga-district,Perelhal,perelhal
Portugal,portugal,PT,Braga District,braga-district,Ponte,ponte
Portugal,portugal,PT,Braga District,braga-district,Povoa de Lanhoso,povoa-de-lanhoso
Portugal,portugal,PT,Braga District,braga-district,Prado,prado
Portugal,portugal,PT,Braga District,braga-district,Real,real
Portugal,portugal,PT,Braga District,braga-district,Refojos de Basto,refojos-de-basto
Portugal,portugal,PT,Braga District,braga-district,Rendufe,rendufe
Portugal,portugal,PT,Braga District,braga-district,Riba de Ave,riba-de-ave
Portugal,portugal,PT,Braga District,braga-district,Ribeirao,ribeirao
Portugal,portugal,PT,Braga District,braga-district,Ronfe,ronfe
Portugal,portugal,PT,Braga District,braga-district,Sande,sande
Portugal,portugal,PT,Braga District,braga-district,Selho,selho
Portugal,portugal,PT,Braga District,braga-district,Semelhe,semelhe
Portugal,portugal,PT,Braga District,braga-district,Serzedelo,serzedelo
Portugal,portugal,PT,Braga District,braga-district,Serzedo,serzedo
Portugal,portugal,PT,Braga District,braga-district,Tebosa,tebosa
Portugal,portugal,PT,Braga District,braga-district,Terras de Bouro,terras-de-bouro
Portugal,portugal,PT,Braga District,braga-district,Urgeses,urgeses
Portugal,portugal,PT,Braga District,braga-district,Varzea,varzea
Portugal,portugal,PT,Braga District,braga-district,Vieira do Minho,vieira-do-minho
Portugal,portugal,PT,Braga District,braga-district,Vila Cova,vila-cova
Portugal,portugal,PT,Braga District,braga-district,Vila Frescainha,vila-frescainha
Portugal,portugal,PT,Braga District,braga-district,Vila Nova de Famalicao,vila-nova-de-famalicao
Portugal,portugal,PT,Braga District,braga-district,Vila Seca,vila-seca
Portugal,portugal,PT,Braga District,braga-district,Vila Verde,vila-verde
Portugal,portugal,PT,Braga District,braga-district,Vilaca,vilaca
Portugal,portugal,PT,Braga District,braga-district,Vilar de Figos,vilar-de-figos
Portugal,portugal,PT,Braga District,braga-district,Vizela,vizela
Portugal,portugal,PT,Braganca District,braganca-district,Alfandega da Fe,alfandega-da-fe
Portugal,portugal,PT,Braganca District,braganca-district,Belver,belver
Portugal,portugal,PT,Braganca District,braganca-district,Braganca Municipality,braganca-municipality
Portugal,portugal,PT,Braganca District,braganca-district,Carrazeda de Anciaes,carrazeda-de-anciaes
Portugal,portugal,PT,Braganca District,braganca-district,Carrazeda de Ansiaes,carrazeda-de-ansiaes
Portugal,portugal,PT,Braganca District,braganca-district,Freixo de Espada a Cinta,freixo-de-espada-a-cinta
Portugal,portugal,PT,Braganca District,braganca-district,Macedo de Cavaleiros,macedo-de-cavaleiros
Portugal,portugal,PT,Braganca District,braganca-district,Miranda do Douro,miranda-do-douro
Portugal,portugal,PT,Braganca District,braganca-district,Mirandela,mirandela
Portugal,portugal,PT,Braganca District,braganca-district,Mogadouro,mogadouro
Portugal,portugal,PT,Braganca District,braganca-district,Samil,samil
Portugal,portugal,PT,Braganca District,braganca-district,Sendim,sendim
Portugal,portugal,PT,Braganca District,braganca-district,Torre de Moncorvo,torre-de-moncorvo
Portugal,portugal,PT,Braganca District,braganca-district,Vila Flor,vila-flor
Portugal,portugal,PT,Braganca District,braganca-district,Vimioso,vimioso
Portugal,portugal,PT,Braganca District,braganca-district,Vinhais,vinhais
Portugal,portugal,PT,Castelo Branco District,castelo-branco-district,Aldeia de Joanes,aldeia-de-joanes
Portugal,portugal,PT,Castelo Branco District,castelo-branco-district,Belmonte,belmonte
Portugal,portugal,PT,Castelo Branco District,castelo-branco-district,Castelo Branco,castelo-branco
Portugal,portugal,PT,Castelo Branco District,castelo-branco-district,Covilha,covilha
Portugal,portugal,PT,Castelo Branco District,castelo-branco-district,Fundao,fundao
Portugal,portugal,PT,Castelo Branco District,castelo-branco-district,Idanha-A-Nova,idanha-a-nova
Portugal,portugal,PT,Castelo Branco District,castelo-branco-district,Oleiros,oleiros
Portugal,portugal,PT,Castelo Branco District,castelo-branco-district,Penamacor,penamacor
Portugal,portugal,PT,Castelo Branco District,castelo-branco-district,Proenca-a-Nova,proenca-a-nova
Portugal,portugal,PT,Castelo Branco District,castelo-branco-district,Serta,serta
Portugal,portugal,PT,Castelo Branco District,castelo-branco-district,Teixoso,teixoso
Portugal,portugal,PT,Castelo Branco District,castelo-branco-district,Vila de Rei,vila-de-rei
Portugal,portugal,PT,Castelo Branco District,castelo-branco-district,Vila Velha de Rodao,vila-velha-de-rodao
Portugal,portugal,PT,Coimbra District,coimbra-district,Alfarelos,alfarelos
Portugal,portugal,PT,Coimbra District,coimbra-district,Alhadas,alhadas
Portugal,portugal,PT,Coimbra District,coimbra-district,Anca,anca
Portugal,portugal,PT,Coimbra District,coimbra-district,Arazede,arazede
Portugal,portugal,PT,Coimbra District,coimbra-district,Arganil,arganil
Portugal,portugal,PT,Coimbra District,coimbra-district,Assafarge,assafarge
Portugal,portugal,PT,Coimbra District,coimbra-district,Buarcos,buarcos
Portugal,portugal,PT,Coimbra District,coimbra-district,Cantanhede,cantanhede
Portugal,portugal,PT,Coimbra District,coimbra-district,Carapinheira,carapinheira
Portugal,portugal,PT,Coimbra District,coimbra-district,Coimbra,coimbra
Portugal,portugal,PT,Coimbra District,coimbra-district,Condeixa-a-Nova,condeixa-a-nova
Portugal,portugal,PT,Coimbra District,coimbra-district,Figueira da Foz,figueira-da-foz
Portugal,portugal,PT,Coimbra District,coimbra-district,Gois,gois
Portugal,portugal,PT,Coimbra District,coimbra-district,Lavos,lavos
Portugal,portugal,PT,Coimbra District,coimbra-district,Lorvao,lorvao
Portugal,portugal,PT,Coimbra District,coimbra-district,Lousa,lousa
Portugal,portugal,PT,Coimbra District,coimbra-district,Mira,mira
Portugal,portugal,PT,Coimbra District,coimbra-district,Miranda do Corvo,miranda-do-corvo
Portugal,portugal,PT,Coimbra District,coimbra-district,Montemor-o-Velho,montemor-o-velho
Portugal,portugal,PT,Coimbra District,coimbra-district,Oliveira do Hospital,oliveira-do-hospital
Portugal,portugal,PT,Coimbra District,coimbra-district,Oliveira do Mondego,oliveira-do-mondego
Portugal,portugal,PT,Coimbra District,coimbra-district,Pampilhosa da Serra,pampilhosa-da-serra
Portugal,portugal,PT,Coimbra District,coimbra-district,Penacova,penacova
Portugal,portugal,PT,Coimbra District,coimbra-district,Penela,penela
Portugal,portugal,PT,Coimbra District,coimbra-district,Poiares,poiares
Portugal,portugal,PT,Coimbra District,coimbra-district,Santa Clara,santa-clara
Portugal,portugal,PT,Coimbra District,coimbra-district,Santo Antonio dos Olivais,santo-antonio-dos-olivais
Portugal,portugal,PT,Coimbra District,coimbra-district,Sao Pedro de Alva,sao-pedro-de-alva
Portugal,portugal,PT,Coimbra District,coimbra-district,Soure,soure
Portugal,portugal,PT,Coimbra District,coimbra-district,Tabua,tabua
Portugal,portugal,PT,Coimbra District,coimbra-district,Tavarede,tavarede
Portugal,portugal,PT,Coimbra District,coimbra-district,Tocha,tocha
Portugal,portugal,PT,Coimbra District,coimbra-district,Travanca,travanca
Portugal,portugal,PT,Coimbra District,coimbra-district,Vila Nova de Poiares,vila-nova-de-poiares
Portugal,portugal,PT,Evora District,evora-district,Alandroal,alandroal
Portugal,portugal,PT,Evora District,evora-district,Arraiolos,arraiolos
Portugal,portugal,PT,Evora District,evora-district,Borba,borba
Portugal,portugal,PT,Evora District,evora-district,Estremoz,estremoz
Portugal,portugal,PT,Evora District,evora-district,Evora,evora
Portugal,portugal,PT,Evora District,evora-district,Montemor-o-Novo,montemor-o-novo
Portugal,portugal,PT,Evora District,evora-district,Mora,mora
Portugal,portugal,PT,Evora District,evora-district,Mourao,mourao
Portugal,portugal,PT,Evora District,evora-district,Portel,portel
Portugal,portugal,PT,Evora District,evora-district,Redondo,redondo
Portugal,portugal,PT,Evora District,evora-district,Reguengos de Monsaraz,reguengos-de-monsaraz
Portugal,portugal,PT,Evora District,evora-district,Vendas Novas,vendas-novas
Portugal,portugal,PT,Evora District,evora-district,Viana do Alentejo,viana-do-alentejo
Portugal,portugal,PT,Evora District,evora-district,Vila Vicosa,vila-vicosa
Portugal,portugal,PT,Faro District,faro-district,Albufeira,albufeira
Portugal,portugal,PT,Faro District,faro-district,Alcantarilha,alcantarilha
Portugal,portugal,PT,Faro District,faro-district,Alcoutim,alcoutim
Portugal,portugal,PT,Faro District,faro-district,Algoz,algoz
Portugal,portugal,PT,Faro District,faro-district,Aljezur,aljezur
Portugal,portugal,PT,Faro District,faro-district,Almancil,almancil
Portugal,portugal,PT,Faro District,faro-district,Altura,altura
Portugal,portugal,PT,Faro District,faro-district,Alvor,alvor
Portugal,portugal,PT,Faro District,faro-district,Armacao de Pera,armacao-de-pera
Portugal,portugal,PT,Faro District,faro-district,Bensafrim,bensafrim
Portugal,portugal,PT,Faro District,faro-district,Boliqueime,boliqueime
Portugal,portugal,PT,Faro District,faro-district,Cabanas de Tavira,cabanas-de-tavira
Portugal,portugal,PT,Faro District,faro-district,Carvoeiro,carvoeiro
Portugal,portugal,PT,Faro District,faro-district,Castro Marim,castro-marim
Portugal,portugal,PT,Faro District,faro-district,Conceicao,conceicao
Portugal,portugal,PT,Faro District,faro-district,Estoi,estoi
Portugal,portugal,PT,Faro District,faro-district,Estombar,estombar
Portugal,portugal,PT,Faro District,faro-district,Faro,faro
Portugal,portugal,PT,Faro District,faro-district,Ferragudo,ferragudo
Portugal,portugal,PT,Faro District,faro-district,Ferreiras,ferreiras
Portugal,portugal,PT,Faro District,faro-district,Fuzeta,fuzeta
Portugal,portugal,PT,Faro District,faro-district,Guia,guia
Portugal,portugal,PT,Faro District,faro-district,Lagoa,lagoa
Portugal,portugal,PT,Faro District,faro-district,Lagos,lagos
Portugal,portugal,PT,Faro District,faro-district,Laranjeiro,laranjeiro
Portugal,portugal,PT,Faro District,faro-district,Loule,loule
Portugal,portugal,PT,Faro District,faro-district,Luz,luz
Portugal,portugal,PT,Faro District,faro-district,Manta Rota,manta-rota
Portugal,portugal,PT,Faro District,faro-district,Marmelete,marmelete
Portugal,portugal,PT,Faro District,faro-district,Mexilhoeira Grande,mexilhoeira-grande
Portugal,portugal,PT,Faro District,faro-district,Moncarapacho,moncarapacho
Portugal,portugal,PT,Faro District,faro-district,Monchique,monchique
Portugal,portugal,PT,Faro District,faro-district,Monte Gordo,monte-gordo
Portugal,portugal,PT,Faro District,faro-district,Olhao,olhao
Portugal,portugal,PT,Faro District,faro-district,Olhos de Agua,olhos-de-agua
Portugal,portugal,PT,Faro District,faro-district,Paderne,paderne
Portugal,portugal,PT,Faro District,faro-district,Parchal,parchal
Portugal,portugal,PT,Faro District,faro-district,Pera,pera
Portugal,portugal,PT,Faro District,faro-district,Porches,porches
Portugal,portugal,PT,Faro District,faro-district,Portimao,portimao
Portugal,portugal,PT,Faro District,faro-district,Quarteira,quarteira
Portugal,portugal,PT,Faro District,faro-district,Sagres,sagres
Portugal,portugal,PT,Faro District,faro-district,Santa Barbara de Nexe,santa-barbara-de-nexe
Portugal,portugal,PT,Faro District,faro-district,Santa Luzia,santa-luzia
Portugal,portugal,PT,Faro District,faro-district,Sao Bartolomeu de Messines,sao-bartolomeu-de-messines
Portugal,portugal,PT,Faro District,faro-district,Sao Bras de Alportel,sao-bras-de-alportel
Portugal,portugal,PT,Faro District,faro-district,Sao Marcos da Serra,sao-marcos-da-serra
Portugal,portugal,PT,Faro District,faro-district,Senhora da Luz,senhora-da-luz
Portugal,portugal,PT,Faro District,faro-district,Silves,silves
Portugal,portugal,PT,Faro District,faro-district,Tavira,tavira
Portugal,portugal,PT,Faro District,faro-district,Tunes,tunes
Portugal,portugal,PT,Faro District,faro-district,Vila do Bispo,vila-do-bispo
Portugal,portugal,PT,Faro District,faro-district,Vila Nova De Cacela,vila-nova-de-cacela
Portugal,portugal,PT,Faro District,faro-district,Vila Real de Santo Antonio,vila-real-de-santo-antonio
Portugal,portugal,PT,Faro District,faro-district,Vilamoura,vilamoura
Portugal,portugal,PT,Guarda District,guarda-district,Abrigada,abrigada
Portugal,portugal,PT,Guarda District,guarda-district,Acores,acores
Portugal,portugal,PT,Guarda District,guarda-district,Adao,adao
Portugal,portugal,PT,Guarda District,guarda-district,Agualva,agualva
Portugal,portugal,PT,Guarda District,guarda-district,Aguas Belas,aguas-belas
Portugal,portugal,PT,Guarda District,guarda-district,Aguiar da Beira,aguiar-da-beira
Portugal,portugal,PT,Guarda District,guarda-district,Ajuda,ajuda
Portugal,portugal,PT,Guarda District,guarda-district,Albardo,albardo
Portugal,portugal,PT,Guarda District,guarda-district,Alcabideche,alcabideche
Portugal,portugal,PT,Guarda District,guarda-district,Alcains,alcains
Portugal,portugal,PT,Guarda District,guarda-district,Alcantara,alcantara
Portugal,portugal,PT,Guarda District,guarda-district,Alcoentre,alcoentre
Portugal,portugal,PT,Guarda District,guarda-district,Aldeia da Ponte,aldeia-da-ponte
Portugal,portugal,PT,Guarda District,guarda-district,Aldeia da Ribeira,aldeia-da-ribeira
Portugal,portugal,PT,Guarda District,guarda-district,Aldeia de Santo Antonio,aldeia-de-santo-antonio
Portugal,portugal,PT,Guarda District,guarda-district,Aldeia do Bispo,aldeia-do-bispo
Portugal,portugal,PT,Guarda District,guarda-district,Aldeia Galega da Merceana,aldeia-galega-da-merceana
Portugal,portugal,PT,Guarda District,guarda-district,Aldeia Gavinha,aldeia-gavinha
Portugal,portugal,PT,Guarda District,guarda-district,"Aldeia Nova, Miranda do Douro",aldeia-nova-miranda-do-douro
Portugal,portugal,PT,Guarda District,guarda-district,Aldeia Velha,aldeia-velha
Portugal,portugal,PT,Guarda District,guarda-district,Aldeia Vicosa,aldeia-vicosa
Portugal,portugal,PT,Guarda District,guarda-district,Aldeias,aldeias
Portugal,portugal,PT,Guarda District,guarda-district,Alenquer,alenquer
Portugal,portugal,PT,Guarda District,guarda-district,Alfaiates,alfaiates
Portugal,portugal,PT,Guarda District,guarda-district,Alfornelos,alfornelos
Portugal,portugal,PT,Guarda District,guarda-district,Alfragide,alfragide
Portugal,portugal,PT,Guarda District,guarda-district,Alges,alges
Portugal,portugal,PT,Guarda District,guarda-district,Algodres,algodres
Portugal,portugal,PT,Guarda District,guarda-district,Alguber,alguber
Portugal,portugal,PT,Guarda District,guarda-district,Algueirao,algueirao
Portugal,portugal,PT,Guarda District,guarda-district,AlgueiraoMem Martins,algueiraomem-martins
Portugal,portugal,PT,Guarda District,guarda-district,Alhandra,alhandra
Portugal,portugal,PT,Guarda District,guarda-district,Almargem,almargem
Portugal,portugal,PT,Guarda District,guarda-district,Almargem do Bispo,almargem-do-bispo
Portugal,portugal,PT,Guarda District,guarda-district,Almeida,almeida
Portugal,portugal,PT,Guarda District,guarda-district,Almendra,almendra
Portugal,portugal,PT,Guarda District,guarda-district,Almofala,almofala
Portugal,portugal,PT,Guarda District,guarda-district,Alto do Pina,alto-do-pina
Portugal,portugal,PT,Guarda District,guarda-district,Alvalade,alvalade
Portugal,portugal,PT,Guarda District,guarda-district,Alvendre,alvendre
Portugal,portugal,PT,Guarda District,guarda-district,Alverca da Beira,alverca-da-beira
Portugal,portugal,PT,Guarda District,guarda-district,Alverca do Ribatejo,alverca-do-ribatejo
Portugal,portugal,PT,Guarda District,guarda-district,Alvoco da Serra,alvoco-da-serra
Portugal,portugal,PT,Guarda District,guarda-district,Amadora,amadora
Portugal,portugal,PT,Guarda District,guarda-district,Ameixoeira,ameixoeira
Portugal,portugal,PT,Guarda District,guarda-district,Amoreira,amoreira
Portugal,portugal,PT,Guarda District,guarda-district,Anjos,anjos
Portugal,portugal,PT,Guarda District,guarda-district,Apelacao,apelacao
Portugal,portugal,PT,Guarda District,guarda-district,Arcozelo,arcozelo
Portugal,portugal,PT,Guarda District,guarda-district,Arranho,arranho
Portugal,portugal,PT,Guarda District,guarda-district,Arrifana,arrifana
Portugal,portugal,PT,Guarda District,guarda-district,Arruda Dos Vinhos,arruda-dos-vinhos
Portugal,portugal,PT,Guarda District,guarda-district,Atalaia,atalaia
Portugal,portugal,PT,Guarda District,guarda-district,Aveiras de Baixo,aveiras-de-baixo
Portugal,portugal,PT,Guarda District,guarda-district,Aveiras de Cima,aveiras-de-cima
Portugal,portugal,PT,Guarda District,guarda-district,Avelas da Ribeira,avelas-da-ribeira
Portugal,portugal,PT,Guarda District,guarda-district,Aveloso,aveloso
Portugal,portugal,PT,Guarda District,guarda-district,Azambuja,azambuja
Portugal,portugal,PT,Guarda District,guarda-district,Azambuja (town),azambuja-town
Portugal,portugal,PT,Guarda District,guarda-district,Azenhas do Mar,azenhas-do-mar
Portugal,portugal,PT,Guarda District,guarda-district,Azevo,azevo
Portugal,portugal,PT,Guarda District,guarda-district,Azueira,azueira
Portugal,portugal,PT,Guarda District,guarda-district,Baracal,baracal
Portugal,portugal,PT,Guarda District,guarda-district,Barcarena,barcarena
Portugal,portugal,PT,Guarda District,guarda-district,Barreira,barreira
Portugal,portugal,PT,Guarda District,guarda-district,Beato,beato
Portugal,portugal,PT,Guarda District,guarda-district,Belas,belas
Portugal,portugal,PT,Guarda District,guarda-district,Bendada,bendada
Portugal,portugal,PT,Guarda District,guarda-district,Benespera,benespera
Portugal,portugal,PT,Guarda District,guarda-district,Benfica,benfica
Portugal,portugal,PT,Guarda District,guarda-district,Bismula,bismula
Portugal,portugal,PT,Guarda District,guarda-district,Bobadela,bobadela
Portugal,portugal,PT,Guarda District,guarda-district,Bouca Cova,bouca-cova
Portugal,portugal,PT,Guarda District,guarda-district,Brandoa,brandoa
Portugal,portugal,PT,Guarda District,guarda-district,Bucelas,bucelas
Portugal,portugal,PT,Guarda District,guarda-district,Buraca,buraca
Portugal,portugal,PT,Guarda District,guarda-district,Cabanas de Torres,cabanas-de-torres
Portugal,portugal,PT,Guarda District,guarda-district,Cabeca,cabeca
Portugal,portugal,PT,Guarda District,guarda-district,Cacem,cacem
Portugal,portugal,PT,Guarda District,guarda-district,Cachoeiras,cachoeiras
Portugal,portugal,PT,Guarda District,guarda-district,Cadafais,cadafais
Portugal,portugal,PT,Guarda District,guarda-district,Cadafaz,cadafaz
Portugal,portugal,PT,Guarda District,guarda-district,Cadaval,cadaval
Portugal,portugal,PT,Guarda District,guarda-district,Calhandriz,calhandriz
Portugal,portugal,PT,Guarda District,guarda-district,Camarate,camarate
Portugal,portugal,PT,Guarda District,guarda-district,Campelos,campelos
Portugal,portugal,PT,Guarda District,guarda-district,Campo Grande,campo-grande
Portugal,portugal,PT,Guarda District,guarda-district,Campolide,campolide
Portugal,portugal,PT,Guarda District,guarda-district,Canecas,canecas
Portugal,portugal,PT,Guarda District,guarda-district,Carapito,carapito
Portugal,portugal,PT,Guarda District,guarda-district,Carcavelos,carcavelos
Portugal,portugal,PT,Guarda District,guarda-district,Cardosas,cardosas
Portugal,portugal,PT,Guarda District,guarda-district,Carmoes,carmoes
Portugal,portugal,PT,Guarda District,guarda-district,Carnaxide,carnaxide
Portugal,portugal,PT,Guarda District,guarda-district,Carnicaes,carnicaes
Portugal,portugal,PT,Guarda District,guarda-district,Carnide,carnide
Portugal,portugal,PT,Guarda District,guarda-district,Carnota,carnota
Portugal,portugal,PT,Guarda District,guarda-district,Carragozela,carragozela
Portugal,portugal,PT,Guarda District,guarda-district,Carrapichana,carrapichana
Portugal,portugal,PT,Guarda District,guarda-district,Carregado,carregado
Portugal,portugal,PT,Guarda District,guarda-district,Carvalhal,carvalhal
Portugal,portugal,PT,Guarda District,guarda-district,Carvoeira,carvoeira
Portugal,portugal,PT,Guarda District,guarda-district,Casal de Cambra,casal-de-cambra
Portugal,portugal,PT,Guarda District,guarda-district,Casal de Cinza,casal-de-cinza
Portugal,portugal,PT,Guarda District,guarda-district,Casal Vasco,casal-vasco
Portugal,portugal,PT,Guarda District,guarda-district,Casas do Soeiro,casas-do-soeiro
Portugal,portugal,PT,Guarda District,guarda-district,Cascais,cascais
Portugal,portugal,PT,Guarda District,guarda-district,Castanheira,castanheira
Portugal,portugal,PT,Guarda District,guarda-district,Castanheira do Ribatejo,castanheira-do-ribatejo
Portugal,portugal,PT,Guarda District,guarda-district,Casteicao,casteicao
Portugal,portugal,PT,Guarda District,guarda-district,Casteleiro,casteleiro
Portugal,portugal,PT,Guarda District,guarda-district,Castelo (Lisbon),castelo-lisbon
Portugal,portugal,PT,Guarda District,guarda-district,Castelo Bom,castelo-bom
Portugal,portugal,PT,Guarda District,guarda-district,Castelo Melhor,castelo-melhor
Portugal,portugal,PT,Guarda District,guarda-district,Castelo Rodrigo,castelo-rodrigo
Portugal,portugal,PT,Guarda District,guarda-district,Cativelos,cativelos
Portugal,portugal,PT,Guarda District,guarda-district,Cavadoude,cavadoude
Portugal,portugal,PT,Guarda District,guarda-district,Caxias,caxias
Portugal,portugal,PT,Guarda District,guarda-district,Cedovim,cedovim
Portugal,portugal,PT,Guarda District,guarda-district,Celorico da Beira,celorico-da-beira
Portugal,portugal,PT,Guarda District,guarda-district,Cercal,cercal
Portugal,portugal,PT,Guarda District,guarda-district,Cerdeira,cerdeira
Portugal,portugal,PT,Guarda District,guarda-district,Cerejo,cerejo
Portugal,portugal,PT,Guarda District,guarda-district,Charneca,charneca
Portugal,portugal,PT,Guarda District,guarda-district,Chas,chas
Portugal,portugal,PT,Guarda District,guarda-district,Cheleiros,cheleiros
Portugal,portugal,PT,Guarda District,guarda-district,Codesseiro,codesseiro
Portugal,portugal,PT,Guarda District,guarda-district,Cogula,cogula
Portugal,portugal,PT,Guarda District,guarda-district,Colares,colares
Portugal,portugal,PT,Guarda District,guarda-district,Coracao de Jesus,coracao-de-jesus
Portugal,portugal,PT,Guarda District,guarda-district,Coriscada,coriscada
Portugal,portugal,PT,Guarda District,guarda-district,Corticada,corticada
Portugal,portugal,PT,Guarda District,guarda-district,Cortico,cortico
Portugal,portugal,PT,Guarda District,guarda-district,Cortico da Serra,cortico-da-serra
Portugal,portugal,PT,Guarda District,guarda-district,Coruche,coruche
Portugal,portugal,PT,Guarda District,guarda-district,Corujeira,corujeira
Portugal,portugal,PT,Guarda District,guarda-district,Cotimos,cotimos
Portugal,portugal,PT,Guarda District,guarda-district,Cruz Quebrada - Dafundo,cruz-quebrada-dafundo
Portugal,portugal,PT,Guarda District,guarda-district,Custoias,custoias
Portugal,portugal,PT,Guarda District,guarda-district,Damaia,damaia
Portugal,portugal,PT,Guarda District,guarda-district,Dois Portos,dois-portos
Portugal,portugal,PT,Guarda District,guarda-district,Dornelas,dornelas
Portugal,portugal,PT,Guarda District,guarda-district,Eirado,eirado
Portugal,portugal,PT,Guarda District,guarda-district,Encarnacao,encarnacao
Portugal,portugal,PT,Guarda District,guarda-district,Enxara do Bispo,enxara-do-bispo
Portugal,portugal,PT,Guarda District,guarda-district,Ericeira,ericeira
Portugal,portugal,PT,Guarda District,guarda-district,Ervas Tenras,ervas-tenras
Portugal,portugal,PT,Guarda District,guarda-district,Ervedosa,ervedosa
Portugal,portugal,PT,Guarda District,guarda-district,Escalhao,escalhao
Portugal,portugal,PT,Guarda District,guarda-district,Estoril,estoril
Portugal,portugal,PT,Guarda District,guarda-district,Faia,faia
Portugal,portugal,PT,Guarda District,guarda-district,Falagueira,falagueira
Portugal,portugal,PT,Guarda District,guarda-district,Famalicao,famalicao
Portugal,portugal,PT,Guarda District,guarda-district,Famoes,famoes
Portugal,portugal,PT,Guarda District,guarda-district,Fanhoes,fanhoes
Portugal,portugal,PT,Guarda District,guarda-district,Fernao Joanes,fernao-joanes
Portugal,portugal,PT,Guarda District,guarda-district,Fiaes,fiaes
Portugal,portugal,PT,Guarda District,guarda-district,Figueira de Castelo Rodrigo,figueira-de-castelo-rodrigo
Portugal,portugal,PT,Guarda District,guarda-district,Figueira do Guincho,figueira-do-guincho
Portugal,portugal,PT,Guarda District,guarda-district,Figueiro da Granja,figueiro-da-granja
Portugal,portugal,PT,Guarda District,guarda-district,Figueiro da Serra,figueiro-da-serra
Portugal,portugal,PT,Guarda District,guarda-district,Figueiros,figueiros
Portugal,portugal,PT,Guarda District,guarda-district,Foios,foios
Portugal,portugal,PT,Guarda District,guarda-district,Folgosinho,folgosinho
Portugal,portugal,PT,Guarda District,guarda-district,Folhadosa,folhadosa
Portugal,portugal,PT,Guarda District,guarda-district,Fontanelas,fontanelas
Portugal,portugal,PT,Guarda District,guarda-district,Fonte Longa,fonte-longa
Portugal,portugal,PT,Guarda District,guarda-district,Forninhos,forninhos
Portugal,portugal,PT,Guarda District,guarda-district,Forno Telheiro,forno-telheiro
Portugal,portugal,PT,Guarda District,guarda-district,Fornos de Algodres,fornos-de-algodres
Portugal,portugal,PT,Guarda District,guarda-district,Forte da Casa,forte-da-casa
Portugal,portugal,PT,Guarda District,guarda-district,Freches,freches
Portugal,portugal,PT,Guarda District,guarda-district,Freineda,freineda
Portugal,portugal,PT,Guarda District,guarda-district,Freiria,freiria
Portugal,portugal,PT,Guarda District,guarda-district,Freixeda do Torrao,freixeda-do-torrao
Portugal,portugal,PT,Guarda District,guarda-district,Freixedas,freixedas
Portugal,portugal,PT,Guarda District,guarda-district,Freixo,freixo
Portugal,portugal,PT,Guarda District,guarda-district,Freixo de Numao,freixo-de-numao
Portugal,portugal,PT,Guarda District,guarda-district,Frielas,frielas
Portugal,portugal,PT,Guarda District,guarda-district,Gagos,gagos
Portugal,portugal,PT,Guarda District,guarda-district,Girabolhos,girabolhos
Portugal,portugal,PT,Guarda District,guarda-district,Goncalo,goncalo
Portugal,portugal,PT,Guarda District,guarda-district,Goncalo Bocas,goncalo-bocas
Portugal,portugal,PT,Guarda District,guarda-district,Gouveia,gouveia
Portugal,portugal,PT,Guarda District,guarda-district,Graca,graca
Portugal,portugal,PT,Guarda District,guarda-district,Gradil,gradil
Portugal,portugal,PT,Guarda District,guarda-district,Gradiz,gradiz
Portugal,portugal,PT,Guarda District,guarda-district,Granja,granja
Portugal,portugal,PT,Guarda District,guarda-district,Guarda,guarda
Portugal,portugal,PT,Guarda District,guarda-district,Guilheiro,guilheiro
Portugal,portugal,PT,Guarda District,guarda-district,Horta,horta
Portugal,portugal,PT,Guarda District,guarda-district,Igreja Nova,igreja-nova
Portugal,portugal,PT,Guarda District,guarda-district,Infias,infias
Portugal,portugal,PT,Guarda District,guarda-district,Jarmelo Sao Miguel,jarmelo-sao-miguel
Portugal,portugal,PT,Guarda District,guarda-district,Jarmelo Sao Pedro,jarmelo-sao-pedro
Portugal,portugal,PT,Guarda District,guarda-district,Joao Antao,joao-antao
Portugal,portugal,PT,Guarda District,guarda-district,Junca,junca
Portugal,portugal,PT,Guarda District,guarda-district,Juncais,juncais
Portugal,portugal,PT,Guarda District,guarda-district,Lagarinhos,lagarinhos
Portugal,portugal,PT,Guarda District,guarda-district,Lajeosa,lajeosa
Portugal,portugal,PT,Guarda District,guarda-district,Lajeosa do Mondego,lajeosa-do-mondego
Portugal,portugal,PT,Guarda District,guarda-district,Lajes,lajes
Portugal,portugal,PT,Guarda District,guarda-district,Lamas,lamas
Portugal,portugal,PT,Guarda District,guarda-district,Lamegal,lamegal
Portugal,portugal,PT,Guarda District,guarda-district,Lameiras,lameiras
Portugal,portugal,PT,Guarda District,guarda-district,Lapa,lapa
Portugal,portugal,PT,Guarda District,guarda-district,Lapa Dos Dinheiros,lapa-dos-dinheiros
Portugal,portugal,PT,Guarda District,guarda-district,Leomil,leomil
Portugal,portugal,PT,Guarda District,guarda-district,Linda-a-Velha,linda-a-velha
Portugal,portugal,PT,Guarda District,guarda-district,Linhares (Celorico da Beira),linhares-celorico-da-beira
Portugal,portugal,PT,Guarda District,guarda-district,Lisbon,lisbon
Portugal,portugal,PT,Guarda District,guarda-district,Longroiva,longroiva
Portugal,portugal,PT,Guarda District,guarda-district,Loriga,loriga
Portugal,portugal,PT,Guarda District,guarda-district,Loures,loures
Portugal,portugal,PT,Guarda District,guarda-district,Lourinha,lourinha
Portugal,portugal,PT,Guarda District,guarda-district,Lousa,lousa
Portugal,portugal,PT,Guarda District,guarda-district,Lumiar,lumiar
Portugal,portugal,PT,Guarda District,guarda-district,Macainhas,macainhas
Portugal,portugal,PT,Guarda District,guarda-district,Macal do Chao,macal-do-chao
Portugal,portugal,PT,Guarda District,guarda-district,Maceira,maceira
Portugal,portugal,PT,Guarda District,guarda-district,Macussa,macussa
Portugal,portugal,PT,Guarda District,guarda-district,Madalena,madalena
Portugal,portugal,PT,Guarda District,guarda-district,Mafra,mafra
Portugal,portugal,PT,Guarda District,guarda-district,Malcata,malcata
Portugal,portugal,PT,Guarda District,guarda-district,Malhada Sorda,malhada-sorda
Portugal,portugal,PT,Guarda District,guarda-district,Malpartida,malpartida
Portugal,portugal,PT,Guarda District,guarda-district,Malveira,malveira
Portugal,portugal,PT,Guarda District,guarda-district,Mangualde da Serra,mangualde-da-serra
Portugal,portugal,PT,Guarda District,guarda-district,Manigoto,manigoto
Portugal,portugal,PT,Guarda District,guarda-district,Manique do Intendente,manique-do-intendente
Portugal,portugal,PT,Guarda District,guarda-district,Manteigas,manteigas
Portugal,portugal,PT,Guarda District,guarda-district,Manteigas (Sao Pedro),manteigas-sao-pedro
Portugal,portugal,PT,Guarda District,guarda-district,Marialva,marialva
Portugal,portugal,PT,Guarda District,guarda-district,Marmeleiro,marmeleiro
Portugal,portugal,PT,Guarda District,guarda-district,Marteleira,marteleira
Portugal,portugal,PT,Guarda District,guarda-district,Martires,martires
Portugal,portugal,PT,Guarda District,guarda-district,Marvila,marvila
Portugal,portugal,PT,Guarda District,guarda-district,Massama,massama
Portugal,portugal,PT,Guarda District,guarda-district,Mata de Lobos,mata-de-lobos
Portugal,portugal,PT,Guarda District,guarda-district,Matacaes,matacaes
Portugal,portugal,PT,Guarda District,guarda-district,Matanca,matanca
Portugal,portugal,PT,Guarda District,guarda-district,Maxial,maxial
Portugal,portugal,PT,Guarda District,guarda-district,Meca,meca
Portugal,portugal,PT,Guarda District,guarda-district,Meda,meda
Portugal,portugal,PT,Guarda District,guarda-district,Meios,meios
Portugal,portugal,PT,Guarda District,guarda-district,Melo,melo
Portugal,portugal,PT,Guarda District,guarda-district,Mem Martins,mem-martins
Portugal,portugal,PT,Guarda District,guarda-district,Merces,merces
Portugal,portugal,PT,Guarda District,guarda-district,Mesquitela,mesquitela
Portugal,portugal,PT,Guarda District,guarda-district,Milharado,milharado
Portugal,portugal,PT,Guarda District,guarda-district,Mina,mina
Portugal,portugal,PT,Guarda District,guarda-district,Minhocal,minhocal
Portugal,portugal,PT,Guarda District,guarda-district,Mira-Sintra,mira-sintra
Portugal,portugal,PT,Guarda District,guarda-district,Miragaia,miragaia
Portugal,portugal,PT,Guarda District,guarda-district,Miuzela,miuzela
Portugal,portugal,PT,Guarda District,guarda-district,Mizarela,mizarela
Portugal,portugal,PT,Guarda District,guarda-district,Moimenta da Serra,moimenta-da-serra
Portugal,portugal,PT,Guarda District,guarda-district,Moimentinha,moimentinha
Portugal,portugal,PT,Guarda District,guarda-district,Moita,moita
Portugal,portugal,PT,Guarda District,guarda-district,Moita dos Ferreiros,moita-dos-ferreiros
Portugal,portugal,PT,Guarda District,guarda-district,Moledo,moledo
Portugal,portugal,PT,Guarda District,guarda-district,Monte Abraao,monte-abraao
Portugal,portugal,PT,Guarda District,guarda-district,Monte Estoril,monte-estoril
Portugal,portugal,PT,Guarda District,guarda-district,Monte Redondo,monte-redondo
Portugal,portugal,PT,Guarda District,guarda-district,Montelavar,montelavar
Portugal,portugal,PT,Guarda District,guarda-district,Moreira de Rei,moreira-de-rei
Portugal,portugal,PT,Guarda District,guarda-district,Mos,mos
Portugal,portugal,PT,Guarda District,guarda-district,Moscavide,moscavide
Portugal,portugal,PT,Guarda District,guarda-district,Murca,murca
Portugal,portugal,PT,Guarda District,guarda-district,Muxagata,muxagata
Portugal,portugal,PT,Guarda District,guarda-district,Nabais,nabais
Portugal,portugal,PT,Guarda District,guarda-district,Nave,nave
Portugal,portugal,PT,Guarda District,guarda-district,Nave de Haver,nave-de-haver
Portugal,portugal,PT,Guarda District,guarda-district,Nespereira,nespereira
Portugal,portugal,PT,Guarda District,guarda-district,Nossa Senhora de Fatima,nossa-senhora-de-fatima
Portugal,portugal,PT,Guarda District,guarda-district,Numao,numao
Portugal,portugal,PT,Guarda District,guarda-district,Odivelas,odivelas
Portugal,portugal,PT,Guarda District,guarda-district,Odivelas Municipality,odivelas-municipality
Portugal,portugal,PT,Guarda District,guarda-district,Oeiras,oeiras
Portugal,portugal,PT,Guarda District,guarda-district,Oeiras e Sao Juliao da Barra,oeiras-e-sao-juliao-da-barra
Portugal,portugal,PT,Guarda District,guarda-district,Olhalvo,olhalvo
Portugal,portugal,PT,Guarda District,guarda-district,Olival de Basto,olival-de-basto
Portugal,portugal,PT,Guarda District,guarda-district,Olival do Basto,olival-do-basto
Portugal,portugal,PT,Guarda District,guarda-district,Ota,ota
Portugal,portugal,PT,Guarda District,guarda-district,Outeiro da Cabeca,outeiro-da-cabeca
Portugal,portugal,PT,Guarda District,guarda-district,Outeiro de Gatos,outeiro-de-gatos
Portugal,portugal,PT,Guarda District,guarda-district,Paco de Arcos,paco-de-arcos
Portugal,portugal,PT,Guarda District,guarda-district,Pacos da Serra,pacos-da-serra
Portugal,portugal,PT,Guarda District,guarda-district,Painho,painho
Portugal,portugal,PT,Guarda District,guarda-district,Pala,pala
Portugal,portugal,PT,Guarda District,guarda-district,Palhais,palhais
Portugal,portugal,PT,Guarda District,guarda-district,Panoias de Cima,panoias-de-cima
Portugal,portugal,PT,Guarda District,guarda-district,Parada,parada
Portugal,portugal,PT,Guarda District,guarda-district,Paranhos,paranhos
Portugal,portugal,PT,Guarda District,guarda-district,Parede,parede
Portugal,portugal,PT,Guarda District,guarda-district,Pega,pega
Portugal,portugal,PT,Guarda District,guarda-district,Pena,pena
Portugal,portugal,PT,Guarda District,guarda-district,Pena Lobo,pena-lobo
Portugal,portugal,PT,Guarda District,guarda-district,Pena Verde,pena-verde
Portugal,portugal,PT,Guarda District,guarda-district,Penha de Aguia,penha-de-aguia
Portugal,portugal,PT,Guarda District,guarda-district,Penha de Franca,penha-de-franca
Portugal,portugal,PT,Guarda District,guarda-district,Pera do Moco,pera-do-moco
Portugal,portugal,PT,Guarda District,guarda-district,Peral,peral
Portugal,portugal,PT,Guarda District,guarda-district,Pereiro,pereiro
Portugal,portugal,PT,Guarda District,guarda-district,Pereiro de Palhacana,pereiro-de-palhacana
Portugal,portugal,PT,Guarda District,guarda-district,Pero Moniz,pero-moniz
Portugal,portugal,PT,Guarda District,guarda-district,Pero Pinheiro,pero-pinheiro
Portugal,portugal,PT,Guarda District,guarda-district,Peva,peva
Portugal,portugal,PT,Guarda District,guarda-district,Pinhancos,pinhancos
Portugal,portugal,PT,Guarda District,guarda-district,Pinheiro,pinheiro
Portugal,portugal,PT,Guarda District,guarda-district,Pinhel,pinhel
Portugal,portugal,PT,Guarda District,guarda-district,Pinzio,pinzio
Portugal,portugal,PT,Guarda District,guarda-district,Poco do Canto,poco-do-canto
Portugal,portugal,PT,Guarda District,guarda-district,Pomares,pomares
Portugal,portugal,PT,Guarda District,guarda-district,Ponte do Rol,ponte-do-rol
Portugal,portugal,PT,Guarda District,guarda-district,Pontinha,pontinha
Portugal,portugal,PT,Guarda District,guarda-district,Portela,portela
Portugal,portugal,PT,Guarda District,guarda-district,Porto da Carne,porto-da-carne
Portugal,portugal,PT,Guarda District,guarda-district,Porto Salvo,porto-salvo
Portugal,portugal,PT,Guarda District,guarda-district,Pousada,pousada
Portugal,portugal,PT,Guarda District,guarda-district,Pousafoles do Bispo,pousafoles-do-bispo
Portugal,portugal,PT,Guarda District,guarda-district,Povoa de Santa Iria,povoa-de-santa-iria
Portugal,portugal,PT,Guarda District,guarda-district,Povoa de Santo Adriao,povoa-de-santo-adriao
Portugal,portugal,PT,Guarda District,guarda-district,Povoa do Concelho,povoa-do-concelho
Portugal,portugal,PT,Guarda District,guarda-district,Prados,prados
Portugal,portugal,PT,Guarda District,guarda-district,Prazeres,prazeres
Portugal,portugal,PT,Guarda District,guarda-district,Prior Velho,prior-velho
Portugal,portugal,PT,Guarda District,guarda-district,Prova,prova
Portugal,portugal,PT,Guarda District,guarda-district,Quadrazais,quadrazais
Portugal,portugal,PT,Guarda District,guarda-district,Queijas,queijas
Portugal,portugal,PT,Guarda District,guarda-district,Queiriz,queiriz
Portugal,portugal,PT,Guarda District,guarda-district,Queluz,queluz
Portugal,portugal,PT,Guarda District,guarda-district,Quinta de Pero Martins,quinta-de-pero-martins
Portugal,portugal,PT,Guarda District,guarda-district,Quintas de Sao Bartolomeu,quintas-de-sao-bartolomeu
Portugal,portugal,PT,Guarda District,guarda-district,Rabacal,rabacal
Portugal,portugal,PT,Guarda District,guarda-district,Ramada,ramada
Portugal,portugal,PT,Guarda District,guarda-district,Ramalhal,ramalhal
Portugal,portugal,PT,Guarda District,guarda-district,Ramela,ramela
Portugal,portugal,PT,Guarda District,guarda-district,Ranhados,ranhados
Portugal,portugal,PT,Guarda District,guarda-district,Rapa,rapa
Portugal,portugal,PT,Guarda District,guarda-district,Rapoula do Coa,rapoula-do-coa
Portugal,portugal,PT,Guarda District,guarda-district,Ratoeira,ratoeira
Portugal,portugal,PT,Guarda District,guarda-district,Reboleira,reboleira
Portugal,portugal,PT,Guarda District,guarda-district,Reboleiro,reboleiro
Portugal,portugal,PT,Guarda District,guarda-district,Rebolosa,rebolosa
Portugal,portugal,PT,Guarda District,guarda-district,Reguengo Grande,reguengo-grande
Portugal,portugal,PT,Guarda District,guarda-district,Reigada,reigada
Portugal,portugal,PT,Guarda District,guarda-district,Rendo,rendo
Portugal,portugal,PT,Guarda District,guarda-district,Ribafria,ribafria
Portugal,portugal,PT,Guarda District,guarda-district,Ribamar,ribamar
Portugal,portugal,PT,Guarda District,guarda-district,Ribamondego,ribamondego
Portugal,portugal,PT,Guarda District,guarda-district,Ribeira Dos Carinhos,ribeira-dos-carinhos
Portugal,portugal,PT,Guarda District,guarda-district,Rio de Mel,rio-de-mel
Portugal,portugal,PT,Guarda District,guarda-district,Rio de Mouro,rio-de-mouro
Portugal,portugal,PT,Guarda District,guarda-district,Rio Torto,rio-torto
Portugal,portugal,PT,Guarda District,guarda-district,Rochoso,rochoso
Portugal,portugal,PT,Guarda District,guarda-district,Runa,runa
Portugal,portugal,PT,Guarda District,guarda-district,Ruvina,ruvina
Portugal,portugal,PT,Guarda District,guarda-district,Sabugal,sabugal
Portugal,portugal,PT,Guarda District,guarda-district,Sabugueiro,sabugueiro
Portugal,portugal,PT,Guarda District,guarda-district,Sacavem,sacavem
Portugal,portugal,PT,Guarda District,guarda-district,Sacramento,sacramento
Portugal,portugal,PT,Guarda District,guarda-district,Safurdao,safurdao
Portugal,portugal,PT,Guarda District,guarda-district,Salgueirais,salgueirais
Portugal,portugal,PT,Guarda District,guarda-district,Sameice,sameice
Portugal,portugal,PT,Guarda District,guarda-district,Sameiro,sameiro
Portugal,portugal,PT,Guarda District,guarda-district,Sandomil,sandomil
Portugal,portugal,PT,Guarda District,guarda-district,Santa Barbara,santa-barbara
Portugal,portugal,PT,Guarda District,guarda-district,Santa Catarina,santa-catarina
Portugal,portugal,PT,Guarda District,guarda-district,Santa Comba,santa-comba
Portugal,portugal,PT,Guarda District,guarda-district,Santa Engracia,santa-engracia
Portugal,portugal,PT,Guarda District,guarda-district,Santa Eufemia,santa-eufemia
Portugal,portugal,PT,Guarda District,guarda-district,Santa Eulalia,santa-eulalia
Portugal,portugal,PT,Guarda District,guarda-district,Santa Iria da Azoia,santa-iria-da-azoia
Portugal,portugal,PT,Guarda District,guarda-district,Santa Iria de Azoia,santa-iria-de-azoia
Portugal,portugal,PT,Guarda District,guarda-district,Santa Isabel,santa-isabel
Portugal,portugal,PT,Guarda District,guarda-district,Santa Justa,santa-justa
Portugal,portugal,PT,Guarda District,guarda-district,Santa Maria,santa-maria
Portugal,portugal,PT,Guarda District,guarda-district,Santa Maria de Belem,santa-maria-de-belem
Portugal,portugal,PT,Guarda District,guarda-district,Santa Maria do Castelo e Sao Miguel,santa-maria-do-castelo-e-sao-miguel
Portugal,portugal,PT,Guarda District,guarda-district,Santa Maria dos Olivais,santa-maria-dos-olivais
Portugal,portugal,PT,Guarda District,guarda-district,Santa Maria e Sao Miguel,santa-maria-e-sao-miguel
Portugal,portugal,PT,Guarda District,guarda-district,Santa Marinha,santa-marinha
Portugal,portugal,PT,Guarda District,guarda-district,Santana da Azinha,santana-da-azinha
Portugal,portugal,PT,Guarda District,guarda-district,Santiago,santiago
Portugal,portugal,PT,Guarda District,guarda-district,Santiago dos Velhos,santiago-dos-velhos
Portugal,portugal,PT,Guarda District,guarda-district,Santo Antao do Tojal,santo-antao-do-tojal
Portugal,portugal,PT,Guarda District,guarda-district,Santo Antonio dos Cavaleiros,santo-antonio-dos-cavaleiros
Portugal,portugal,PT,Guarda District,guarda-district,Santo Condestavel,santo-condestavel
Portugal,portugal,PT,Guarda District,guarda-district,Santo Estevao,santo-estevao
Portugal,portugal,PT,Guarda District,guarda-district,Santo Estevao das Gales,santo-estevao-das-gales
Portugal,portugal,PT,Guarda District,guarda-district,Santo Isidoro,santo-isidoro
Portugal,portugal,PT,Guarda District,guarda-district,Santo Quintino,santo-quintino
Portugal,portugal,PT,Guarda District,guarda-district,Santos-o-Velho,santos-o-velho
Portugal,portugal,PT,Guarda District,guarda-district,Sao Bartolomeu,sao-bartolomeu
Portugal,portugal,PT,Guarda District,guarda-district,Sao Bartolomeu dos Galegos,sao-bartolomeu-dos-galegos
Portugal,portugal,PT,Guarda District,guarda-district,Sao Bras,sao-bras
Portugal,portugal,PT,Guarda District,guarda-district,Sao Cristovao e Sao Lourenco,sao-cristovao-e-sao-lourenco
Portugal,portugal,PT,Guarda District,guarda-district,Sao Domingos de Benfica,sao-domingos-de-benfica
Portugal,portugal,PT,Guarda District,guarda-district,Sao Domingos de Rana,sao-domingos-de-rana
Portugal,portugal,PT,Guarda District,guarda-district,Sao Francisco Xavier,sao-francisco-xavier
Portugal,portugal,PT,Guarda District,guarda-district,Sao Joao,sao-joao
Portugal,portugal,PT,Guarda District,guarda-district,Sao Joao da Talha,sao-joao-da-talha
Portugal,portugal,PT,Guarda District,guarda-district,Sao Joao das Lampas,sao-joao-das-lampas
Portugal,portugal,PT,Guarda District,guarda-district,Sao Joao de Brito,sao-joao-de-brito
Portugal,portugal,PT,Guarda District,guarda-district,Sao Joao de Deus,sao-joao-de-deus
Portugal,portugal,PT,Guarda District,guarda-district,Sao Joao Dos Montes,sao-joao-dos-montes
Portugal,portugal,PT,Guarda District,guarda-district,Sao Jorge de Arroios,sao-jorge-de-arroios
Portugal,portugal,PT,Guarda District,guarda-district,Sao Jose,sao-jose
Portugal,portugal,PT,Guarda District,guarda-district,Sao Juliao,sao-juliao
Portugal,portugal,PT,Guarda District,guarda-district,Sao Juliao do Tojal,sao-juliao-do-tojal
Portugal,portugal,PT,Guarda District,guarda-district,Sao Mamede,sao-mamede
Portugal,portugal,PT,Guarda District,guarda-district,Sao Marcos,sao-marcos
Portugal,portugal,PT,Guarda District,guarda-district,Sao Martinho,sao-martinho
Portugal,portugal,PT,Guarda District,guarda-district,Sao Miguel,sao-miguel
Portugal,portugal,PT,Guarda District,guarda-district,Sao Miguel da Guarda,sao-miguel-da-guarda
Portugal,portugal,PT,Guarda District,guarda-district,Sao Miguel de Alcainca,sao-miguel-de-alcainca
Portugal,portugal,PT,Guarda District,guarda-district,Sao Nicolau,sao-nicolau
Portugal,portugal,PT,Guarda District,guarda-district,Sao Paio,sao-paio
Portugal,portugal,PT,Guarda District,guarda-district,Sao Paulo,sao-paulo
Portugal,portugal,PT,Guarda District,guarda-district,Sao Pedro,sao-pedro
Portugal,portugal,PT,Guarda District,guarda-district,Sao Pedro da Cadeira,sao-pedro-da-cadeira
Portugal,portugal,PT,Guarda District,guarda-district,Sao Pedro de Penaferrim,sao-pedro-de-penaferrim
Portugal,portugal,PT,Guarda District,guarda-district,Sao Pedro de Rio Seco,sao-pedro-de-rio-seco
Portugal,portugal,PT,Guarda District,guarda-district,Sao Romao,sao-romao
Portugal,portugal,PT,Guarda District,guarda-district,Sao Sebastiao da Pedreira,sao-sebastiao-da-pedreira
Portugal,portugal,PT,Guarda District,guarda-district,Sao Vicente,sao-vicente
Portugal,portugal,PT,Guarda District,guarda-district,Sao Vicente de Fora,sao-vicente-de-fora
Portugal,portugal,PT,Guarda District,guarda-district,Sapataria,sapataria
Portugal,portugal,PT,Guarda District,guarda-district,Sazes da Beira,sazes-da-beira
Portugal,portugal,PT,Guarda District,guarda-district,Se,se
Portugal,portugal,PT,Guarda District,guarda-district,Sebadelhe,sebadelhe
Portugal,portugal,PT,Guarda District,guarda-district,Sebadelhe da Serra,sebadelhe-da-serra
Portugal,portugal,PT,Guarda District,guarda-district,Seia,seia
Portugal,portugal,PT,Guarda District,guarda-district,Seixas,seixas
Portugal,portugal,PT,Guarda District,guarda-district,Seixo do Coa,seixo-do-coa
Portugal,portugal,PT,Guarda District,guarda-district,Sequeira,sequeira
Portugal,portugal,PT,Guarda District,guarda-district,Sequeiros,sequeiros
Portugal,portugal,PT,Guarda District,guarda-district,Silveira,silveira
Portugal,portugal,PT,Guarda District,guarda-district,Sintra,sintra
Portugal,portugal,PT,Guarda District,guarda-district,Sintra (town),sintra-town
Portugal,portugal,PT,Guarda District,guarda-district,Sobral da Abelheira,sobral-da-abelheira
Portugal,portugal,PT,Guarda District,guarda-district,Sobral da Serra,sobral-da-serra
Portugal,portugal,PT,Guarda District,guarda-district,Sobral de Monte Agraco,sobral-de-monte-agraco
Portugal,portugal,PT,Guarda District,guarda-district,Sobral Pichorro,sobral-pichorro
Portugal,portugal,PT,Guarda District,guarda-district,Sobralinho,sobralinho
Portugal,portugal,PT,Guarda District,guarda-district,Socorro,socorro
Portugal,portugal,PT,Guarda District,guarda-district,Sortelha,sortelha
Portugal,portugal,PT,Guarda District,guarda-district,Souro Pires,souro-pires
Portugal,portugal,PT,Guarda District,guarda-district,Souto,souto
Portugal,portugal,PT,Guarda District,guarda-district,Souto de Aguiar da Beira,souto-de-aguiar-da-beira
Portugal,portugal,PT,Guarda District,guarda-district,Souto Maior,souto-maior
Portugal,portugal,PT,Guarda District,guarda-district,Tamanhos,tamanhos
Portugal,portugal,PT,Guarda District,guarda-district,Teixeira,teixeira
Portugal,portugal,PT,Guarda District,guarda-district,Terrenho,terrenho
Portugal,portugal,PT,Guarda District,guarda-district,Terrugem,terrugem
Portugal,portugal,PT,Guarda District,guarda-district,Torre do Terrenho,torre-do-terrenho
Portugal,portugal,PT,Guarda District,guarda-district,Torres,torres
Portugal,portugal,PT,Guarda District,guarda-district,Torres Vedras,torres-vedras
Portugal,portugal,PT,Guarda District,guarda-district,Torrozelo,torrozelo
Portugal,portugal,PT,Guarda District,guarda-district,Touca,touca
Portugal,portugal,PT,Guarda District,guarda-district,Tourais,tourais
Portugal,portugal,PT,Guarda District,guarda-district,Trancoso,trancoso
Portugal,portugal,PT,Guarda District,guarda-district,Travancinha,travancinha
Portugal,portugal,PT,Guarda District,guarda-district,Triana,triana
Portugal,portugal,PT,Guarda District,guarda-district,Trinta,trinta
Portugal,portugal,PT,Guarda District,guarda-district,Turcifal,turcifal
Portugal,portugal,PT,Guarda District,guarda-district,Unhos,unhos
Portugal,portugal,PT,Guarda District,guarda-district,Valbom,valbom
Portugal,portugal,PT,Guarda District,guarda-district,Valdujo,valdujo
Portugal,portugal,PT,Guarda District,guarda-district,Vale da Mula,vale-da-mula
Portugal,portugal,PT,Guarda District,guarda-district,Vale de Amoreira,vale-de-amoreira
Portugal,portugal,PT,Guarda District,guarda-district,Vale de Azares,vale-de-azares
Portugal,portugal,PT,Guarda District,guarda-district,Vale de Espinho,vale-de-espinho
Portugal,portugal,PT,Guarda District,guarda-district,Vale de Estrela,vale-de-estrela
Portugal,portugal,PT,Guarda District,guarda-district,Vale do Paraiso,vale-do-paraiso
Portugal,portugal,PT,Guarda District,guarda-district,Vale do Seixo,vale-do-seixo
Portugal,portugal,PT,Guarda District,guarda-district,Vale Flor,vale-flor
Portugal,portugal,PT,Guarda District,guarda-district,Valezim,valezim
Portugal,portugal,PT,Guarda District,guarda-district,Valhelhas,valhelhas
Portugal,portugal,PT,Guarda District,guarda-district,Valverde,valverde
Portugal,portugal,PT,Guarda District,guarda-district,Varzea de Meruge,varzea-de-meruge
Portugal,portugal,PT,Guarda District,guarda-district,Vascoveiro,vascoveiro
Portugal,portugal,PT,Guarda District,guarda-district,Vela,vela
Portugal,portugal,PT,Guarda District,guarda-district,Velosa,velosa
Portugal,portugal,PT,Guarda District,guarda-district,Venda do Pinheiro,venda-do-pinheiro
Portugal,portugal,PT,Guarda District,guarda-district,Venda Nova,venda-nova
Portugal,portugal,PT,Guarda District,guarda-district,Venteira,venteira
Portugal,portugal,PT,Guarda District,guarda-district,Ventosa,ventosa
Portugal,portugal,PT,Guarda District,guarda-district,Vermelha,vermelha
Portugal,portugal,PT,Guarda District,guarda-district,Vermiosa,vermiosa
Portugal,portugal,PT,Guarda District,guarda-district,Vialonga,vialonga
Portugal,portugal,PT,Guarda District,guarda-district,Vide,vide
Portugal,portugal,PT,Guarda District,guarda-district,Vide Entre Vinhas,vide-entre-vinhas
Portugal,portugal,PT,Guarda District,guarda-district,Videmonte,videmonte
Portugal,portugal,PT,Guarda District,guarda-district,Vila Boa,vila-boa
Portugal,portugal,PT,Guarda District,guarda-district,Vila Boa do Mondego,vila-boa-do-mondego
Portugal,portugal,PT,Guarda District,guarda-district,Vila Cortes da Serra,vila-cortes-da-serra
Portugal,portugal,PT,Guarda District,guarda-district,Vila Cortes do Mondego,vila-cortes-do-mondego
Portugal,portugal,PT,Guarda District,guarda-district,Vila Cova a Coelheira,vila-cova-a-coelheira
Portugal,portugal,PT,Guarda District,guarda-district,Vila do Touro,vila-do-touro
Portugal,portugal,PT,Guarda District,guarda-district,Vila Fernando,vila-fernando
Portugal,portugal,PT,Guarda District,guarda-district,Vila Franca da Serra,vila-franca-da-serra
Portugal,portugal,PT,Guarda District,guarda-district,Vila Franca das Naves,vila-franca-das-naves
Portugal,portugal,PT,Guarda District,guarda-district,Vila Franca de Xira,vila-franca-de-xira
Portugal,portugal,PT,Guarda District,guarda-district,Vila Franca do Deao,vila-franca-do-deao
Portugal,portugal,PT,Guarda District,guarda-district,Vila Franca do Rosario,vila-franca-do-rosario
Portugal,portugal,PT,Guarda District,guarda-district,Vila Garcia,vila-garcia
Portugal,portugal,PT,Guarda District,guarda-district,Vila Nova da Rainha,vila-nova-da-rainha
Portugal,portugal,PT,Guarda District,guarda-district,Vila Nova de Foz Coa,vila-nova-de-foz-coa
Portugal,portugal,PT,Guarda District,guarda-district,Vila Nova de Sao Pedro,vila-nova-de-sao-pedro
Portugal,portugal,PT,Guarda District,guarda-district,Vila Nova de Tazem,vila-nova-de-tazem
Portugal,portugal,PT,Guarda District,guarda-district,Vila Ruiva,vila-ruiva
Portugal,portugal,PT,Guarda District,guarda-district,Vila Soeiro do Chao,vila-soeiro-do-chao
Portugal,portugal,PT,Guarda District,guarda-district,Vila Verde,vila-verde
Portugal,portugal,PT,Guarda District,guarda-district,Vila Verde dos Francos,vila-verde-dos-francos
Portugal,portugal,PT,Guarda District,guarda-district,Vilar,vilar
Portugal,portugal,PT,Guarda District,guarda-district,Vilar de Amargo,vilar-de-amargo
Portugal,portugal,PT,Guarda District,guarda-district,Vilar Formoso,vilar-formoso
Portugal,portugal,PT,Guarda District,guarda-district,Vilar Maior,vilar-maior
Portugal,portugal,PT,Guarda District,guarda-district,Vilar Torpim,vilar-torpim
Portugal,portugal,PT,Guarda District,guarda-district,Vilares,vilares
Portugal,portugal,PT,Guarda District,guarda-district,Vimeiro,vimeiro
Portugal,portugal,PT,Guarda District,guarda-district,Vinho,vinho
Portugal,portugal,PT,Leiria District,leiria-district,A dos Francos,a-dos-francos
Portugal,portugal,PT,Leiria District,leiria-district,Alcobaca,alcobaca
Portugal,portugal,PT,Leiria District,leiria-district,Alfeizerao,alfeizerao
Portugal,portugal,PT,Leiria District,leiria-district,Aljubarrota,aljubarrota
Portugal,portugal,PT,Leiria District,leiria-district,Alvaiazere,alvaiazere
Portugal,portugal,PT,Leiria District,leiria-district,Alvorninha,alvorninha
Portugal,portugal,PT,Leiria District,leiria-district,Amor,amor
Portugal,portugal,PT,Leiria District,leiria-district,Ansiao,ansiao
Portugal,portugal,PT,Leiria District,leiria-district,Atouguia da Baleia,atouguia-da-baleia
Portugal,portugal,PT,Leiria District,leiria-district,Batalha,batalha
Portugal,portugal,PT,Leiria District,leiria-district,Benedita,benedita
Portugal,portugal,PT,Leiria District,leiria-district,Bombarral,bombarral
Portugal,portugal,PT,Leiria District,leiria-district,Caldas da Rainha,caldas-da-rainha
Portugal,portugal,PT,Leiria District,leiria-district,Caranguejeira,caranguejeira
Portugal,portugal,PT,Leiria District,leiria-district,Castanheira de Pera,castanheira-de-pera
Portugal,portugal,PT,Leiria District,leiria-district,Cela,cela
Portugal,portugal,PT,Leiria District,leiria-district,Famalicao,famalicao
Portugal,portugal,PT,Leiria District,leiria-district,Ferrel,ferrel
Portugal,portugal,PT,Leiria District,leiria-district,Figueiro Dos Vinhos,figueiro-dos-vinhos
Portugal,portugal,PT,Leiria District,leiria-district,Foz do Arelho,foz-do-arelho
Portugal,portugal,PT,Leiria District,leiria-district,Leiria,leiria
Portugal,portugal,PT,Leiria District,leiria-district,Lourical,lourical
Portugal,portugal,PT,Leiria District,leiria-district,Maceira,maceira
Portugal,portugal,PT,Leiria District,leiria-district,Marinha Grande,marinha-grande
Portugal,portugal,PT,Leiria District,leiria-district,Mira,mira
Portugal,portugal,PT,Leiria District,leiria-district,Monte Real,monte-real
Portugal,portugal,PT,Leiria District,leiria-district,Monte Redondo,monte-redondo
Portugal,portugal,PT,Leiria District,leiria-district,Nadadouro,nadadouro
Portugal,portugal,PT,Leiria District,leiria-district,Nazare,nazare
Portugal,portugal,PT,Leiria District,leiria-district,Obidos,obidos
Portugal,portugal,PT,Leiria District,leiria-district,Pataias,pataias
Portugal,portugal,PT,Leiria District,leiria-district,Pedrogao Grande,pedrogao-grande
Portugal,portugal,PT,Leiria District,leiria-district,Peniche,peniche
Portugal,portugal,PT,Leiria District,leiria-district,Pombal,pombal
Portugal,portugal,PT,Leiria District,leiria-district,Porto de Mos,porto-de-mos
Portugal,portugal,PT,Leiria District,leiria-district,Salir de Matos,salir-de-matos
Portugal,portugal,PT,Leiria District,leiria-district,Santa Catarina da Serra,santa-catarina-da-serra
Portugal,portugal,PT,Leiria District,leiria-district,Sao Martinho do Porto,sao-martinho-do-porto
Portugal,portugal,PT,Leiria District,leiria-district,Serra de El-Rei,serra-de-el-rei
Portugal,portugal,PT,Leiria District,leiria-district,Souto da Carpalhosa,souto-da-carpalhosa
Portugal,portugal,PT,Leiria District,leiria-district,Turquel,turquel
Portugal,portugal,PT,Leiria District,leiria-district,Valado de Frades,valado-de-frades
Portugal,portugal,PT,Leiria District,leiria-district,Vestiaria,vestiaria
Portugal,portugal,PT,Leiria District,leiria-district,Vidais,vidais
Portugal,portugal,PT,Leiria District,leiria-district,Vieira de Leiria,vieira-de-leiria
Portugal,portugal,PT,Lisbon District,lisbon-district,A dos Cunhados,a-dos-cunhados
Portugal,portugal,PT,Lisbon District,lisbon-district,Abrigada,abrigada
Portugal,portugal,PT,Lisbon District,lisbon-district,Alcabideche,alcabideche
Portugal,portugal,PT,Lisbon District,lisbon-district,Alcoentre,alcoentre
Portugal,portugal,PT,Lisbon District,lisbon-district,Alenquer,alenquer
Portugal,portugal,PT,Lisbon District,lisbon-district,Alfragide,alfragide
Portugal,portugal,PT,Lisbon District,lisbon-district,Alges,alges
Portugal,portugal,PT,Lisbon District,lisbon-district,Algueirao,algueirao
Portugal,portugal,PT,Lisbon District,lisbon-district,Alhandra,alhandra
Portugal,portugal,PT,Lisbon District,lisbon-district,Almargem,almargem
Portugal,portugal,PT,Lisbon District,lisbon-district,Alvalade,alvalade
Portugal,portugal,PT,Lisbon District,lisbon-district,Amadora,amadora
Portugal,portugal,PT,Lisbon District,lisbon-district,Apelacao,apelacao
Portugal,portugal,PT,Lisbon District,lisbon-district,Arranho,arranho
Portugal,portugal,PT,Lisbon District,lisbon-district,Arruda dos Vinhos,arruda-dos-vinhos
Portugal,portugal,PT,Lisbon District,lisbon-district,Aveiras de Cima,aveiras-de-cima
Portugal,portugal,PT,Lisbon District,lisbon-district,Azambuja,azambuja
Portugal,portugal,PT,Lisbon District,lisbon-district,Barcarena,barcarena
Portugal,portugal,PT,Lisbon District,lisbon-district,Beato Antonio,beato-antonio
Portugal,portugal,PT,Lisbon District,lisbon-district,Belas,belas
Portugal,portugal,PT,Lisbon District,lisbon-district,Benfica,benfica
Portugal,portugal,PT,Lisbon District,lisbon-district,Bobadela,bobadela
Portugal,portugal,PT,Lisbon District,lisbon-district,Bucelas,bucelas
Portugal,portugal,PT,Lisbon District,lisbon-district,Cabanas de Torres,cabanas-de-torres
Portugal,portugal,PT,Lisbon District,lisbon-district,Cacem,cacem
Portugal,portugal,PT,Lisbon District,lisbon-district,Cadafais,cadafais
Portugal,portugal,PT,Lisbon District,lisbon-district,Cadaval,cadaval
Portugal,portugal,PT,Lisbon District,lisbon-district,Camarate,camarate
Portugal,portugal,PT,Lisbon District,lisbon-district,Campelos,campelos
Portugal,portugal,PT,Lisbon District,lisbon-district,Canecas,canecas
Portugal,portugal,PT,Lisbon District,lisbon-district,Carcavelos,carcavelos
Portugal,portugal,PT,Lisbon District,lisbon-district,Carnaxide,carnaxide
Portugal,portugal,PT,Lisbon District,lisbon-district,Carregado,carregado
Portugal,portugal,PT,Lisbon District,lisbon-district,Cascais,cascais
Portugal,portugal,PT,Lisbon District,lisbon-district,Castanheira do Ribatejo,castanheira-do-ribatejo
Portugal,portugal,PT,Lisbon District,lisbon-district,Caxias,caxias
Portugal,portugal,PT,Lisbon District,lisbon-district,Charneca,charneca
Portugal,portugal,PT,Lisbon District,lisbon-district,Colares,colares
Portugal,portugal,PT,Lisbon District,lisbon-district,Ericeira,ericeira
Portugal,portugal,PT,Lisbon District,lisbon-district,Estoril,estoril
Portugal,portugal,PT,Lisbon District,lisbon-district,Famoes,famoes
Portugal,portugal,PT,Lisbon District,lisbon-district,Fontanelas,fontanelas
Portugal,portugal,PT,Lisbon District,lisbon-district,Linda-a-Velha,linda-a-velha
Portugal,portugal,PT,Lisbon District,lisbon-district,Lisbon,lisbon
Portugal,portugal,PT,Lisbon District,lisbon-district,Loures,loures
Portugal,portugal,PT,Lisbon District,lisbon-district,Lourinha,lourinha
Portugal,portugal,PT,Lisbon District,lisbon-district,Mafra,mafra
Portugal,portugal,PT,Lisbon District,lisbon-district,Malveira,malveira
Portugal,portugal,PT,Lisbon District,lisbon-district,Massama,massama
Portugal,portugal,PT,Lisbon District,lisbon-district,Meca,meca
Portugal,portugal,PT,Lisbon District,lisbon-district,Mem Martins,mem-martins
Portugal,portugal,PT,Lisbon District,lisbon-district,Milharado,milharado
Portugal,portugal,PT,Lisbon District,lisbon-district,Moita dos Ferreiros,moita-dos-ferreiros
Portugal,portugal,PT,Lisbon District,lisbon-district,Monte Estoril,monte-estoril
Portugal,portugal,PT,Lisbon District,lisbon-district,Moscavide e Portela,moscavide-e-portela
Portugal,portugal,PT,Lisbon District,lisbon-district,Odivelas,odivelas
Portugal,portugal,PT,Lisbon District,lisbon-district,Oeiras,oeiras
Portugal,portugal,PT,Lisbon District,lisbon-district,Olivais,olivais
Portugal,portugal,PT,Lisbon District,lisbon-district,Olival do Basto,olival-do-basto
Portugal,portugal,PT,Lisbon District,lisbon-district,Ota,ota
Portugal,portugal,PT,Lisbon District,lisbon-district,Paco de Arcos,paco-de-arcos
Portugal,portugal,PT,Lisbon District,lisbon-district,Parede,parede
Portugal,portugal,PT,Lisbon District,lisbon-district,Pero Pinheiro,pero-pinheiro
Portugal,portugal,PT,Lisbon District,lisbon-district,Pontinha,pontinha
Portugal,portugal,PT,Lisbon District,lisbon-district,Porto Salvo,porto-salvo
Portugal,portugal,PT,Lisbon District,lisbon-district,Povoa de Santa Iria,povoa-de-santa-iria
Portugal,portugal,PT,Lisbon District,lisbon-district,Povoa de Santo Adriao,povoa-de-santo-adriao
Portugal,portugal,PT,Lisbon District,lisbon-district,Prior Velho,prior-velho
Portugal,portugal,PT,Lisbon District,lisbon-district,Queijas,queijas
Portugal,portugal,PT,Lisbon District,lisbon-district,Queluz,queluz
Portugal,portugal,PT,Lisbon District,lisbon-district,Ramada,ramada
Portugal,portugal,PT,Lisbon District,lisbon-district,Rio de Mouro,rio-de-mouro
Portugal,portugal,PT,Lisbon District,lisbon-district,Sacavem,sacavem
Portugal,portugal,PT,Lisbon District,lisbon-district,Santa Iria da Azoia,santa-iria-da-azoia
Portugal,portugal,PT,Lisbon District,lisbon-district,Santo Antao do Tojal,santo-antao-do-tojal
Portugal,portugal,PT,Lisbon District,lisbon-district,Santo Isidoro,santo-isidoro
Portugal,portugal,PT,Lisbon District,lisbon-district,Santos-o-Velho,santos-o-velho
Portugal,portugal,PT,Lisbon District,lisbon-district,Sao Bartolomeu,sao-bartolomeu
Portugal,portugal,PT,Lisbon District,lisbon-district,Sao Domingos de Rana,sao-domingos-de-rana
Portugal,portugal,PT,Lisbon District,lisbon-district,Sao Joao da Talha,sao-joao-da-talha
Portugal,portugal,PT,Lisbon District,lisbon-district,Sao Joao das Lampas,sao-joao-das-lampas
Portugal,portugal,PT,Lisbon District,lisbon-district,Sao Joao dos Montes,sao-joao-dos-montes
Portugal,portugal,PT,Lisbon District,lisbon-district,Sao Pedro da Cadeira,sao-pedro-da-cadeira
Portugal,portugal,PT,Lisbon District,lisbon-district,Silveira,silveira
Portugal,portugal,PT,Lisbon District,lisbon-district,Sintra,sintra
Portugal,portugal,PT,Lisbon District,lisbon-district,Sobral de Monte Agraco,sobral-de-monte-agraco
Portugal,portugal,PT,Lisbon District,lisbon-district,Sobralinho,sobralinho
Portugal,portugal,PT,Lisbon District,lisbon-district,Terrugem,terrugem
Portugal,portugal,PT,Lisbon District,lisbon-district,Torres Vedras,torres-vedras
Portugal,portugal,PT,Lisbon District,lisbon-district,Unhos,unhos
Portugal,portugal,PT,Lisbon District,lisbon-district,Venda do Pinheiro,venda-do-pinheiro
Portugal,portugal,PT,Lisbon District,lisbon-district,Ventosa,ventosa
Portugal,portugal,PT,Lisbon District,lisbon-district,Vialonga,vialonga
Portugal,portugal,PT,Lisbon District,lisbon-district,Vila Franca de Xira,vila-franca-de-xira
Portugal,portugal,PT,Lisbon District,lisbon-district,Vila Verde,vila-verde
Portugal,portugal,PT,Lisbon District,lisbon-district,Vimeiro,vimeiro
Portugal,portugal,PT,Madeira,madeira,Agua de Pena,agua-de-pena
Portugal,portugal,PT,Madeira,madeira,Arco da Calheta,arco-da-calheta
Portugal,portugal,PT,Madeira,madeira,Boaventura,boaventura
Portugal,portugal,PT,Madeira,madeira,Calheta,calheta
Portugal,portugal,PT,Madeira,madeira,Camacha,camacha
Portugal,portugal,PT,Madeira,madeira,Camara de Lobos,camara-de-lobos
Portugal,portugal,PT,Madeira,madeira,Campanario,campanario
Portugal,portugal,PT,Madeira,madeira,Canhas,canhas
Portugal,portugal,PT,Madeira,madeira,Canical,canical
Portugal,portugal,PT,Madeira,madeira,Canico,canico
Portugal,portugal,PT,Madeira,madeira,Curral das Freiras,curral-das-freiras
Portugal,portugal,PT,Madeira,madeira,Estreito da Calheta,estreito-da-calheta
Portugal,portugal,PT,Madeira,madeira,Faial,faial
Portugal,portugal,PT,Madeira,madeira,Faja da Ovelha,faja-da-ovelha
Portugal,portugal,PT,Madeira,madeira,Funchal,funchal
Portugal,portugal,PT,Madeira,madeira,Machico,machico
Portugal,portugal,PT,Madeira,madeira,Nossa Senhora do Monte,nossa-senhora-do-monte
Portugal,portugal,PT,Madeira,madeira,Ponta do Sol,ponta-do-sol
Portugal,portugal,PT,Madeira,madeira,Porto da Cruz,porto-da-cruz
Portugal,portugal,PT,Madeira,madeira,Porto Moniz,porto-moniz
Portugal,portugal,PT,Madeira,madeira,Porto Santo,porto-santo
Portugal,portugal,PT,Madeira,madeira,Ribeira Brava,ribeira-brava
Portugal,portugal,PT,Madeira,madeira,Santa Cruz,santa-cruz
Portugal,portugal,PT,Madeira,madeira,Santana,santana
Portugal,portugal,PT,Madeira,madeira,Sao Jorge,sao-jorge
Portugal,portugal,PT,Madeira,madeira,Sao Martinho,sao-martinho
Portugal,portugal,PT,Madeira,madeira,Sao Roque,sao-roque
Portugal,portugal,PT,Madeira,madeira,Sao Vicente,sao-vicente
Portugal,portugal,PT,Portalegre District,portalegre-district,Alter do Chao,alter-do-chao
Portugal,portugal,PT,Portalegre District,portalegre-district,Arronches,arronches
Portugal,portugal,PT,Portalegre District,portalegre-district,Atalaia,atalaia
Portugal,portugal,PT,Portalegre District,portalegre-district,Avis,avis
Portugal,portugal,PT,Portalegre District,portalegre-district,Campo Maior,campo-maior
Portugal,portugal,PT,Portalegre District,portalegre-district,Castelo de Vide,castelo-de-vide
Portugal,portugal,PT,Portalegre District,portalegre-district,Crato,crato
Portugal,portugal,PT,Portalegre District,portalegre-district,Elvas,elvas
Portugal,portugal,PT,Portalegre District,portalegre-district,Fronteira,fronteira
Portugal,portugal,PT,Portalegre District,portalegre-district,Gaviao,gaviao
Portugal,portugal,PT,Portalegre District,portalegre-district,Marvao,marvao
Portugal,portugal,PT,Portalegre District,portalegre-district,Monforte,monforte
Portugal,portugal,PT,Portalegre District,portalegre-district,Montargil,montargil
Portugal,portugal,PT,Portalegre District,portalegre-district,Nisa,nisa
Portugal,portugal,PT,Portalegre District,portalegre-district,Ponte de Sor,ponte-de-sor
Portugal,portugal,PT,Portalegre District,portalegre-district,Portalegre,portalegre
Portugal,portugal,PT,Portalegre District,portalegre-district,Santo Andre,santo-andre
Portugal,portugal,PT,Portalegre District,portalegre-district,Sousel,sousel
Portugal,portugal,PT,Portalegre District,portalegre-district,Vale da Amoreira,vale-da-amoreira
Portugal,portugal,PT,Porto District,porto-district,Agua Longa,agua-longa
Portugal,portugal,PT,Porto District,porto-district,Aguas Santas,aguas-santas
Portugal,portugal,PT,Porto District,porto-district,Agucadoura,agucadoura
Portugal,portugal,PT,Porto District,porto-district,Alfena,alfena
Portugal,portugal,PT,Porto District,porto-district,Alpendurada,alpendurada
Portugal,portugal,PT,Porto District,porto-district,Amarante,amarante
Portugal,portugal,PT,Porto District,porto-district,Amorim,amorim
Portugal,portugal,PT,Porto District,porto-district,Anta,anta
Portugal,portugal,PT,Porto District,porto-district,Arcozelo,arcozelo
Portugal,portugal,PT,Porto District,porto-district,Argivai,argivai
Portugal,portugal,PT,Porto District,porto-district,Arvore,arvore
Portugal,portugal,PT,Porto District,porto-district,Aver-o-Mar,aver-o-mar
Portugal,portugal,PT,Porto District,porto-district,Aves,aves
Portugal,portugal,PT,Porto District,porto-district,Avintes,avintes
Portugal,portugal,PT,Porto District,porto-district,Azenha,azenha
Portugal,portugal,PT,Porto District,porto-district,Baguim do Monte,baguim-do-monte
Portugal,portugal,PT,Porto District,porto-district,Baiao,baiao
Portugal,portugal,PT,Porto District,porto-district,Balazar,balazar
Portugal,portugal,PT,Porto District,porto-district,Baltar,baltar
Portugal,portugal,PT,Porto District,porto-district,Barrosas,barrosas
Portugal,portugal,PT,Porto District,porto-district,Beiriz de Baixo,beiriz-de-baixo
Portugal,portugal,PT,Porto District,porto-district,Bougado,bougado
Portugal,portugal,PT,Porto District,porto-district,Campo,campo
Portugal,portugal,PT,Porto District,porto-district,Canelas,canelas
Portugal,portugal,PT,Porto District,porto-district,Canidelo,canidelo
Portugal,portugal,PT,Porto District,porto-district,Carvalhosa,carvalhosa
Portugal,portugal,PT,Porto District,porto-district,Casteloes de Cepeda,casteloes-de-cepeda
Portugal,portugal,PT,Porto District,porto-district,Ermesinde,ermesinde
Portugal,portugal,PT,Porto District,porto-district,Estela,estela
Portugal,portugal,PT,Porto District,porto-district,Fanzeres,fanzeres
Portugal,portugal,PT,Porto District,porto-district,Felgueiras,felgueiras
Portugal,portugal,PT,Porto District,porto-district,Ferreira,ferreira
Portugal,portugal,PT,Porto District,porto-district,Figueiro,figueiro
Portugal,portugal,PT,Porto District,porto-district,Foz do Douro,foz-do-douro
Portugal,portugal,PT,Porto District,porto-district,Foz do Sousa,foz-do-sousa
Portugal,portugal,PT,Porto District,porto-district,Frazao,frazao
Portugal,portugal,PT,Porto District,porto-district,Freamunde,freamunde
Portugal,portugal,PT,Porto District,porto-district,Gandra,gandra
Portugal,portugal,PT,Porto District,porto-district,Gemunde,gemunde
Portugal,portugal,PT,Porto District,porto-district,Gondomar,gondomar
Portugal,portugal,PT,Porto District,porto-district,Grijo,grijo
Portugal,portugal,PT,Porto District,porto-district,Guifoes,guifoes
Portugal,portugal,PT,Porto District,porto-district,Gulpilhares,gulpilhares
Portugal,portugal,PT,Porto District,porto-district,Jovim,jovim
Portugal,portugal,PT,Porto District,porto-district,Lavra,lavra
Portugal,portugal,PT,Porto District,porto-district,Leca da Palmeira,leca-da-palmeira
Portugal,portugal,PT,Porto District,porto-district,Leca do Bailio,leca-do-bailio
Portugal,portugal,PT,Porto District,porto-district,Lordelo,lordelo
Portugal,portugal,PT,Porto District,porto-district,Lousada,lousada
Portugal,portugal,PT,Porto District,porto-district,Lustosa,lustosa
Portugal,portugal,PT,Porto District,porto-district,Madalena,madalena
Portugal,portugal,PT,Porto District,porto-district,Maia,maia
Portugal,portugal,PT,Porto District,porto-district,Marco de Canaveses,marco-de-canaveses
Portugal,portugal,PT,Porto District,porto-district,Marco de Canavezes,marco-de-canavezes
Portugal,portugal,PT,Porto District,porto-district,Margaride,margaride
Portugal,portugal,PT,Porto District,porto-district,Matosinhos,matosinhos
Portugal,portugal,PT,Porto District,porto-district,Meinedo,meinedo
Portugal,portugal,PT,Porto District,porto-district,Melres,melres
Portugal,portugal,PT,Porto District,porto-district,Milheiros,milheiros
Portugal,portugal,PT,Porto District,porto-district,Mindelo,mindelo
Portugal,portugal,PT,Porto District,porto-district,Moreira,moreira
Portugal,portugal,PT,Porto District,porto-district,Negrelos,negrelos
Portugal,portugal,PT,Porto District,porto-district,Nogueira,nogueira
Portugal,portugal,PT,Porto District,porto-district,Olival,olival
Portugal,portugal,PT,Porto District,porto-district,Oliveira do Douro,oliveira-do-douro
Portugal,portugal,PT,Porto District,porto-district,Pacos de Ferreira,pacos-de-ferreira
Portugal,portugal,PT,Porto District,porto-district,Paredes,paredes
Portugal,portugal,PT,Porto District,porto-district,Pedroso,pedroso
Portugal,portugal,PT,Porto District,porto-district,Pedroucos,pedroucos
Portugal,portugal,PT,Porto District,porto-district,Penafiel,penafiel
Portugal,portugal,PT,Porto District,porto-district,Perafita,perafita
Portugal,portugal,PT,Porto District,porto-district,Perozinho,perozinho
Portugal,portugal,PT,Porto District,porto-district,Porto,porto
Portugal,portugal,PT,Porto District,porto-district,Povoa de Varzim,povoa-de-varzim
Portugal,portugal,PT,Porto District,porto-district,Rebordoes,rebordoes
Portugal,portugal,PT,Porto District,porto-district,Rebordosa,rebordosa
Portugal,portugal,PT,Porto District,porto-district,Recarei,recarei
Portugal,portugal,PT,Porto District,porto-district,Rio Mau,rio-mau
Portugal,portugal,PT,Porto District,porto-district,Rio Tinto,rio-tinto
Portugal,portugal,PT,Porto District,porto-district,Sandim,sandim
Portugal,portugal,PT,Porto District,porto-district,Santa Cruz do Bispo,santa-cruz-do-bispo
Portugal,portugal,PT,Porto District,porto-district,Santo Izidoro,santo-izidoro
Portugal,portugal,PT,Porto District,porto-district,Santo Tirso,santo-tirso
Portugal,portugal,PT,Porto District,porto-district,Sao Felix da Marinha,sao-felix-da-marinha
Portugal,portugal,PT,Porto District,porto-district,Sao Mamede de Infesta,sao-mamede-de-infesta
Portugal,portugal,PT,Porto District,porto-district,Sao Miguel do Couto,sao-miguel-do-couto
Portugal,portugal,PT,Porto District,porto-district,Sao Pedro da Cova,sao-pedro-da-cova
Portugal,portugal,PT,Porto District,porto-district,Sao Romao do Coronado,sao-romao-do-coronado
Portugal,portugal,PT,Porto District,porto-district,Senhora da Hora,senhora-da-hora
Portugal,portugal,PT,Porto District,porto-district,Sermonde,sermonde
Portugal,portugal,PT,Porto District,porto-district,Seroa,seroa
Portugal,portugal,PT,Porto District,porto-district,Serzedo,serzedo
Portugal,portugal,PT,Porto District,porto-district,Sobrado,sobrado
Portugal,portugal,PT,Porto District,porto-district,Teloes,teloes
Portugal,portugal,PT,Porto District,porto-district,Trofa,trofa
Portugal,portugal,PT,Porto District,porto-district,Vairao,vairao
Portugal,portugal,PT,Porto District,porto-district,Valadares,valadares
Portugal,portugal,PT,Porto District,porto-district,Valbom,valbom
Portugal,portugal,PT,Porto District,porto-district,Valongo,valongo
Portugal,portugal,PT,Porto District,porto-district,Vila do Conde,vila-do-conde
Portugal,portugal,PT,Porto District,porto-district,Vila Mea,vila-mea
Portugal,portugal,PT,Porto District,porto-district,Vila Nova da Telha,vila-nova-da-telha
Portugal,portugal,PT,Porto District,porto-district,Vila Nova de Gaia,vila-nova-de-gaia
Portugal,portugal,PT,Porto District,porto-district,Vilar de Andorinho,vilar-de-andorinho
Portugal,portugal,PT,Porto District,porto-district,Vilar do Paraiso,vilar-do-paraiso
Portugal,portugal,PT,Porto District,porto-district,Vilarinho,vilarinho
Portugal,portugal,PT,Porto District,porto-district,Vizela,vizela
Portugal,portugal,PT,Santarem District,santarem-district,Abrantes,abrantes
Portugal,portugal,PT,Santarem District,santarem-district,Alcanede,alcanede
Portugal,portugal,PT,Santarem District,santarem-district,Alcanena,alcanena
Portugal,portugal,PT,Santarem District,santarem-district,Alcanhoes,alcanhoes
Portugal,portugal,PT,Santarem District,santarem-district,Alferrarede,alferrarede
Portugal,portugal,PT,Santarem District,santarem-district,Almeirim,almeirim
Portugal,portugal,PT,Santarem District,santarem-district,Alpiarca,alpiarca
Portugal,portugal,PT,Santarem District,santarem-district,Amiaes de Baixo,amiaes-de-baixo
Portugal,portugal,PT,Santarem District,santarem-district,Azinhaga,azinhaga
Portugal,portugal,PT,Santarem District,santarem-district,Bemfica,bemfica
Portugal,portugal,PT,Santarem District,santarem-district,Benavente,benavente
Portugal,portugal,PT,Santarem District,santarem-district,Cartaxo,cartaxo
Portugal,portugal,PT,Santarem District,santarem-district,Chamusca,chamusca
Portugal,portugal,PT,Santarem District,santarem-district,Constancia,constancia
Portugal,portugal,PT,Santarem District,santarem-district,Coruche,coruche
Portugal,portugal,PT,Santarem District,santarem-district,Entroncamento,entroncamento
Portugal,portugal,PT,Santarem District,santarem-district,Fatima,fatima
Portugal,portugal,PT,Santarem District,santarem-district,Fazendas de Almeirim,fazendas-de-almeirim
Portugal,portugal,PT,Santarem District,santarem-district,Ferreira do Zezere,ferreira-do-zezere
Portugal,portugal,PT,Santarem District,santarem-district,Golega,golega
Portugal,portugal,PT,Santarem District,santarem-district,Macao,macao
Portugal,portugal,PT,Santarem District,santarem-district,Madalena,madalena
Portugal,portugal,PT,Santarem District,santarem-district,Marinhais,marinhais
Portugal,portugal,PT,Santarem District,santarem-district,Minde,minde
Portugal,portugal,PT,Santarem District,santarem-district,Monsanto,monsanto
Portugal,portugal,PT,Santarem District,santarem-district,Montalvinho,montalvinho
Portugal,portugal,PT,Santarem District,santarem-district,Montalvo,montalvo
Portugal,portugal,PT,Santarem District,santarem-district,Ourem,ourem
Portugal,portugal,PT,Santarem District,santarem-district,Paialvo,paialvo
Portugal,portugal,PT,Santarem District,santarem-district,Pego,pego
Portugal,portugal,PT,Santarem District,santarem-district,Pinheiro Grande,pinheiro-grande
Portugal,portugal,PT,Santarem District,santarem-district,Poceirao,poceirao
Portugal,portugal,PT,Santarem District,santarem-district,Pontevel,pontevel
Portugal,portugal,PT,Santarem District,santarem-district,Praia do Ribatejo,praia-do-ribatejo
Portugal,portugal,PT,Santarem District,santarem-district,Riachos,riachos
Portugal,portugal,PT,Santarem District,santarem-district,Rio Maior,rio-maior
Portugal,portugal,PT,Santarem District,santarem-district,Salvaterra de Magos,salvaterra-de-magos
Portugal,portugal,PT,Santarem District,santarem-district,Samora Correia,samora-correia
Portugal,portugal,PT,Santarem District,santarem-district,Santa Margarida da Coutada,santa-margarida-da-coutada
Portugal,portugal,PT,Santarem District,santarem-district,Santarem,santarem
Portugal,portugal,PT,Santarem District,santarem-district,Sao Miguel de Rio Torto,sao-miguel-de-rio-torto
Portugal,portugal,PT,Santarem District,santarem-district,Sao Vicente do Paul,sao-vicente-do-paul
Portugal,portugal,PT,Santarem District,santarem-district,Sardoal,sardoal
Portugal,portugal,PT,Santarem District,santarem-district,Tomar,tomar
Portugal,portugal,PT,Santarem District,santarem-district,Torres Novas,torres-novas
Portugal,portugal,PT,Santarem District,santarem-district,Tramagal,tramagal
Portugal,portugal,PT,Santarem District,santarem-district,Vale de Figueira,vale-de-figueira
Portugal,portugal,PT,Santarem District,santarem-district,Vale de Santarem,vale-de-santarem
Portugal,portugal,PT,Santarem District,santarem-district,Vila Cha de Ourique,vila-cha-de-ourique
Portugal,portugal,PT,Santarem District,santarem-district,Vila Nova da Barquinha,vila-nova-da-barquinha
Portugal,portugal,PT,Setubal District,setubal-district,Alcacer do Sal,alcacer-do-sal
Portugal,portugal,PT,Setubal District,setubal-district,Alcochete,alcochete
Portugal,portugal,PT,Setubal District,setubal-district,Aldeia de Paio Pires,aldeia-de-paio-pires
Portugal,portugal,PT,Setubal District,setubal-district,Alhos Vedros,alhos-vedros
Portugal,portugal,PT,Setubal District,setubal-district,Almada,almada
Portugal,portugal,PT,Setubal District,setubal-district,Amora,amora
Portugal,portugal,PT,Setubal District,setubal-district,Arrentela,arrentela
Portugal,portugal,PT,Setubal District,setubal-district,Azeitao,azeitao
Portugal,portugal,PT,Setubal District,setubal-district,Barreiro,barreiro
Portugal,portugal,PT,Setubal District,setubal-district,Cacilhas,cacilhas
Portugal,portugal,PT,Setubal District,setubal-district,Caparica,caparica
Portugal,portugal,PT,Setubal District,setubal-district,Cercal,cercal
Portugal,portugal,PT,Setubal District,setubal-district,Charneca de Caparica,charneca-de-caparica
Portugal,portugal,PT,Setubal District,setubal-district,Comporta,comporta
Portugal,portugal,PT,Setubal District,setubal-district,Corroios,corroios
Portugal,portugal,PT,Setubal District,setubal-district,Costa de Caparica,costa-de-caparica
Portugal,portugal,PT,Setubal District,setubal-district,Grandola,grandola
Portugal,portugal,PT,Setubal District,setubal-district,Laranjeira,laranjeira
Portugal,portugal,PT,Setubal District,setubal-district,Lavradio,lavradio
Portugal,portugal,PT,Setubal District,setubal-district,Moita,moita
Portugal,portugal,PT,Setubal District,setubal-district,Montijo,montijo
Portugal,portugal,PT,Setubal District,setubal-district,Palmela,palmela
Portugal,portugal,PT,Setubal District,setubal-district,Piedade,piedade
Portugal,portugal,PT,Setubal District,setubal-district,Pinhal Novo,pinhal-novo
Portugal,portugal,PT,Setubal District,setubal-district,Porto Covo,porto-covo
Portugal,portugal,PT,Setubal District,setubal-district,Pragal,pragal
Portugal,portugal,PT,Setubal District,setubal-district,Quinta do Anjo,quinta-do-anjo
Portugal,portugal,PT,Setubal District,setubal-district,Quinta Do Conde,quinta-do-conde
Portugal,portugal,PT,Setubal District,setubal-district,Rosairinho,rosairinho
Portugal,portugal,PT,Setubal District,setubal-district,Samouco,samouco
Portugal,portugal,PT,Setubal District,setubal-district,Santiago do Cacem,santiago-do-cacem
Portugal,portugal,PT,Setubal District,setubal-district,Santo Andre,santo-andre
Portugal,portugal,PT,Setubal District,setubal-district,Santo Antonio da Charneca,santo-antonio-da-charneca
Portugal,portugal,PT,Setubal District,setubal-district,Sarilhos Pequenos,sarilhos-pequenos
Portugal,portugal,PT,Setubal District,setubal-district,Seixal,seixal
Portugal,portugal,PT,Setubal District,setubal-district,Sesimbra,sesimbra
Portugal,portugal,PT,Setubal District,setubal-district,Setubal,setubal
Portugal,portugal,PT,Setubal District,setubal-district,Sines,sines
Portugal,portugal,PT,Setubal District,setubal-district,Sobreda,sobreda
Portugal,portugal,PT,Setubal District,setubal-district,Trafaria,trafaria
Portugal,portugal,PT,Viana do Castelo District,viana-do-castelo-district,Arcos de Valdevez,arcos-de-valdevez
Portugal,portugal,PT,Viana do Castelo District,viana-do-castelo-district,Areosa,areosa
Portugal,portugal,PT,Viana do Castelo District,viana-do-castelo-district,Caminha,caminha
Portugal,portugal,PT,Viana do Castelo District,viana-do-castelo-district,Darque,darque
Portugal,portugal,PT,Viana do Castelo District,viana-do-castelo-district,Meadela,meadela
Portugal,portugal,PT,Viana do Castelo District,viana-do-castelo-district,Melgaco,melgaco
Portugal,portugal,PT,Viana do Castelo District,viana-do-castelo-district,Moncao,moncao
Portugal,portugal,PT,Viana do Castelo District,viana-do-castelo-district,Mozelos,mozelos
Portugal,portugal,PT,Viana do Castelo District,viana-do-castelo-district,Paredes de Coura,paredes-de-coura
Portugal,portugal,PT,Viana do Castelo District,viana-do-castelo-district,Ponte da Barca,ponte-da-barca
Portugal,portugal,PT,Viana do Castelo District,viana-do-castelo-district,Ponte de Lima,ponte-de-lima
Portugal,portugal,PT,Viana do Castelo District,viana-do-castelo-district,Valenca,valenca
Portugal,portugal,PT,Viana do Castelo District,viana-do-castelo-district,Valenza,valenza
Portugal,portugal,PT,Viana do Castelo District,viana-do-castelo-district,Viana do Castelo,viana-do-castelo
Portugal,portugal,PT,Viana do Castelo District,viana-do-castelo-district,Vila Praia de Ancora,vila-praia-de-ancora
Portugal,portugal,PT,Vila Real District,vila-real-district,Alijo,alijo
Portugal,portugal,PT,Vila Real District,vila-real-district,Boticas,boticas
Portugal,portugal,PT,Vila Real District,vila-real-district,Chaves,chaves
Portugal,portugal,PT,Vila Real District,vila-real-district,Favaios,favaios
Portugal,portugal,PT,Vila Real District,vila-real-district,Godim,godim
Portugal,portugal,PT,Vila Real District,vila-real-district,Mesao Frio,mesao-frio
Portugal,portugal,PT,Vila Real District,vila-real-district,Mondim de Basto,mondim-de-basto
Portugal,portugal,PT,Vila Real District,vila-real-district,Montalegre,montalegre
Portugal,portugal,PT,Vila Real District,vila-real-district,Murca,murca
Portugal,portugal,PT,Vila Real District,vila-real-district,Peso da Regua,peso-da-regua
Portugal,portugal,PT,Vila Real District,vila-real-district,Ribeira de Pena,ribeira-de-pena
Portugal,portugal,PT,Vila Real District,vila-real-district,Sabrosa,sabrosa
Portugal,portugal,PT,Vila Real District,vila-real-district,Santa Cruz,santa-cruz
Portugal,portugal,PT,Vila Real District,vila-real-district,Santa Marta de Penaguiao,santa-marta-de-penaguiao
Portugal,portugal,PT,Vila Real District,vila-real-district,Sobreira,sobreira
Portugal,portugal,PT,Vila Real District,vila-real-district,Valpacos,valpacos
Portugal,portugal,PT,Vila Real District,vila-real-district,Vila Pouca de Aguiar,vila-pouca-de-aguiar
Portugal,portugal,PT,Vila Real District,vila-real-district,Vila Real,vila-real
Portugal,portugal,PT,Vila Real District,vila-real-district,Vilela,vilela
Portugal,portugal,PT,Viseu District,viseu-district,Abraveses,abraveses
Portugal,portugal,PT,Viseu District,viseu-district,Armamar,armamar
Portugal,portugal,PT,Viseu District,viseu-district,Cabanas de Viriato,cabanas-de-viriato
Portugal,portugal,PT,Viseu District,viseu-district,Campo,campo
Portugal,portugal,PT,Viseu District,viseu-district,Campo de Besteiros,campo-de-besteiros
Portugal,portugal,PT,Viseu District,viseu-district,Canas de Senhorim,canas-de-senhorim
Portugal,portugal,PT,Viseu District,viseu-district,Carregal do Sal,carregal-do-sal
Portugal,portugal,PT,Viseu District,viseu-district,Castro Daire,castro-daire
Portugal,portugal,PT,Viseu District,viseu-district,Cinfaes,cinfaes
Portugal,portugal,PT,Viseu District,viseu-district,Ervedosa do Douro,ervedosa-do-douro
Portugal,portugal,PT,Viseu District,viseu-district,Lamego,lamego
Portugal,portugal,PT,Viseu District,viseu-district,Mangualde,mangualde
Portugal,portugal,PT,Viseu District,viseu-district,Moimenta da Beira,moimenta-da-beira
Portugal,portugal,PT,Viseu District,viseu-district,Mortagua,mortagua
Portugal,portugal,PT,Viseu District,viseu-district,Nelas,nelas
Portugal,portugal,PT,Viseu District,viseu-district,Oliveira de Frades,oliveira-de-frades
Portugal,portugal,PT,Viseu District,viseu-district,Penalva do Castelo,penalva-do-castelo
Portugal,portugal,PT,Viseu District,viseu-district,Penedono,penedono
Portugal,portugal,PT,Viseu District,viseu-district,Resende,resende
Portugal,portugal,PT,Viseu District,viseu-district,Rio de Loba,rio-de-loba
Portugal,portugal,PT,Viseu District,viseu-district,Santa Comba Dao,santa-comba-dao
Portugal,portugal,PT,Viseu District,viseu-district,Sao Joao da Pesqueira,sao-joao-da-pesqueira
Portugal,portugal,PT,Viseu District,viseu-district,Sao Joao de Areias,sao-joao-de-areias
Portugal,portugal,PT,Viseu District,viseu-district,Sao Pedro do Sul,sao-pedro-do-sul
Portugal,portugal,PT,Viseu District,viseu-district,Satao,satao
Portugal,portugal,PT,Viseu District,viseu-district,Sernancelhe,sernancelhe
Portugal,portugal,PT,Viseu District,viseu-district,Tabuaco,tabuaco
Portugal,portugal,PT,Viseu District,viseu-district,Tarouca,tarouca
Portugal,portugal,PT,Viseu District,viseu-district,Tondela,tondela
Portugal,portugal,PT,Viseu District,viseu-district,Treixedo,treixedo
Portugal,portugal,PT,Viseu District,viseu-district,Vila Nova de Paiva,vila-nova-de-paiva
Portugal,portugal,PT,Viseu District,viseu-district,Viseu,viseu
Portugal,portugal,PT,Viseu District,viseu-district,Vouzela,vouzela
