s_country_name,s_country_code_iso2,s_region_name,s_region_slug,s_city_name,s_city_slug
Argentina,AR,Buenos Aires,buenos-aires,Balvanera,balvanera
Argentina,AR,Buenos Aires,buenos-aires,Barracas,barracas
Argentina,AR,Buenos Aires,buenos-aires,Belgrano,belgrano
Argentina,AR,Buenos Aires,buenos-aires,Boedo,boedo
Argentina,AR,Buenos Aires,buenos-aires,Buenos Aires,buenos-aires
Argentina,AR,Buenos Aires,buenos-aires,Colegiales,colegiales
Argentina,AR,Buenos Aires,buenos-aires,Retiro,retiro
Argentina,AR,Buenos Aires,buenos-aires,Villa Lugano,villa-lugano
Argentina,AR,Buenos Aires,buenos-aires,Villa Ortuzar,villa-ortuzar
Argentina,AR,Buenos Aires,buenos-aires,Villa Santa Rita,villa-santa-rita
Argentina,AR,Catamarca Province,catamarca-province,Ancasti,ancasti
Argentina,AR,Catamarca Province,catamarca-province,Andalgala,andalgala
Argentina,AR,Catamarca Province,catamarca-province,Antofagasta de la Sierra,antofagasta-de-la-sierra
Argentina,AR,Catamarca Province,catamarca-province,Capayan,capayan
Argentina,AR,Catamarca Province,catamarca-province,Departamento de Ambato,departamento-de-ambato
Argentina,AR,Catamarca Province,catamarca-province,Departamento de Ancasti,departamento-de-ancasti
Argentina,AR,Catamarca Province,catamarca-province,Departamento de Andalgala,departamento-de-andalgala
Argentina,AR,Catamarca Province,catamarca-province,Departamento de Antofagasta de la Sierra,departamento-de-antofagasta-de-la-sierra
Argentina,AR,Catamarca Province,catamarca-province,Departamento de Capayan,departamento-de-capayan
Argentina,AR,Catamarca Province,catamarca-province,Departamento de Capital,departamento-de-capital
Argentina,AR,Catamarca Province,catamarca-province,Departamento de El Alto,departamento-de-el-alto
Argentina,AR,Catamarca Province,catamarca-province,Departamento de Fray Mamerto Esquiu,departamento-de-fray-mamerto-esquiu
Argentina,AR,Catamarca Province,catamarca-province,Departamento de La Paz,departamento-de-la-paz
Argentina,AR,Catamarca Province,catamarca-province,Departamento de Poman,departamento-de-poman
Argentina,AR,Catamarca Province,catamarca-province,Departamento de Santa Maria,departamento-de-santa-maria
Argentina,AR,Catamarca Province,catamarca-province,Departamento de Santa Rosa,departamento-de-santa-rosa
Argentina,AR,Catamarca Province,catamarca-province,Departamento de Tinogasta,departamento-de-tinogasta
Argentina,AR,Catamarca Province,catamarca-province,Departamento de Valle Viejo,departamento-de-valle-viejo
Argentina,AR,Catamarca Province,catamarca-province,El Rodeo,el-rodeo
Argentina,AR,Catamarca Province,catamarca-province,Fiambala,fiambala
Argentina,AR,Catamarca Province,catamarca-province,Hualfin,hualfin
Argentina,AR,Catamarca Province,catamarca-province,Huillapima,huillapima
Argentina,AR,Catamarca Province,catamarca-province,Icano,icano
Argentina,AR,Catamarca Province,catamarca-province,La Puerta de San Jose,la-puerta-de-san-jose
Argentina,AR,Catamarca Province,catamarca-province,Londres,londres
Argentina,AR,Catamarca Province,catamarca-province,Los Altos,los-altos
Argentina,AR,Catamarca Province,catamarca-province,Los Varela,los-varela
Argentina,AR,Catamarca Province,catamarca-province,Mutquin,mutquin
Argentina,AR,Catamarca Province,catamarca-province,Poman,poman
Argentina,AR,Catamarca Province,catamarca-province,Puerta de Corral Quemado,puerta-de-corral-quemado
Argentina,AR,Catamarca Province,catamarca-province,Recreo,recreo
Argentina,AR,Catamarca Province,catamarca-province,San Antonio,san-antonio
Argentina,AR,Catamarca Province,catamarca-province,San Fernando del Valle de Catamarca,san-fernando-del-valle-de-catamarca
Argentina,AR,Catamarca Province,catamarca-province,Santa Maria,santa-maria
Argentina,AR,Catamarca Province,catamarca-province,Tinogasta,tinogasta
Argentina,AR,Chaco Province,chaco-province,Avia Terai,avia-terai
Argentina,AR,Chaco Province,chaco-province,Barranqueras,barranqueras
Argentina,AR,Chaco Province,chaco-province,Basail,basail
Argentina,AR,Chaco Province,chaco-province,Campo Largo,campo-largo
Argentina,AR,Chaco Province,chaco-province,Capitan Solari,capitan-solari
Argentina,AR,Chaco Province,chaco-province,Castelli,castelli
Argentina,AR,Chaco Province,chaco-province,Charadai,charadai
Argentina,AR,Chaco Province,chaco-province,Charata,charata
Argentina,AR,Chaco Province,chaco-province,Chorotis,chorotis
Argentina,AR,Chaco Province,chaco-province,Ciervo Petiso,ciervo-petiso
Argentina,AR,Chaco Province,chaco-province,Colonia Benitez,colonia-benitez
Argentina,AR,Chaco Province,chaco-province,Colonia Elisa,colonia-elisa
Argentina,AR,Chaco Province,chaco-province,Colonias Unidas,colonias-unidas
Argentina,AR,Chaco Province,chaco-province,Concepcion del Bermejo,concepcion-del-bermejo
Argentina,AR,Chaco Province,chaco-province,Coronel Du Graty,coronel-du-graty
Argentina,AR,Chaco Province,chaco-province,Corzuela,corzuela
Argentina,AR,Chaco Province,chaco-province,Cote-Lai,cote-lai
Argentina,AR,Chaco Province,chaco-province,Departamento de Almirante Brown,departamento-de-almirante-brown
Argentina,AR,Chaco Province,chaco-province,Departamento de Bermejo,departamento-de-bermejo
Argentina,AR,Chaco Province,chaco-province,Departamento de Comandante Fernandez,departamento-de-comandante-fernandez
Argentina,AR,Chaco Province,chaco-province,Departamento de Doce de Octubre,departamento-de-doce-de-octubre
Argentina,AR,Chaco Province,chaco-province,Departamento de Dos de Abril,departamento-de-dos-de-abril
Argentina,AR,Chaco Province,chaco-province,Departamento de General Donovan,departamento-de-general-donovan
Argentina,AR,Chaco Province,chaco-province,Departamento de General Guemes,departamento-de-general-guemes
Argentina,AR,Chaco Province,chaco-province,Departamento de Independencia,departamento-de-independencia
Argentina,AR,Chaco Province,chaco-province,Departamento de Libertad,departamento-de-libertad
Argentina,AR,Chaco Province,chaco-province,Departamento de Maipu,departamento-de-maipu
Argentina,AR,Chaco Province,chaco-province,Departamento de Nueve de Julio,departamento-de-nueve-de-julio
Argentina,AR,Chaco Province,chaco-province,Departamento de OHiggins,departamento-de-ohiggins
Argentina,AR,Chaco Province,chaco-province,Departamento de Presidencia de la Plaza,departamento-de-presidencia-de-la-plaza
Argentina,AR,Chaco Province,chaco-province,Departamento de Quitilipi,departamento-de-quitilipi
Argentina,AR,Chaco Province,chaco-province,Departamento de San Fernando,departamento-de-san-fernando
Argentina,AR,Chaco Province,chaco-province,Departamento de San Lorenzo,departamento-de-san-lorenzo
Argentina,AR,Chaco Province,chaco-province,Departamento de Sargento Cabral,departamento-de-sargento-cabral
Argentina,AR,Chaco Province,chaco-province,Departamento de Tapenaga,departamento-de-tapenaga
Argentina,AR,Chaco Province,chaco-province,Fontana,fontana
Argentina,AR,Chaco Province,chaco-province,Gancedo,gancedo
Argentina,AR,Chaco Province,chaco-province,General Jose de San Martin,general-jose-de-san-martin
Argentina,AR,Chaco Province,chaco-province,General Pinedo,general-pinedo
Argentina,AR,Chaco Province,chaco-province,General Vedia,general-vedia
Argentina,AR,Chaco Province,chaco-province,Hermoso Campo,hermoso-campo
Argentina,AR,Chaco Province,chaco-province,La Clotilde,la-clotilde
Argentina,AR,Chaco Province,chaco-province,La Eduvigis,la-eduvigis
Argentina,AR,Chaco Province,chaco-province,La Escondida,la-escondida
Argentina,AR,Chaco Province,chaco-province,La Leonesa,la-leonesa
Argentina,AR,Chaco Province,chaco-province,La Tigra,la-tigra
Argentina,AR,Chaco Province,chaco-province,La Verde,la-verde
Argentina,AR,Chaco Province,chaco-province,Laguna Limpia,laguna-limpia
Argentina,AR,Chaco Province,chaco-province,Lapachito,lapachito
Argentina,AR,Chaco Province,chaco-province,Las Brenas,las-brenas
Argentina,AR,Chaco Province,chaco-province,Las Garcitas,las-garcitas
Argentina,AR,Chaco Province,chaco-province,Los Frentones,los-frentones
Argentina,AR,Chaco Province,chaco-province,Machagai,machagai
Argentina,AR,Chaco Province,chaco-province,Makalle,makalle
Argentina,AR,Chaco Province,chaco-province,Margarita Belen,margarita-belen
Argentina,AR,Chaco Province,chaco-province,Napenay,napenay
Argentina,AR,Chaco Province,chaco-province,Pampa Almiron,pampa-almiron
Argentina,AR,Chaco Province,chaco-province,Pampa del Indio,pampa-del-indio
Argentina,AR,Chaco Province,chaco-province,Pampa del Infierno,pampa-del-infierno
Argentina,AR,Chaco Province,chaco-province,Presidencia de la Plaza,presidencia-de-la-plaza
Argentina,AR,Chaco Province,chaco-province,Presidencia Roca,presidencia-roca
Argentina,AR,Chaco Province,chaco-province,Presidencia Roque Saenz Pena,presidencia-roque-saenz-pena
Argentina,AR,Chaco Province,chaco-province,Puerto Bermejo,puerto-bermejo
Argentina,AR,Chaco Province,chaco-province,Puerto Tirol,puerto-tirol
Argentina,AR,Chaco Province,chaco-province,Puerto Vilelas,puerto-vilelas
Argentina,AR,Chaco Province,chaco-province,Quitilipi,quitilipi
Argentina,AR,Chaco Province,chaco-province,Resistencia,resistencia
Argentina,AR,Chaco Province,chaco-province,Samuhu,samuhu
Argentina,AR,Chaco Province,chaco-province,San Bernardo,san-bernardo
Argentina,AR,Chaco Province,chaco-province,Santa Sylvina,santa-sylvina
Argentina,AR,Chaco Province,chaco-province,Taco Pozo,taco-pozo
Argentina,AR,Chaco Province,chaco-province,Tres Isletas,tres-isletas
Argentina,AR,Chaco Province,chaco-province,Villa Angela,villa-angela
Argentina,AR,Chaco Province,chaco-province,Villa Berthet,villa-berthet
Argentina,AR,Chubut Province,chubut-province,Alto Rio Senguer,alto-rio-senguer
Argentina,AR,Chubut Province,chubut-province,Camarones,camarones
Argentina,AR,Chubut Province,chubut-province,Comodoro Rivadavia,comodoro-rivadavia
Argentina,AR,Chubut Province,chubut-province,Departamento de Biedma,departamento-de-biedma
Argentina,AR,Chubut Province,chubut-province,Departamento de Cushamen,departamento-de-cushamen
Argentina,AR,Chubut Province,chubut-province,Departamento de Escalante,departamento-de-escalante
Argentina,AR,Chubut Province,chubut-province,Departamento de Florentino Ameghino,departamento-de-florentino-ameghino
Argentina,AR,Chubut Province,chubut-province,Departamento de Futaleufu,departamento-de-futaleufu
Argentina,AR,Chubut Province,chubut-province,Departamento de Gaiman,departamento-de-gaiman
Argentina,AR,Chubut Province,chubut-province,Departamento de Gastre,departamento-de-gastre
Argentina,AR,Chubut Province,chubut-province,Departamento de Languineo,departamento-de-languineo
Argentina,AR,Chubut Province,chubut-province,Departamento de Martires,departamento-de-martires
Argentina,AR,Chubut Province,chubut-province,Departamento de Paso de Indios,departamento-de-paso-de-indios
Argentina,AR,Chubut Province,chubut-province,Departamento de Rawson,departamento-de-rawson
Argentina,AR,Chubut Province,chubut-province,Departamento de Rio Senguerr,departamento-de-rio-senguerr
Argentina,AR,Chubut Province,chubut-province,Departamento de Sarmiento,departamento-de-sarmiento
Argentina,AR,Chubut Province,chubut-province,Departamento de Tehuelches,departamento-de-tehuelches
Argentina,AR,Chubut Province,chubut-province,Departamento de Telsen,departamento-de-telsen
Argentina,AR,Chubut Province,chubut-province,Dolavon,dolavon
Argentina,AR,Chubut Province,chubut-province,El Maiten,el-maiten
Argentina,AR,Chubut Province,chubut-province,Esquel,esquel
Argentina,AR,Chubut Province,chubut-province,Gaiman,gaiman
Argentina,AR,Chubut Province,chubut-province,Gastre,gastre
Argentina,AR,Chubut Province,chubut-province,Gobernador Costa,gobernador-costa
Argentina,AR,Chubut Province,chubut-province,Hoyo de Epuyen,hoyo-de-epuyen
Argentina,AR,Chubut Province,chubut-province,Jose de San Martin,jose-de-san-martin
Argentina,AR,Chubut Province,chubut-province,Lago Puelo,lago-puelo
Argentina,AR,Chubut Province,chubut-province,Las Plumas,las-plumas
Argentina,AR,Chubut Province,chubut-province,Puerto Madryn,puerto-madryn
Argentina,AR,Chubut Province,chubut-province,Rada Tilly,rada-tilly
Argentina,AR,Chubut Province,chubut-province,Rawson,rawson
Argentina,AR,Chubut Province,chubut-province,Rio Mayo,rio-mayo
Argentina,AR,Chubut Province,chubut-province,Rio Pico,rio-pico
Argentina,AR,Chubut Province,chubut-province,Sarmiento,sarmiento
Argentina,AR,Chubut Province,chubut-province,Tecka,tecka
Argentina,AR,Chubut Province,chubut-province,Trelew,trelew
Argentina,AR,Chubut Province,chubut-province,Trevelin,trevelin
Argentina,AR,Cordoba Province,cordoba-province,Achiras,achiras
Argentina,AR,Cordoba Province,cordoba-province,Adelia Maria,adelia-maria
Argentina,AR,Cordoba Province,cordoba-province,Agua de Oro,agua-de-oro
Argentina,AR,Cordoba Province,cordoba-province,Alejandro Roca,alejandro-roca
Argentina,AR,Cordoba Province,cordoba-province,Alejo Ledesma,alejo-ledesma
Argentina,AR,Cordoba Province,cordoba-province,Almafuerte,almafuerte
Argentina,AR,Cordoba Province,cordoba-province,Alta Gracia,alta-gracia
Argentina,AR,Cordoba Province,cordoba-province,Altos de Chipion,altos-de-chipion
Argentina,AR,Cordoba Province,cordoba-province,Arias,arias
Argentina,AR,Cordoba Province,cordoba-province,Arroyito,arroyito
Argentina,AR,Cordoba Province,cordoba-province,Arroyo Cabral,arroyo-cabral
Argentina,AR,Cordoba Province,cordoba-province,Balnearia,balnearia
Argentina,AR,Cordoba Province,cordoba-province,Bell Ville,bell-ville
Argentina,AR,Cordoba Province,cordoba-province,Berrotaran,berrotaran
Argentina,AR,Cordoba Province,cordoba-province,Brinkmann,brinkmann
Argentina,AR,Cordoba Province,cordoba-province,Buchardo,buchardo
Argentina,AR,Cordoba Province,cordoba-province,Camilo Aldao,camilo-aldao
Argentina,AR,Cordoba Province,cordoba-province,Canada de Luque,canada-de-luque
Argentina,AR,Cordoba Province,cordoba-province,Canals,canals
Argentina,AR,Cordoba Province,cordoba-province,Capilla del Monte,capilla-del-monte
Argentina,AR,Cordoba Province,cordoba-province,Carnerillo,carnerillo
Argentina,AR,Cordoba Province,cordoba-province,Carrilobo,carrilobo
Argentina,AR,Cordoba Province,cordoba-province,Cavanagh,cavanagh
Argentina,AR,Cordoba Province,cordoba-province,Charras,charras
Argentina,AR,Cordoba Province,cordoba-province,Chazon,chazon
Argentina,AR,Cordoba Province,cordoba-province,Cintra,cintra
Argentina,AR,Cordoba Province,cordoba-province,Colonia La Tordilla,colonia-la-tordilla
Argentina,AR,Cordoba Province,cordoba-province,Colonia San Bartolome,colonia-san-bartolome
Argentina,AR,Cordoba Province,cordoba-province,Cordoba,cordoba
Argentina,AR,Cordoba Province,cordoba-province,Coronel Baigorria,coronel-baigorria
Argentina,AR,Cordoba Province,cordoba-province,Coronel Moldes,coronel-moldes
Argentina,AR,Cordoba Province,cordoba-province,Corral de Bustos,corral-de-bustos
Argentina,AR,Cordoba Province,cordoba-province,Corralito,corralito
Argentina,AR,Cordoba Province,cordoba-province,Cosquin,cosquin
Argentina,AR,Cordoba Province,cordoba-province,Costa Sacate,costa-sacate
Argentina,AR,Cordoba Province,cordoba-province,Cruz Alta,cruz-alta
Argentina,AR,Cordoba Province,cordoba-province,Cruz del Eje,cruz-del-eje
Argentina,AR,Cordoba Province,cordoba-province,Cuesta Blanca,cuesta-blanca
Argentina,AR,Cordoba Province,cordoba-province,Dalmacio Velez Sarsfield,dalmacio-velez-sarsfield
Argentina,AR,Cordoba Province,cordoba-province,Dean Funes,dean-funes
Argentina,AR,Cordoba Province,cordoba-province,Del Campillo,del-campillo
Argentina,AR,Cordoba Province,cordoba-province,Departamento de Calamuchita,departamento-de-calamuchita
Argentina,AR,Cordoba Province,cordoba-province,Departamento de Colon,departamento-de-colon
Argentina,AR,Cordoba Province,cordoba-province,Departamento de Cruz del Eje,departamento-de-cruz-del-eje
Argentina,AR,Cordoba Province,cordoba-province,Departamento de General Roca,departamento-de-general-roca
Argentina,AR,Cordoba Province,cordoba-province,Departamento de General San Martin,departamento-de-general-san-martin
Argentina,AR,Cordoba Province,cordoba-province,Departamento de Juarez Celman,departamento-de-juarez-celman
Argentina,AR,Cordoba Province,cordoba-province,Departamento de Marcos Juarez,departamento-de-marcos-juarez
Argentina,AR,Cordoba Province,cordoba-province,Departamento de Minas,departamento-de-minas
Argentina,AR,Cordoba Province,cordoba-province,Departamento de Presidente Roque Saenz Pena,departamento-de-presidente-roque-saenz-pena
Argentina,AR,Cordoba Province,cordoba-province,Departamento de Rio Cuarto,departamento-de-rio-cuarto
Argentina,AR,Cordoba Province,cordoba-province,Departamento de Rio Primero,departamento-de-rio-primero
Argentina,AR,Cordoba Province,cordoba-province,Departamento de Rio Seco,departamento-de-rio-seco
Argentina,AR,Cordoba Province,cordoba-province,Departamento de Rio Segundo,departamento-de-rio-segundo
Argentina,AR,Cordoba Province,cordoba-province,Departamento de San Alberto,departamento-de-san-alberto
Argentina,AR,Cordoba Province,cordoba-province,Departamento de San Javier,departamento-de-san-javier
Argentina,AR,Cordoba Province,cordoba-province,Departamento de San Justo,departamento-de-san-justo
Argentina,AR,Cordoba Province,cordoba-province,Departamento de Sobremonte,departamento-de-sobremonte
Argentina,AR,Cordoba Province,cordoba-province,Departamento de Totoral,departamento-de-totoral
Argentina,AR,Cordoba Province,cordoba-province,Departamento de Tulumba,departamento-de-tulumba
Argentina,AR,Cordoba Province,cordoba-province,Departamento de Union,departamento-de-union
Argentina,AR,Cordoba Province,cordoba-province,Despenaderos,despenaderos
Argentina,AR,Cordoba Province,cordoba-province,Devoto,devoto
Argentina,AR,Cordoba Province,cordoba-province,El Aranado,el-aranado
Argentina,AR,Cordoba Province,cordoba-province,El Tio,el-tio
Argentina,AR,Cordoba Province,cordoba-province,Elena,elena
Argentina,AR,Cordoba Province,cordoba-province,Embalse,embalse
Argentina,AR,Cordoba Province,cordoba-province,Etruria,etruria
Argentina,AR,Cordoba Province,cordoba-province,General Baldissera,general-baldissera
Argentina,AR,Cordoba Province,cordoba-province,General Cabrera,general-cabrera
Argentina,AR,Cordoba Province,cordoba-province,General Levalle,general-levalle
Argentina,AR,Cordoba Province,cordoba-province,General Roca,general-roca
Argentina,AR,Cordoba Province,cordoba-province,Guatimozin,guatimozin
Argentina,AR,Cordoba Province,cordoba-province,Hernando,hernando
Argentina,AR,Cordoba Province,cordoba-province,Huanchillas,huanchillas
Argentina,AR,Cordoba Province,cordoba-province,Huerta Grande,huerta-grande
Argentina,AR,Cordoba Province,cordoba-province,Huinca Renanco,huinca-renanco
Argentina,AR,Cordoba Province,cordoba-province,Idiazabal,idiazabal
Argentina,AR,Cordoba Province,cordoba-province,Inriville,inriville
Argentina,AR,Cordoba Province,cordoba-province,Isla Verde,isla-verde
Argentina,AR,Cordoba Province,cordoba-province,Italo,italo
Argentina,AR,Cordoba Province,cordoba-province,James Craik,james-craik
Argentina,AR,Cordoba Province,cordoba-province,Jesus Maria,jesus-maria
Argentina,AR,Cordoba Province,cordoba-province,Justiniano Posse,justiniano-posse
Argentina,AR,Cordoba Province,cordoba-province,La Calera,la-calera
Argentina,AR,Cordoba Province,cordoba-province,La Carlota,la-carlota
Argentina,AR,Cordoba Province,cordoba-province,La Cesira,la-cesira
Argentina,AR,Cordoba Province,cordoba-province,La Cumbre,la-cumbre
Argentina,AR,Cordoba Province,cordoba-province,La Falda,la-falda
Argentina,AR,Cordoba Province,cordoba-province,La Francia,la-francia
Argentina,AR,Cordoba Province,cordoba-province,La Granja,la-granja
Argentina,AR,Cordoba Province,cordoba-province,La Para,la-para
Argentina,AR,Cordoba Province,cordoba-province,La Playosa,la-playosa
Argentina,AR,Cordoba Province,cordoba-province,Laborde,laborde
Argentina,AR,Cordoba Province,cordoba-province,Laboulaye,laboulaye
Argentina,AR,Cordoba Province,cordoba-province,Laguna Larga,laguna-larga
Argentina,AR,Cordoba Province,cordoba-province,Las Acequias,las-acequias
Argentina,AR,Cordoba Province,cordoba-province,Las Higueras,las-higueras
Argentina,AR,Cordoba Province,cordoba-province,Las Junturas,las-junturas
Argentina,AR,Cordoba Province,cordoba-province,Las Perdices,las-perdices
Argentina,AR,Cordoba Province,cordoba-province,Las Varas,las-varas
Argentina,AR,Cordoba Province,cordoba-province,Las Varillas,las-varillas
Argentina,AR,Cordoba Province,cordoba-province,Leones,leones
Argentina,AR,Cordoba Province,cordoba-province,Los Cocos,los-cocos
Argentina,AR,Cordoba Province,cordoba-province,Los Condores,los-condores
Argentina,AR,Cordoba Province,cordoba-province,Los Surgentes,los-surgentes
Argentina,AR,Cordoba Province,cordoba-province,Malagueno,malagueno
Argentina,AR,Cordoba Province,cordoba-province,Malvinas Argentinas,malvinas-argentinas
Argentina,AR,Cordoba Province,cordoba-province,Marcos Juarez,marcos-juarez
Argentina,AR,Cordoba Province,cordoba-province,Marull,marull
Argentina,AR,Cordoba Province,cordoba-province,Mattaldi,mattaldi
Argentina,AR,Cordoba Province,cordoba-province,Mendiolaza,mendiolaza
Argentina,AR,Cordoba Province,cordoba-province,Mina Clavero,mina-clavero
Argentina,AR,Cordoba Province,cordoba-province,Miramar,miramar
Argentina,AR,Cordoba Province,cordoba-province,Monte Buey,monte-buey
Argentina,AR,Cordoba Province,cordoba-province,Monte Cristo,monte-cristo
Argentina,AR,Cordoba Province,cordoba-province,Monte Maiz,monte-maiz
Argentina,AR,Cordoba Province,cordoba-province,Morrison,morrison
Argentina,AR,Cordoba Province,cordoba-province,Morteros,morteros
Argentina,AR,Cordoba Province,cordoba-province,Noetinger,noetinger
Argentina,AR,Cordoba Province,cordoba-province,Obispo Trejo,obispo-trejo
Argentina,AR,Cordoba Province,cordoba-province,Oliva,oliva
Argentina,AR,Cordoba Province,cordoba-province,Oncativo,oncativo
Argentina,AR,Cordoba Province,cordoba-province,Ordonez,ordonez
Argentina,AR,Cordoba Province,cordoba-province,Pascanas,pascanas
Argentina,AR,Cordoba Province,cordoba-province,Pasco,pasco
Argentina,AR,Cordoba Province,cordoba-province,Pilar,pilar
Argentina,AR,Cordoba Province,cordoba-province,Piquillin,piquillin
Argentina,AR,Cordoba Province,cordoba-province,Portena,portena
Argentina,AR,Cordoba Province,cordoba-province,Pozo del Molle,pozo-del-molle
Argentina,AR,Cordoba Province,cordoba-province,Quilino,quilino
Argentina,AR,Cordoba Province,cordoba-province,Rio Ceballos,rio-ceballos
Argentina,AR,Cordoba Province,cordoba-province,Rio Cuarto,rio-cuarto
Argentina,AR,Cordoba Province,cordoba-province,Rio Segundo,rio-segundo
Argentina,AR,Cordoba Province,cordoba-province,Rio Tercero,rio-tercero
Argentina,AR,Cordoba Province,cordoba-province,Sacanta,sacanta
Argentina,AR,Cordoba Province,cordoba-province,Saldan,saldan
Argentina,AR,Cordoba Province,cordoba-province,Salsacate,salsacate
Argentina,AR,Cordoba Province,cordoba-province,Salsipuedes,salsipuedes
Argentina,AR,Cordoba Province,cordoba-province,Sampacho,sampacho
Argentina,AR,Cordoba Province,cordoba-province,San Agustin,san-agustin
Argentina,AR,Cordoba Province,cordoba-province,San Antonio de Litin,san-antonio-de-litin
Argentina,AR,Cordoba Province,cordoba-province,San Basilio,san-basilio
Argentina,AR,Cordoba Province,cordoba-province,San Carlos,san-carlos
Argentina,AR,Cordoba Province,cordoba-province,San Francisco,san-francisco
Argentina,AR,Cordoba Province,cordoba-province,San Francisco del Chanar,san-francisco-del-chanar
Argentina,AR,Cordoba Province,cordoba-province,San Jose de la Dormida,san-jose-de-la-dormida
Argentina,AR,Cordoba Province,cordoba-province,Santa Eufemia,santa-eufemia
Argentina,AR,Cordoba Province,cordoba-province,Santa Magdalena,santa-magdalena
Argentina,AR,Cordoba Province,cordoba-province,Santa Rosa de Calamuchita,santa-rosa-de-calamuchita
Argentina,AR,Cordoba Province,cordoba-province,Santa Rosa de Rio Primero,santa-rosa-de-rio-primero
Argentina,AR,Cordoba Province,cordoba-province,Santiago Temple,santiago-temple
Argentina,AR,Cordoba Province,cordoba-province,Saturnino M. Laspiur,saturnino-m-laspiur
Argentina,AR,Cordoba Province,cordoba-province,Sebastian Elcano,sebastian-elcano
Argentina,AR,Cordoba Province,cordoba-province,Serrano,serrano
Argentina,AR,Cordoba Province,cordoba-province,Serrezuela,serrezuela
Argentina,AR,Cordoba Province,cordoba-province,Tancacha,tancacha
Argentina,AR,Cordoba Province,cordoba-province,Ticino,ticino
Argentina,AR,Cordoba Province,cordoba-province,Tio Pujio,tio-pujio
Argentina,AR,Cordoba Province,cordoba-province,Toledo,toledo
Argentina,AR,Cordoba Province,cordoba-province,Ucacha,ucacha
Argentina,AR,Cordoba Province,cordoba-province,Unquillo,unquillo
Argentina,AR,Cordoba Province,cordoba-province,Valle Hermoso,valle-hermoso
Argentina,AR,Cordoba Province,cordoba-province,Viamonte,viamonte
Argentina,AR,Cordoba Province,cordoba-province,Vicuna Mackenna,vicuna-mackenna
Argentina,AR,Cordoba Province,cordoba-province,Villa Allende,villa-allende
Argentina,AR,Cordoba Province,cordoba-province,Villa Ascasubi,villa-ascasubi
Argentina,AR,Cordoba Province,cordoba-province,Villa Berna,villa-berna
Argentina,AR,Cordoba Province,cordoba-province,Villa Carlos Paz,villa-carlos-paz
Argentina,AR,Cordoba Province,cordoba-province,Villa Concepcion del Tio,villa-concepcion-del-tio
Argentina,AR,Cordoba Province,cordoba-province,Villa Cura Brochero,villa-cura-brochero
Argentina,AR,Cordoba Province,cordoba-province,Villa de Soto,villa-de-soto
Argentina,AR,Cordoba Province,cordoba-province,Villa del Dique,villa-del-dique
Argentina,AR,Cordoba Province,cordoba-province,Villa del Rosario,villa-del-rosario
Argentina,AR,Cordoba Province,cordoba-province,Villa del Totoral,villa-del-totoral
Argentina,AR,Cordoba Province,cordoba-province,Villa Dolores,villa-dolores
Argentina,AR,Cordoba Province,cordoba-province,Villa General Belgrano,villa-general-belgrano
Argentina,AR,Cordoba Province,cordoba-province,Villa Giardino,villa-giardino
Argentina,AR,Cordoba Province,cordoba-province,Villa Huidobro,villa-huidobro
Argentina,AR,Cordoba Province,cordoba-province,Villa Las Rosas,villa-las-rosas
Argentina,AR,Cordoba Province,cordoba-province,Villa Maria,villa-maria
Argentina,AR,Cordoba Province,cordoba-province,Villa Nueva,villa-nueva
Argentina,AR,Cordoba Province,cordoba-province,Villa Reduccion,villa-reduccion
Argentina,AR,Cordoba Province,cordoba-province,Villa Rumipal,villa-rumipal
Argentina,AR,Cordoba Province,cordoba-province,Villa Tulumba,villa-tulumba
Argentina,AR,Cordoba Province,cordoba-province,Villa Valeria,villa-valeria
Argentina,AR,Cordoba Province,cordoba-province,Wenceslao Escalante,wenceslao-escalante
Argentina,AR,Corrientes,corrientes,Alvear,alvear
Argentina,AR,Corrientes,corrientes,Beron de Astrada,beron-de-astrada
Argentina,AR,Corrientes,corrientes,Bonpland,bonpland
Argentina,AR,Corrientes,corrientes,Chavarria,chavarria
Argentina,AR,Corrientes,corrientes,Concepcion,concepcion
Argentina,AR,Corrientes,corrientes,Corrientes,corrientes
Argentina,AR,Corrientes,corrientes,Cruz de los Milagros,cruz-de-los-milagros
Argentina,AR,Corrientes,corrientes,Curuzu Cuatia,curuzu-cuatia
Argentina,AR,Corrientes,corrientes,Departamento de Bella Vista,departamento-de-bella-vista
Argentina,AR,Corrientes,corrientes,Departamento de Beron de Astrada,departamento-de-beron-de-astrada
Argentina,AR,Corrientes,corrientes,Departamento de Capital,departamento-de-capital
Argentina,AR,Corrientes,corrientes,Departamento de Concepcion,departamento-de-concepcion
Argentina,AR,Corrientes,corrientes,Departamento de Curuzu Cuatia,departamento-de-curuzu-cuatia
Argentina,AR,Corrientes,corrientes,Departamento de Empedrado,departamento-de-empedrado
Argentina,AR,Corrientes,corrientes,Departamento de Esquina,departamento-de-esquina
Argentina,AR,Corrientes,corrientes,Departamento de General Alvear,departamento-de-general-alvear
Argentina,AR,Corrientes,corrientes,Departamento de General Paz,departamento-de-general-paz
Argentina,AR,Corrientes,corrientes,Departamento de Goya,departamento-de-goya
Argentina,AR,Corrientes,corrientes,Departamento de Itati,departamento-de-itati
Argentina,AR,Corrientes,corrientes,Departamento de Ituzaingo,departamento-de-ituzaingo
Argentina,AR,Corrientes,corrientes,Departamento de Lavalle,departamento-de-lavalle
Argentina,AR,Corrientes,corrientes,Departamento de Mburucuya,departamento-de-mburucuya
Argentina,AR,Corrientes,corrientes,Departamento de Mercedes,departamento-de-mercedes
Argentina,AR,Corrientes,corrientes,Departamento de Monte Caseros,departamento-de-monte-caseros
Argentina,AR,Corrientes,corrientes,Departamento de Paso de los Libres,departamento-de-paso-de-los-libres
Argentina,AR,Corrientes,corrientes,Departamento de Saladas,departamento-de-saladas
Argentina,AR,Corrientes,corrientes,Departamento de San Cosme,departamento-de-san-cosme
Argentina,AR,Corrientes,corrientes,Departamento de San Luis del Palmar,departamento-de-san-luis-del-palmar
Argentina,AR,Corrientes,corrientes,Departamento de San Martin,departamento-de-san-martin
Argentina,AR,Corrientes,corrientes,Departamento de San Miguel,departamento-de-san-miguel
Argentina,AR,Corrientes,corrientes,Departamento de San Roque,departamento-de-san-roque
Argentina,AR,Corrientes,corrientes,Departamento de Santo Tome,departamento-de-santo-tome
Argentina,AR,Corrientes,corrientes,Departamento de Sauce,departamento-de-sauce
Argentina,AR,Corrientes,corrientes,Empedrado,empedrado
Argentina,AR,Corrientes,corrientes,Esquina,esquina
Argentina,AR,Corrientes,corrientes,Felipe Yofre,felipe-yofre
Argentina,AR,Corrientes,corrientes,Garruchos,garruchos
Argentina,AR,Corrientes,corrientes,Gobernador Juan E. Martinez,gobernador-juan-e-martinez
Argentina,AR,Corrientes,corrientes,Gobernador Virasora,gobernador-virasora
Argentina,AR,Corrientes,corrientes,Goya,goya
Argentina,AR,Corrientes,corrientes,Herlitzka,herlitzka
Argentina,AR,Corrientes,corrientes,Ita Ibate,ita-ibate
Argentina,AR,Corrientes,corrientes,Itati,itati
Argentina,AR,Corrientes,corrientes,Ituzaingo,ituzaingo
Argentina,AR,Corrientes,corrientes,Juan Pujol,juan-pujol
Argentina,AR,Corrientes,corrientes,La Cruz,la-cruz
Argentina,AR,Corrientes,corrientes,Libertad,libertad
Argentina,AR,Corrientes,corrientes,Lomas de Vallejos,lomas-de-vallejos
Argentina,AR,Corrientes,corrientes,Loreto,loreto
Argentina,AR,Corrientes,corrientes,Mariano I. Loza,mariano-i-loza
Argentina,AR,Corrientes,corrientes,Mburucuya,mburucuya
Argentina,AR,Corrientes,corrientes,Mercedes,mercedes
Argentina,AR,Corrientes,corrientes,Mocoreta,mocoreta
Argentina,AR,Corrientes,corrientes,Monte Caseros,monte-caseros
Argentina,AR,Corrientes,corrientes,Nuestra Senora del Rosario de Caa Cati,nuestra-senora-del-rosario-de-caa-cati
Argentina,AR,Corrientes,corrientes,Nueve de Julio,nueve-de-julio
Argentina,AR,Corrientes,corrientes,Palmar Grande,palmar-grande
Argentina,AR,Corrientes,corrientes,Paso de la Patria,paso-de-la-patria
Argentina,AR,Corrientes,corrientes,Paso de los Libres,paso-de-los-libres
Argentina,AR,Corrientes,corrientes,Pedro R. Fernandez,pedro-r-fernandez
Argentina,AR,Corrientes,corrientes,Perugorria,perugorria
Argentina,AR,Corrientes,corrientes,Pueblo Libertador,pueblo-libertador
Argentina,AR,Corrientes,corrientes,Riachuelo,riachuelo
Argentina,AR,Corrientes,corrientes,Saladas,saladas
Argentina,AR,Corrientes,corrientes,San Carlos,san-carlos
Argentina,AR,Corrientes,corrientes,San Cosme,san-cosme
Argentina,AR,Corrientes,corrientes,San Lorenzo,san-lorenzo
Argentina,AR,Corrientes,corrientes,San Luis del Palmar,san-luis-del-palmar
Argentina,AR,Corrientes,corrientes,San Miguel,san-miguel
Argentina,AR,Corrientes,corrientes,Santa Lucia,santa-lucia
Argentina,AR,Corrientes,corrientes,Santa Rosa,santa-rosa
Argentina,AR,Corrientes,corrientes,Santo Tome,santo-tome
Argentina,AR,Corrientes,corrientes,Yapeyu,yapeyu
Argentina,AR,Corrientes,corrientes,Yataity Calle,yataity-calle
Argentina,AR,Entre Rios Province,entre-rios-province,Aldea San Antonio,aldea-san-antonio
Argentina,AR,Entre Rios Province,entre-rios-province,Aranguren,aranguren
Argentina,AR,Entre Rios Province,entre-rios-province,Bovril,bovril
Argentina,AR,Entre Rios Province,entre-rios-province,Caseros,caseros
Argentina,AR,Entre Rios Province,entre-rios-province,Ceibas,ceibas
Argentina,AR,Entre Rios Province,entre-rios-province,Chajari,chajari
Argentina,AR,Entre Rios Province,entre-rios-province,Colon,colon
Argentina,AR,Entre Rios Province,entre-rios-province,Colonia Elia,colonia-elia
Argentina,AR,Entre Rios Province,entre-rios-province,Concepcion del Uruguay,concepcion-del-uruguay
Argentina,AR,Entre Rios Province,entre-rios-province,Concordia,concordia
Argentina,AR,Entre Rios Province,entre-rios-province,Conscripto Bernardi,conscripto-bernardi
Argentina,AR,Entre Rios Province,entre-rios-province,Crespo,crespo
Argentina,AR,Entre Rios Province,entre-rios-province,Departamento de Gualeguaychu,departamento-de-gualeguaychu
Argentina,AR,Entre Rios Province,entre-rios-province,Departamento de Parana,departamento-de-parana
Argentina,AR,Entre Rios Province,entre-rios-province,Diamante,diamante
Argentina,AR,Entre Rios Province,entre-rios-province,Dominguez,dominguez
Argentina,AR,Entre Rios Province,entre-rios-province,Federacion,federacion
Argentina,AR,Entre Rios Province,entre-rios-province,Federal,federal
Argentina,AR,Entre Rios Province,entre-rios-province,General Campos,general-campos
Argentina,AR,Entre Rios Province,entre-rios-province,General Galarza,general-galarza
Argentina,AR,Entre Rios Province,entre-rios-province,General Ramirez,general-ramirez
Argentina,AR,Entre Rios Province,entre-rios-province,Gobernador Mansilla,gobernador-mansilla
Argentina,AR,Entre Rios Province,entre-rios-province,Gualeguay,gualeguay
Argentina,AR,Entre Rios Province,entre-rios-province,Gualeguaychu,gualeguaychu
Argentina,AR,Entre Rios Province,entre-rios-province,Hasenkamp,hasenkamp
Argentina,AR,Entre Rios Province,entre-rios-province,Hernandez,hernandez
Argentina,AR,Entre Rios Province,entre-rios-province,Herrera,herrera
Argentina,AR,Entre Rios Province,entre-rios-province,La Criolla,la-criolla
Argentina,AR,Entre Rios Province,entre-rios-province,La Paz,la-paz
Argentina,AR,Entre Rios Province,entre-rios-province,Larroque,larroque
Argentina,AR,Entre Rios Province,entre-rios-province,Los Charruas,los-charruas
Argentina,AR,Entre Rios Province,entre-rios-province,Los Conquistadores,los-conquistadores
Argentina,AR,Entre Rios Province,entre-rios-province,Lucas Gonzalez,lucas-gonzalez
Argentina,AR,Entre Rios Province,entre-rios-province,Macia,macia
Argentina,AR,Entre Rios Province,entre-rios-province,Nogoya,nogoya
Argentina,AR,Entre Rios Province,entre-rios-province,Oro Verde,oro-verde
Argentina,AR,Entre Rios Province,entre-rios-province,Parana,parana
Argentina,AR,Entre Rios Province,entre-rios-province,Piedras Blancas,piedras-blancas
Argentina,AR,Entre Rios Province,entre-rios-province,Pronunciamiento,pronunciamiento
Argentina,AR,Entre Rios Province,entre-rios-province,Puerto Ibicuy,puerto-ibicuy
Argentina,AR,Entre Rios Province,entre-rios-province,Puerto Yerua,puerto-yerua
Argentina,AR,Entre Rios Province,entre-rios-province,Rosario del Tala,rosario-del-tala
Argentina,AR,Entre Rios Province,entre-rios-province,San Benito,san-benito
Argentina,AR,Entre Rios Province,entre-rios-province,San Gustavo,san-gustavo
Argentina,AR,Entre Rios Province,entre-rios-province,San Jose de Feliciano,san-jose-de-feliciano
Argentina,AR,Entre Rios Province,entre-rios-province,San Justo,san-justo
Argentina,AR,Entre Rios Province,entre-rios-province,San Salvador,san-salvador
Argentina,AR,Entre Rios Province,entre-rios-province,Santa Ana,santa-ana
Argentina,AR,Entre Rios Province,entre-rios-province,Santa Anita,santa-anita
Argentina,AR,Entre Rios Province,entre-rios-province,Santa Elena,santa-elena
Argentina,AR,Entre Rios Province,entre-rios-province,Sauce de Luna,sauce-de-luna
Argentina,AR,Entre Rios Province,entre-rios-province,Segui,segui
Argentina,AR,Entre Rios Province,entre-rios-province,Tabossi,tabossi
Argentina,AR,Entre Rios Province,entre-rios-province,Ubajay,ubajay
Argentina,AR,Entre Rios Province,entre-rios-province,Urdinarrain,urdinarrain
Argentina,AR,Entre Rios Province,entre-rios-province,Viale,viale
Argentina,AR,Entre Rios Province,entre-rios-province,Victoria,victoria
Argentina,AR,Entre Rios Province,entre-rios-province,Villa del Rosario,villa-del-rosario
Argentina,AR,Entre Rios Province,entre-rios-province,Villa Elisa,villa-elisa
Argentina,AR,Entre Rios Province,entre-rios-province,Villa Hernandarias,villa-hernandarias
Argentina,AR,Entre Rios Province,entre-rios-province,Villa Mantero,villa-mantero
Argentina,AR,Entre Rios Province,entre-rios-province,Villa Maria Grande,villa-maria-grande
Argentina,AR,Entre Rios Province,entre-rios-province,Villa Paranacito,villa-paranacito
Argentina,AR,Entre Rios Province,entre-rios-province,Villa Urquiza,villa-urquiza
Argentina,AR,Entre Rios Province,entre-rios-province,Villaguay,villaguay
Argentina,AR,Formosa Province,formosa-province,Clorinda,clorinda
Argentina,AR,Formosa Province,formosa-province,Comandante Fontana,comandante-fontana
Argentina,AR,Formosa Province,formosa-province,Departamento de Pilcomayo,departamento-de-pilcomayo
Argentina,AR,Formosa Province,formosa-province,El Colorado,el-colorado
Argentina,AR,Formosa Province,formosa-province,Estanislao del Campo,estanislao-del-campo
Argentina,AR,Formosa Province,formosa-province,Formosa,formosa
Argentina,AR,Formosa Province,formosa-province,General Enrique Mosconi,general-enrique-mosconi
Argentina,AR,Formosa Province,formosa-province,Herradura,herradura
Argentina,AR,Formosa Province,formosa-province,Ibarreta,ibarreta
Argentina,AR,Formosa Province,formosa-province,Ingeniero Guillermo N. Juarez,ingeniero-guillermo-n-juarez
Argentina,AR,Formosa Province,formosa-province,Laguna Naick-Neck,laguna-naick-neck
Argentina,AR,Formosa Province,formosa-province,Laguna Yema,laguna-yema
Argentina,AR,Formosa Province,formosa-province,Las Lomitas,las-lomitas
Argentina,AR,Formosa Province,formosa-province,Palo Santo,palo-santo
Argentina,AR,Formosa Province,formosa-province,Pirane,pirane
Argentina,AR,Formosa Province,formosa-province,Pozo del Tigre,pozo-del-tigre
Argentina,AR,Formosa Province,formosa-province,Riacho Eh-Eh,riacho-eh-eh
Argentina,AR,Formosa Province,formosa-province,San Francisco de Laishi,san-francisco-de-laishi
Argentina,AR,Formosa Province,formosa-province,Villa Escolar,villa-escolar
Argentina,AR,Formosa Province,formosa-province,Villa General Guemes,villa-general-guemes
Argentina,AR,Jujuy Province,jujuy-province,Abra Pampa,abra-pampa
Argentina,AR,Jujuy Province,jujuy-province,Caimancito,caimancito
Argentina,AR,Jujuy Province,jujuy-province,Calilegua,calilegua
Argentina,AR,Jujuy Province,jujuy-province,Departamento de Cochinoca,departamento-de-cochinoca
Argentina,AR,Jujuy Province,jujuy-province,Departamento de Rinconada,departamento-de-rinconada
Argentina,AR,Jujuy Province,jujuy-province,Departamento de Tumbaya,departamento-de-tumbaya
Argentina,AR,Jujuy Province,jujuy-province,El Aguilar,el-aguilar
Argentina,AR,Jujuy Province,jujuy-province,Fraile Pintado,fraile-pintado
Argentina,AR,Jujuy Province,jujuy-province,Humahuaca,humahuaca
Argentina,AR,Jujuy Province,jujuy-province,Ingenio La Esperanza,ingenio-la-esperanza
Argentina,AR,Jujuy Province,jujuy-province,La Mendieta,la-mendieta
Argentina,AR,Jujuy Province,jujuy-province,La Quiaca,la-quiaca
Argentina,AR,Jujuy Province,jujuy-province,Libertador General San Martin,libertador-general-san-martin
Argentina,AR,Jujuy Province,jujuy-province,Maimara,maimara
Argentina,AR,Jujuy Province,jujuy-province,Palma Sola,palma-sola
Argentina,AR,Jujuy Province,jujuy-province,Palpala,palpala
Argentina,AR,Jujuy Province,jujuy-province,San Pedro de Jujuy,san-pedro-de-jujuy
Argentina,AR,Jujuy Province,jujuy-province,San Salvador de Jujuy,san-salvador-de-jujuy
Argentina,AR,Jujuy Province,jujuy-province,Santa Clara,santa-clara
Argentina,AR,Jujuy Province,jujuy-province,Tilcara,tilcara
Argentina,AR,Jujuy Province,jujuy-province,Yuto,yuto
Argentina,AR,La Pampa,la-pampa,Alpachiri,alpachiri
Argentina,AR,La Pampa,la-pampa,Alta Italia,alta-italia
Argentina,AR,La Pampa,la-pampa,Anguil,anguil
Argentina,AR,La Pampa,la-pampa,Arata,arata
Argentina,AR,La Pampa,la-pampa,Bernardo Larroude,bernardo-larroude
Argentina,AR,La Pampa,la-pampa,Bernasconi,bernasconi
Argentina,AR,La Pampa,la-pampa,Caleufu,caleufu
Argentina,AR,La Pampa,la-pampa,Catrilo,catrilo
Argentina,AR,La Pampa,la-pampa,Colonia Baron,colonia-baron
Argentina,AR,La Pampa,la-pampa,Departamento de Caleu-Caleu,departamento-de-caleu-caleu
Argentina,AR,La Pampa,la-pampa,Departamento de Toay,departamento-de-toay
Argentina,AR,La Pampa,la-pampa,Doblas,doblas
Argentina,AR,La Pampa,la-pampa,Eduardo Castex,eduardo-castex
Argentina,AR,La Pampa,la-pampa,Embajador Martini,embajador-martini
Argentina,AR,La Pampa,la-pampa,General Acha,general-acha
Argentina,AR,La Pampa,la-pampa,General Manuel J. Campos,general-manuel-j-campos
Argentina,AR,La Pampa,la-pampa,General Pico,general-pico
Argentina,AR,La Pampa,la-pampa,General San Martin,general-san-martin
Argentina,AR,La Pampa,la-pampa,Guatrache,guatrache
Argentina,AR,La Pampa,la-pampa,Ingeniero Luiggi,ingeniero-luiggi
Argentina,AR,La Pampa,la-pampa,Intendente Alvear,intendente-alvear
Argentina,AR,La Pampa,la-pampa,Jacinto Arauz,jacinto-arauz
Argentina,AR,La Pampa,la-pampa,La Adela,la-adela
Argentina,AR,La Pampa,la-pampa,La Maruja,la-maruja
Argentina,AR,La Pampa,la-pampa,Lonquimay,lonquimay
Argentina,AR,La Pampa,la-pampa,Macachin,macachin
Argentina,AR,La Pampa,la-pampa,Miguel Riglos,miguel-riglos
Argentina,AR,La Pampa,la-pampa,Parera,parera
Argentina,AR,La Pampa,la-pampa,Quemu Quemu,quemu-quemu
Argentina,AR,La Pampa,la-pampa,Rancul,rancul
Argentina,AR,La Pampa,la-pampa,Realico,realico
Argentina,AR,La Pampa,la-pampa,Santa Isabel,santa-isabel
Argentina,AR,La Pampa,la-pampa,Santa Rosa,santa-rosa
Argentina,AR,La Pampa,la-pampa,Telen,telen
Argentina,AR,La Pampa,la-pampa,Trenel,trenel
Argentina,AR,La Pampa,la-pampa,Uriburu,uriburu
Argentina,AR,La Pampa,la-pampa,Veinticinco de Mayo,veinticinco-de-mayo
Argentina,AR,La Pampa,la-pampa,Victorica,victorica
Argentina,AR,La Pampa,la-pampa,Winifreda,winifreda
Argentina,AR,La Rioja Province,la-rioja-province,Arauco,arauco
Argentina,AR,La Rioja Province,la-rioja-province,Castro Barros,castro-barros
Argentina,AR,La Rioja Province,la-rioja-province,Chamical,chamical
Argentina,AR,La Rioja Province,la-rioja-province,Chilecito,chilecito
Argentina,AR,La Rioja Province,la-rioja-province,Departamento de Arauco,departamento-de-arauco
Argentina,AR,La Rioja Province,la-rioja-province,Departamento de General Lamadrid,departamento-de-general-lamadrid
Argentina,AR,La Rioja Province,la-rioja-province,Departamento de Independencia,departamento-de-independencia
Argentina,AR,La Rioja Province,la-rioja-province,La Rioja,la-rioja
Argentina,AR,La Rioja Province,la-rioja-province,Villa Bustos,villa-bustos
Argentina,AR,La Rioja Province,la-rioja-province,Vinchina,vinchina
Argentina,AR,Mendoza,mendoza,Departamento de Capital,departamento-de-capital
Argentina,AR,Mendoza,mendoza,Departamento de General Alvear,departamento-de-general-alvear
Argentina,AR,Mendoza,mendoza,Departamento de Godoy Cruz,departamento-de-godoy-cruz
Argentina,AR,Mendoza,mendoza,Departamento de Guaymallen,departamento-de-guaymallen
Argentina,AR,Mendoza,mendoza,Departamento de La Paz,departamento-de-la-paz
Argentina,AR,Mendoza,mendoza,Departamento de Las Heras,departamento-de-las-heras
Argentina,AR,Mendoza,mendoza,Departamento de Lavalle,departamento-de-lavalle
Argentina,AR,Mendoza,mendoza,Departamento de Lujan,departamento-de-lujan
Argentina,AR,Mendoza,mendoza,Departamento de Maipu,departamento-de-maipu
Argentina,AR,Mendoza,mendoza,Departamento de Malargue,departamento-de-malargue
Argentina,AR,Mendoza,mendoza,Departamento de Rivadavia,departamento-de-rivadavia
Argentina,AR,Mendoza,mendoza,Departamento de San Carlos,departamento-de-san-carlos
Argentina,AR,Mendoza,mendoza,Departamento de San Martin,departamento-de-san-martin
Argentina,AR,Mendoza,mendoza,Departamento de San Rafael,departamento-de-san-rafael
Argentina,AR,Mendoza,mendoza,Departamento de Santa Rosa,departamento-de-santa-rosa
Argentina,AR,Mendoza,mendoza,Departamento de Tunuyan,departamento-de-tunuyan
Argentina,AR,Mendoza,mendoza,Departamento de Tupungato,departamento-de-tupungato
Argentina,AR,Mendoza,mendoza,Godoy Cruz,godoy-cruz
Argentina,AR,Mendoza,mendoza,Las Heras,las-heras
Argentina,AR,Mendoza,mendoza,Mendoza,mendoza
Argentina,AR,Mendoza,mendoza,San Martin,san-martin
Argentina,AR,Mendoza,mendoza,San Rafael,san-rafael
Argentina,AR,Misiones Province,misiones-province,Alba Posse,alba-posse
Argentina,AR,Misiones Province,misiones-province,Almafuerte,almafuerte
Argentina,AR,Misiones Province,misiones-province,Aristobulo del Valle,aristobulo-del-valle
Argentina,AR,Misiones Province,misiones-province,Arroyo del Medio,arroyo-del-medio
Argentina,AR,Misiones Province,misiones-province,Azara,azara
Argentina,AR,Misiones Province,misiones-province,Bernardo de Irigoyen,bernardo-de-irigoyen
Argentina,AR,Misiones Province,misiones-province,Bonpland,bonpland
Argentina,AR,Misiones Province,misiones-province,Campo Grande,campo-grande
Argentina,AR,Misiones Province,misiones-province,Campo Ramon,campo-ramon
Argentina,AR,Misiones Province,misiones-province,Campo Viera,campo-viera
Argentina,AR,Misiones Province,misiones-province,Candelaria,candelaria
Argentina,AR,Misiones Province,misiones-province,Capiovi,capiovi
Argentina,AR,Misiones Province,misiones-province,Caraguatay,caraguatay
Argentina,AR,Misiones Province,misiones-province,Cerro Azul,cerro-azul
Argentina,AR,Misiones Province,misiones-province,Cerro Cora,cerro-cora
Argentina,AR,Misiones Province,misiones-province,Colonia Aurora,colonia-aurora
Argentina,AR,Misiones Province,misiones-province,Concepcion de la Sierra,concepcion-de-la-sierra
Argentina,AR,Misiones Province,misiones-province,Departamento de Apostoles,departamento-de-apostoles
Argentina,AR,Misiones Province,misiones-province,Departamento de Cainguas,departamento-de-cainguas
Argentina,AR,Misiones Province,misiones-province,Departamento de Candelaria,departamento-de-candelaria
Argentina,AR,Misiones Province,misiones-province,Departamento de Capital,departamento-de-capital
Argentina,AR,Misiones Province,misiones-province,Departamento de Concepcion de la Sierra,departamento-de-concepcion-de-la-sierra
Argentina,AR,Misiones Province,misiones-province,Departamento de Eldorado,departamento-de-eldorado
Argentina,AR,Misiones Province,misiones-province,Departamento de General Manuel Belgrano,departamento-de-general-manuel-belgrano
Argentina,AR,Misiones Province,misiones-province,Departamento de Guarani,departamento-de-guarani
Argentina,AR,Misiones Province,misiones-province,Departamento de Iguazu,departamento-de-iguazu
Argentina,AR,Misiones Province,misiones-province,Departamento de Leandro N. Alem,departamento-de-leandro-n-alem
Argentina,AR,Misiones Province,misiones-province,Departamento de Libertador General San Martin,departamento-de-libertador-general-san-martin
Argentina,AR,Misiones Province,misiones-province,Departamento de Montecarlo,departamento-de-montecarlo
Argentina,AR,Misiones Province,misiones-province,Departamento de Obera,departamento-de-obera
Argentina,AR,Misiones Province,misiones-province,Departamento de San Ignacio,departamento-de-san-ignacio
Argentina,AR,Misiones Province,misiones-province,Departamento de San Javier,departamento-de-san-javier
Argentina,AR,Misiones Province,misiones-province,Departamento de San Pedro,departamento-de-san-pedro
Argentina,AR,Misiones Province,misiones-province,Departamento de Veinticinco de Mayo,departamento-de-veinticinco-de-mayo
Argentina,AR,Misiones Province,misiones-province,Dos Arroyos,dos-arroyos
Argentina,AR,Misiones Province,misiones-province,Dos de Mayo,dos-de-mayo
Argentina,AR,Misiones Province,misiones-province,El Alcazar,el-alcazar
Argentina,AR,Misiones Province,misiones-province,El Soberbio,el-soberbio
Argentina,AR,Misiones Province,misiones-province,Florentino Ameghino,florentino-ameghino
Argentina,AR,Misiones Province,misiones-province,Garuhape,garuhape
Argentina,AR,Misiones Province,misiones-province,Garupa,garupa
Argentina,AR,Misiones Province,misiones-province,General Alvear,general-alvear
Argentina,AR,Misiones Province,misiones-province,Gobernador Roca,gobernador-roca
Argentina,AR,Misiones Province,misiones-province,Guarani,guarani
Argentina,AR,Misiones Province,misiones-province,Jardin America,jardin-america
Argentina,AR,Misiones Province,misiones-province,Loreto,loreto
Argentina,AR,Misiones Province,misiones-province,Los Helechos,los-helechos
Argentina,AR,Misiones Province,misiones-province,Martires,martires
Argentina,AR,Misiones Province,misiones-province,Mojon Grande,mojon-grande
Argentina,AR,Misiones Province,misiones-province,Montecarlo,montecarlo
Argentina,AR,Misiones Province,misiones-province,Obera,obera
Argentina,AR,Misiones Province,misiones-province,Panambi,panambi
Argentina,AR,Misiones Province,misiones-province,Picada Gobernador Lopez,picada-gobernador-lopez
Argentina,AR,Misiones Province,misiones-province,Posadas,posadas
Argentina,AR,Misiones Province,misiones-province,Puerto Eldorado,puerto-eldorado
Argentina,AR,Misiones Province,misiones-province,Puerto Esperanza,puerto-esperanza
Argentina,AR,Misiones Province,misiones-province,Puerto Iguazu,puerto-iguazu
Argentina,AR,Misiones Province,misiones-province,Puerto Leoni,puerto-leoni
Argentina,AR,Misiones Province,misiones-province,Puerto Libertad,puerto-libertad
Argentina,AR,Misiones Province,misiones-province,Puerto Piray,puerto-piray
Argentina,AR,Misiones Province,misiones-province,Puerto Rico,puerto-rico
Argentina,AR,Misiones Province,misiones-province,Ruiz de Montoya,ruiz-de-montoya
Argentina,AR,Misiones Province,misiones-province,San Jose,san-jose
Argentina,AR,Misiones Province,misiones-province,San Pedro,san-pedro
Argentina,AR,Misiones Province,misiones-province,San Vicente,san-vicente
Argentina,AR,Misiones Province,misiones-province,Santa Maria,santa-maria
Argentina,AR,Misiones Province,misiones-province,Santo Pipo,santo-pipo
Argentina,AR,Misiones Province,misiones-province,Tres Capones,tres-capones
Argentina,AR,Misiones Province,misiones-province,Veinticinco de Mayo,veinticinco-de-mayo
Argentina,AR,Misiones Province,misiones-province,Wanda,wanda
Argentina,AR,Neuquen Province,neuquen-province,Alumine,alumine
Argentina,AR,Neuquen Province,neuquen-province,Andacollo,andacollo
Argentina,AR,Neuquen Province,neuquen-province,Anelo,anelo
Argentina,AR,Neuquen Province,neuquen-province,Barrancas,barrancas
Argentina,AR,Neuquen Province,neuquen-province,Buta Ranquil,buta-ranquil
Argentina,AR,Neuquen Province,neuquen-province,Centenario,centenario
Argentina,AR,Neuquen Province,neuquen-province,Chos Malal,chos-malal
Argentina,AR,Neuquen Province,neuquen-province,Cutral-Co,cutral-co
Argentina,AR,Neuquen Province,neuquen-province,Departamento de Alumine,departamento-de-alumine
Argentina,AR,Neuquen Province,neuquen-province,Departamento de Anelo,departamento-de-anelo
Argentina,AR,Neuquen Province,neuquen-province,Departamento de Catan-Lil,departamento-de-catan-lil
Argentina,AR,Neuquen Province,neuquen-province,Departamento de Chos-Malal,departamento-de-chos-malal
Argentina,AR,Neuquen Province,neuquen-province,Departamento de Collon-Cura,departamento-de-collon-cura
Argentina,AR,Neuquen Province,neuquen-province,Departamento de Confluencia,departamento-de-confluencia
Argentina,AR,Neuquen Province,neuquen-province,Departamento de Lacar,departamento-de-lacar
Argentina,AR,Neuquen Province,neuquen-province,Departamento de Minas,departamento-de-minas
Argentina,AR,Neuquen Province,neuquen-province,Departamento de Zapala,departamento-de-zapala
Argentina,AR,Neuquen Province,neuquen-province,El Huecu,el-huecu
Argentina,AR,Neuquen Province,neuquen-province,Junin de los Andes,junin-de-los-andes
Argentina,AR,Neuquen Province,neuquen-province,Las Coloradas,las-coloradas
Argentina,AR,Neuquen Province,neuquen-province,Las Lajas,las-lajas
Argentina,AR,Neuquen Province,neuquen-province,Las Ovejas,las-ovejas
Argentina,AR,Neuquen Province,neuquen-province,Loncopue,loncopue
Argentina,AR,Neuquen Province,neuquen-province,Mariano Moreno,mariano-moreno
Argentina,AR,Neuquen Province,neuquen-province,Neuquen,neuquen
Argentina,AR,Neuquen Province,neuquen-province,Picun Leufu,picun-leufu
Argentina,AR,Neuquen Province,neuquen-province,Piedra del Aguila,piedra-del-aguila
Argentina,AR,Neuquen Province,neuquen-province,Plaza Huincul,plaza-huincul
Argentina,AR,Neuquen Province,neuquen-province,Plottier,plottier
Argentina,AR,Neuquen Province,neuquen-province,San Martin de los Andes,san-martin-de-los-andes
Argentina,AR,Neuquen Province,neuquen-province,Senillosa,senillosa
Argentina,AR,Neuquen Province,neuquen-province,Villa La Angostura,villa-la-angostura
Argentina,AR,Neuquen Province,neuquen-province,Vista Alegre,vista-alegre
Argentina,AR,Neuquen Province,neuquen-province,Zapala,zapala
Argentina,AR,Rio Negro Province,rio-negro-province,Allen,allen
Argentina,AR,Rio Negro Province,rio-negro-province,Catriel,catriel
Argentina,AR,Rio Negro Province,rio-negro-province,Cervantes,cervantes
Argentina,AR,Rio Negro Province,rio-negro-province,Chichinales,chichinales
Argentina,AR,Rio Negro Province,rio-negro-province,Chimpay,chimpay
Argentina,AR,Rio Negro Province,rio-negro-province,Choele Choel,choele-choel
Argentina,AR,Rio Negro Province,rio-negro-province,Cinco Saltos,cinco-saltos
Argentina,AR,Rio Negro Province,rio-negro-province,Cipolletti,cipolletti
Argentina,AR,Rio Negro Province,rio-negro-province,Comallo,comallo
Argentina,AR,Rio Negro Province,rio-negro-province,Contraalmirante Cordero,contraalmirante-cordero
Argentina,AR,Rio Negro Province,rio-negro-province,Coronel Belisle,coronel-belisle
Argentina,AR,Rio Negro Province,rio-negro-province,Darwin,darwin
Argentina,AR,Rio Negro Province,rio-negro-province,Departamento de Avellaneda,departamento-de-avellaneda
Argentina,AR,Rio Negro Province,rio-negro-province,Departamento de Veinticinco de Mayo,departamento-de-veinticinco-de-mayo
Argentina,AR,Rio Negro Province,rio-negro-province,El Bolson,el-bolson
Argentina,AR,Rio Negro Province,rio-negro-province,El Cuy,el-cuy
Argentina,AR,Rio Negro Province,rio-negro-province,Fray Luis Beltran,fray-luis-beltran
Argentina,AR,Rio Negro Province,rio-negro-province,General Conesa,general-conesa
Argentina,AR,Rio Negro Province,rio-negro-province,General Enrique Godoy,general-enrique-godoy
Argentina,AR,Rio Negro Province,rio-negro-province,General Fernandez Oro,general-fernandez-oro
Argentina,AR,Rio Negro Province,rio-negro-province,General Roca,general-roca
Argentina,AR,Rio Negro Province,rio-negro-province,Ingeniero Jacobacci,ingeniero-jacobacci
Argentina,AR,Rio Negro Province,rio-negro-province,Ingeniero Luis A. Huergo,ingeniero-luis-a-huergo
Argentina,AR,Rio Negro Province,rio-negro-province,Lamarque,lamarque
Argentina,AR,Rio Negro Province,rio-negro-province,Los Menucos,los-menucos
Argentina,AR,Rio Negro Province,rio-negro-province,Mainque,mainque
Argentina,AR,Rio Negro Province,rio-negro-province,Maquinchao,maquinchao
Argentina,AR,Rio Negro Province,rio-negro-province,Norquinco,norquinco
Argentina,AR,Rio Negro Province,rio-negro-province,Pilcaniyeu,pilcaniyeu
Argentina,AR,Rio Negro Province,rio-negro-province,Rio Colorado,rio-colorado
Argentina,AR,Rio Negro Province,rio-negro-province,San Antonio Oeste,san-antonio-oeste
Argentina,AR,Rio Negro Province,rio-negro-province,San Carlos de Bariloche,san-carlos-de-bariloche
Argentina,AR,Rio Negro Province,rio-negro-province,Sierra Colorada,sierra-colorada
Argentina,AR,Rio Negro Province,rio-negro-province,Sierra Grande,sierra-grande
Argentina,AR,Rio Negro Province,rio-negro-province,Valcheta,valcheta
Argentina,AR,Rio Negro Province,rio-negro-province,Viedma,viedma
Argentina,AR,Rio Negro Province,rio-negro-province,Villa Regina,villa-regina
Argentina,AR,Salta Province,salta-province,Apolinario Saravia,apolinario-saravia
Argentina,AR,Salta Province,salta-province,Cachi,cachi
Argentina,AR,Salta Province,salta-province,Cafayate,cafayate
Argentina,AR,Salta Province,salta-province,Campo Quijano,campo-quijano
Argentina,AR,Salta Province,salta-province,Chicoana,chicoana
Argentina,AR,Salta Province,salta-province,Departamento Capital,departamento-capital
Argentina,AR,Salta Province,salta-province,Departamento de Anta,departamento-de-anta
Argentina,AR,Salta Province,salta-province,Departamento de Cerrillos,departamento-de-cerrillos
Argentina,AR,Salta Province,salta-province,Departamento de Chicoana,departamento-de-chicoana
Argentina,AR,Salta Province,salta-province,Departamento de General Guemes,departamento-de-general-guemes
Argentina,AR,Salta Province,salta-province,Departamento de Guachipas,departamento-de-guachipas
Argentina,AR,Salta Province,salta-province,Departamento de Iruya,departamento-de-iruya
Argentina,AR,Salta Province,salta-province,Departamento de La Poma,departamento-de-la-poma
Argentina,AR,Salta Province,salta-province,Departamento de La Vina,departamento-de-la-vina
Argentina,AR,Salta Province,salta-province,Departamento de Los Andes,departamento-de-los-andes
Argentina,AR,Salta Province,salta-province,Departamento de Metan,departamento-de-metan
Argentina,AR,Salta Province,salta-province,Departamento de Rivadavia,departamento-de-rivadavia
Argentina,AR,Salta Province,salta-province,Departamento de Rosario de la Frontera,departamento-de-rosario-de-la-frontera
Argentina,AR,Salta Province,salta-province,Departamento de Rosario de Lerma,departamento-de-rosario-de-lerma
Argentina,AR,Salta Province,salta-province,Departamento de San Carlos,departamento-de-san-carlos
Argentina,AR,Salta Province,salta-province,El Carril,el-carril
Argentina,AR,Salta Province,salta-province,El Galpon,el-galpon
Argentina,AR,Salta Province,salta-province,El Quebrachal,el-quebrachal
Argentina,AR,Salta Province,salta-province,Embarcacion,embarcacion
Argentina,AR,Salta Province,salta-province,General Enrique Mosconi,general-enrique-mosconi
Argentina,AR,Salta Province,salta-province,Joaquin V. Gonzalez,joaquin-v-gonzalez
Argentina,AR,Salta Province,salta-province,La Caldera,la-caldera
Argentina,AR,Salta Province,salta-province,Las Lajitas,las-lajitas
Argentina,AR,Salta Province,salta-province,Salta,salta
Argentina,AR,Salta Province,salta-province,San Antonio de los Cobres,san-antonio-de-los-cobres
Argentina,AR,Salta Province,salta-province,San Ramon de la Nueva Oran,san-ramon-de-la-nueva-oran
Argentina,AR,Salta Province,salta-province,Santa Rosa de Tastil,santa-rosa-de-tastil
Argentina,AR,Salta Province,salta-province,Tartagal,tartagal
Argentina,AR,San Juan Province,san-juan-province,Albardon,albardon
Argentina,AR,San Juan Province,san-juan-province,Calingasta,calingasta
Argentina,AR,San Juan Province,san-juan-province,Caucete,caucete
Argentina,AR,San Juan Province,san-juan-province,Chimbas,chimbas
Argentina,AR,San Juan Province,san-juan-province,Departamento de Albardon,departamento-de-albardon
Argentina,AR,San Juan Province,san-juan-province,Departamento de Angaco,departamento-de-angaco
Argentina,AR,San Juan Province,san-juan-province,Departamento de Calingasta,departamento-de-calingasta
Argentina,AR,San Juan Province,san-juan-province,Departamento de Capital,departamento-de-capital
Argentina,AR,San Juan Province,san-juan-province,Departamento de Caucete,departamento-de-caucete
Argentina,AR,San Juan Province,san-juan-province,Departamento de Chimbas,departamento-de-chimbas
Argentina,AR,San Juan Province,san-juan-province,Departamento de Iglesia,departamento-de-iglesia
Argentina,AR,San Juan Province,san-juan-province,Departamento de Jachal,departamento-de-jachal
Argentina,AR,San Juan Province,san-juan-province,Departamento de Nueve de Julio,departamento-de-nueve-de-julio
Argentina,AR,San Juan Province,san-juan-province,Departamento de Rawson,departamento-de-rawson
Argentina,AR,San Juan Province,san-juan-province,Departamento de Rivadavia,departamento-de-rivadavia
Argentina,AR,San Juan Province,san-juan-province,Departamento de San Martin,departamento-de-san-martin
Argentina,AR,San Juan Province,san-juan-province,Departamento de Santa Lucia,departamento-de-santa-lucia
Argentina,AR,San Juan Province,san-juan-province,Departamento de Sarmiento,departamento-de-sarmiento
Argentina,AR,San Juan Province,san-juan-province,Departamento de Ullum,departamento-de-ullum
Argentina,AR,San Juan Province,san-juan-province,Departamento de Zonda,departamento-de-zonda
Argentina,AR,San Juan Province,san-juan-province,Nueve de Julio,nueve-de-julio
Argentina,AR,San Juan Province,san-juan-province,Pocito,pocito
Argentina,AR,San Juan Province,san-juan-province,San Agustin de Valle Fertil,san-agustin-de-valle-fertil
Argentina,AR,San Juan Province,san-juan-province,San Jose de Jachal,san-jose-de-jachal
Argentina,AR,San Juan Province,san-juan-province,San Juan,san-juan
Argentina,AR,San Juan Province,san-juan-province,San Martin,san-martin
Argentina,AR,San Juan Province,san-juan-province,Santa Lucia,santa-lucia
Argentina,AR,San Juan Province,san-juan-province,Villa Basilio Nievas,villa-basilio-nievas
Argentina,AR,San Juan Province,san-juan-province,Villa Paula de Sarmiento,villa-paula-de-sarmiento
Argentina,AR,San Luis Province,san-luis-province,Buena Esperanza,buena-esperanza
Argentina,AR,San Luis Province,san-luis-province,Candelaria,candelaria
Argentina,AR,San Luis Province,san-luis-province,Concaran,concaran
Argentina,AR,San Luis Province,san-luis-province,Juan Martin de Pueyrredon,juan-martin-de-pueyrredon
Argentina,AR,San Luis Province,san-luis-province,Justo Daract,justo-daract
Argentina,AR,San Luis Province,san-luis-province,La Punta,la-punta
Argentina,AR,San Luis Province,san-luis-province,La Toma,la-toma
Argentina,AR,San Luis Province,san-luis-province,Lujan,lujan
Argentina,AR,San Luis Province,san-luis-province,Merlo,merlo
Argentina,AR,San Luis Province,san-luis-province,Naschel,naschel
Argentina,AR,San Luis Province,san-luis-province,San Francisco del Monte de Oro,san-francisco-del-monte-de-oro
Argentina,AR,San Luis Province,san-luis-province,San Luis,san-luis
Argentina,AR,San Luis Province,san-luis-province,Santa Rosa del Conlara,santa-rosa-del-conlara
Argentina,AR,San Luis Province,san-luis-province,Tilisarao,tilisarao
Argentina,AR,San Luis Province,san-luis-province,Union,union
Argentina,AR,San Luis Province,san-luis-province,Villa General Roca,villa-general-roca
Argentina,AR,San Luis Province,san-luis-province,Villa Mercedes,villa-mercedes
Argentina,AR,Santa Cruz Province,santa-cruz-province,28 de Noviembre,28-de-noviembre
Argentina,AR,Santa Cruz Province,santa-cruz-province,Caleta Olivia,caleta-olivia
Argentina,AR,Santa Cruz Province,santa-cruz-province,Comandante Luis Piedra Buena,comandante-luis-piedra-buena
Argentina,AR,Santa Cruz Province,santa-cruz-province,Departamento de Deseado,departamento-de-deseado
Argentina,AR,Santa Cruz Province,santa-cruz-province,Departamento de Guer Aike,departamento-de-guer-aike
Argentina,AR,Santa Cruz Province,santa-cruz-province,Departamento de Lago Argentino,departamento-de-lago-argentino
Argentina,AR,Santa Cruz Province,santa-cruz-province,Departamento de Magallanes,departamento-de-magallanes
Argentina,AR,Santa Cruz Province,santa-cruz-province,Departamento de Rio Chico,departamento-de-rio-chico
Argentina,AR,Santa Cruz Province,santa-cruz-province,El Calafate,el-calafate
Argentina,AR,Santa Cruz Province,santa-cruz-province,Gobernador Gregores,gobernador-gregores
Argentina,AR,Santa Cruz Province,santa-cruz-province,Las Heras,las-heras
Argentina,AR,Santa Cruz Province,santa-cruz-province,Los Antiguos,los-antiguos
Argentina,AR,Santa Cruz Province,santa-cruz-province,Perito Moreno,perito-moreno
Argentina,AR,Santa Cruz Province,santa-cruz-province,Pico Truncado,pico-truncado
Argentina,AR,Santa Cruz Province,santa-cruz-province,Puerto Deseado,puerto-deseado
Argentina,AR,Santa Cruz Province,santa-cruz-province,Puerto Santa Cruz,puerto-santa-cruz
Argentina,AR,Santa Cruz Province,santa-cruz-province,Rio Gallegos,rio-gallegos
Argentina,AR,Santa Cruz Province,santa-cruz-province,Rio Turbio,rio-turbio
Argentina,AR,Santa Cruz Province,santa-cruz-province,San Julian,san-julian
Argentina,AR,Santa Cruz Province,santa-cruz-province,Yacimiento Rio Turbio,yacimiento-rio-turbio
Argentina,AR,Santa Fe Province,santa-fe-province,Armstrong,armstrong
Argentina,AR,Santa Fe Province,santa-fe-province,Arroyo Seco,arroyo-seco
Argentina,AR,Santa Fe Province,santa-fe-province,Arrufo,arrufo
Argentina,AR,Santa Fe Province,santa-fe-province,Avellaneda,avellaneda
Argentina,AR,Santa Fe Province,santa-fe-province,Bella Italia,bella-italia
Argentina,AR,Santa Fe Province,santa-fe-province,Calchaqui,calchaqui
Argentina,AR,Santa Fe Province,santa-fe-province,Canada de Gomez,canada-de-gomez
Argentina,AR,Santa Fe Province,santa-fe-province,Capitan Bermudez,capitan-bermudez
Argentina,AR,Santa Fe Province,santa-fe-province,Carcarana,carcarana
Argentina,AR,Santa Fe Province,santa-fe-province,Casilda,casilda
Argentina,AR,Santa Fe Province,santa-fe-province,Ceres,ceres
Argentina,AR,Santa Fe Province,santa-fe-province,Chanar Ladeado,chanar-ladeado
Argentina,AR,Santa Fe Province,santa-fe-province,Coronda,coronda
Argentina,AR,Santa Fe Province,santa-fe-province,Departamento de Belgrano,departamento-de-belgrano
Argentina,AR,Santa Fe Province,santa-fe-province,Departamento de Caseros,departamento-de-caseros
Argentina,AR,Santa Fe Province,santa-fe-province,Departamento de Castellanos,departamento-de-castellanos
Argentina,AR,Santa Fe Province,santa-fe-province,Departamento de Constitucion,departamento-de-constitucion
Argentina,AR,Santa Fe Province,santa-fe-province,Departamento de La Capital,departamento-de-la-capital
Argentina,AR,Santa Fe Province,santa-fe-province,Departamento de Nueve de Julio,departamento-de-nueve-de-julio
Argentina,AR,Santa Fe Province,santa-fe-province,Departamento de San Cristobal,departamento-de-san-cristobal
Argentina,AR,Santa Fe Province,santa-fe-province,Departamento de San Javier,departamento-de-san-javier
Argentina,AR,Santa Fe Province,santa-fe-province,Departamento de San Justo,departamento-de-san-justo
Argentina,AR,Santa Fe Province,santa-fe-province,Departamento de San Lorenzo,departamento-de-san-lorenzo
Argentina,AR,Santa Fe Province,santa-fe-province,Departamento de San Martin,departamento-de-san-martin
Argentina,AR,Santa Fe Province,santa-fe-province,Departamento de Vera,departamento-de-vera
Argentina,AR,Santa Fe Province,santa-fe-province,El Trebol,el-trebol
Argentina,AR,Santa Fe Province,santa-fe-province,Esperanza,esperanza
Argentina,AR,Santa Fe Province,santa-fe-province,Firmat,firmat
Argentina,AR,Santa Fe Province,santa-fe-province,Fray Luis A. Beltran,fray-luis-a-beltran
Argentina,AR,Santa Fe Province,santa-fe-province,Funes,funes
Argentina,AR,Santa Fe Province,santa-fe-province,Galvez,galvez
Argentina,AR,Santa Fe Province,santa-fe-province,Gato Colorado,gato-colorado
Argentina,AR,Santa Fe Province,santa-fe-province,Gobernador Galvez,gobernador-galvez
Argentina,AR,Santa Fe Province,santa-fe-province,Granadero Baigorria,granadero-baigorria
Argentina,AR,Santa Fe Province,santa-fe-province,Helvecia,helvecia
Argentina,AR,Santa Fe Province,santa-fe-province,Hersilia,hersilia
Argentina,AR,Santa Fe Province,santa-fe-province,Iriondo Department,iriondo-department
Argentina,AR,Santa Fe Province,santa-fe-province,Laguna Paiva,laguna-paiva
Argentina,AR,Santa Fe Province,santa-fe-province,Las Parejas,las-parejas
Argentina,AR,Santa Fe Province,santa-fe-province,Las Rosas,las-rosas
Argentina,AR,Santa Fe Province,santa-fe-province,Las Toscas,las-toscas
Argentina,AR,Santa Fe Province,santa-fe-province,Los Laureles,los-laureles
Argentina,AR,Santa Fe Province,santa-fe-province,Malabrigo,malabrigo
Argentina,AR,Santa Fe Province,santa-fe-province,Melincue,melincue
Argentina,AR,Santa Fe Province,santa-fe-province,Perez,perez
Argentina,AR,Santa Fe Province,santa-fe-province,Rafaela,rafaela
Argentina,AR,Santa Fe Province,santa-fe-province,Reconquista,reconquista
Argentina,AR,Santa Fe Province,santa-fe-province,Recreo,recreo
Argentina,AR,Santa Fe Province,santa-fe-province,Roldan,roldan
Argentina,AR,Santa Fe Province,santa-fe-province,Rosario,rosario
Argentina,AR,Santa Fe Province,santa-fe-province,Rufino,rufino
Argentina,AR,Santa Fe Province,santa-fe-province,San Carlos Centro,san-carlos-centro
Argentina,AR,Santa Fe Province,santa-fe-province,San Cristobal,san-cristobal
Argentina,AR,Santa Fe Province,santa-fe-province,San Javier,san-javier
Argentina,AR,Santa Fe Province,santa-fe-province,San Jorge,san-jorge
Argentina,AR,Santa Fe Province,santa-fe-province,San Justo,san-justo
Argentina,AR,Santa Fe Province,santa-fe-province,Santa Fe,santa-fe
Argentina,AR,Santa Fe Province,santa-fe-province,Santo Tome,santo-tome
Argentina,AR,Santa Fe Province,santa-fe-province,Sastre,sastre
Argentina,AR,Santa Fe Province,santa-fe-province,Sunchales,sunchales
Argentina,AR,Santa Fe Province,santa-fe-province,Tacuarendi,tacuarendi
Argentina,AR,Santa Fe Province,santa-fe-province,Tostado,tostado
Argentina,AR,Santa Fe Province,santa-fe-province,Totoras,totoras
Argentina,AR,Santa Fe Province,santa-fe-province,Venado Tuerto,venado-tuerto
Argentina,AR,Santa Fe Province,santa-fe-province,Vera,vera
Argentina,AR,Santa Fe Province,santa-fe-province,Villa Canas,villa-canas
Argentina,AR,Santa Fe Province,santa-fe-province,Villa Constitucion,villa-constitucion
Argentina,AR,Santa Fe Province,santa-fe-province,Villa Mugueta,villa-mugueta
Argentina,AR,Santa Fe Province,santa-fe-province,Villa Ocampo,villa-ocampo
Argentina,AR,Santa Fe Province,santa-fe-province,Villa Trinidad,villa-trinidad
Argentina,AR,Santiago del Estero Province,santiago-del-estero-province,Anatuya,anatuya
Argentina,AR,Santiago del Estero Province,santiago-del-estero-province,Beltran,beltran
Argentina,AR,Santiago del Estero Province,santiago-del-estero-province,Campo Gallo,campo-gallo
Argentina,AR,Santiago del Estero Province,santiago-del-estero-province,Clodomira,clodomira
Argentina,AR,Santiago del Estero Province,santiago-del-estero-province,Colonia Dora,colonia-dora
Argentina,AR,Santiago del Estero Province,santiago-del-estero-province,Departamento de Aguirre,departamento-de-aguirre
Argentina,AR,Santiago del Estero Province,santiago-del-estero-province,Departamento de Banda,departamento-de-banda
Argentina,AR,Santiago del Estero Province,santiago-del-estero-province,Departamento de Choya,departamento-de-choya
Argentina,AR,Santiago del Estero Province,santiago-del-estero-province,Departamento de Guasayan,departamento-de-guasayan
Argentina,AR,Santiago del Estero Province,santiago-del-estero-province,Departamento de Loreto,departamento-de-loreto
Argentina,AR,Santiago del Estero Province,santiago-del-estero-province,Departamento de Moreno,departamento-de-moreno
Argentina,AR,Santiago del Estero Province,santiago-del-estero-province,Departamento de Rio Hondo,departamento-de-rio-hondo
Argentina,AR,Santiago del Estero Province,santiago-del-estero-province,Departamento de Robles,departamento-de-robles
Argentina,AR,Santiago del Estero Province,santiago-del-estero-province,Departamento de San Martin,departamento-de-san-martin
Argentina,AR,Santiago del Estero Province,santiago-del-estero-province,Departamento de Sarmiento,departamento-de-sarmiento
Argentina,AR,Santiago del Estero Province,santiago-del-estero-province,El Hoyo,el-hoyo
Argentina,AR,Santiago del Estero Province,santiago-del-estero-province,La Banda,la-banda
Argentina,AR,Santiago del Estero Province,santiago-del-estero-province,Los Juries,los-juries
Argentina,AR,Santiago del Estero Province,santiago-del-estero-province,Los Telares,los-telares
Argentina,AR,Santiago del Estero Province,santiago-del-estero-province,Pampa de los Guanacos,pampa-de-los-guanacos
Argentina,AR,Santiago del Estero Province,santiago-del-estero-province,Quimili,quimili
Argentina,AR,Santiago del Estero Province,santiago-del-estero-province,San Pedro,san-pedro
Argentina,AR,Santiago del Estero Province,santiago-del-estero-province,Santiago del Estero,santiago-del-estero
Argentina,AR,Santiago del Estero Province,santiago-del-estero-province,Sumampa,sumampa
Argentina,AR,Santiago del Estero Province,santiago-del-estero-province,Suncho Corral,suncho-corral
Argentina,AR,Santiago del Estero Province,santiago-del-estero-province,Termas de Rio Hondo,termas-de-rio-hondo
Argentina,AR,Santiago del Estero Province,santiago-del-estero-province,Tintina,tintina
Argentina,AR,Santiago del Estero Province,santiago-del-estero-province,Villa Atamisqui,villa-atamisqui
Argentina,AR,Santiago del Estero Province,santiago-del-estero-province,Villa General Mitre,villa-general-mitre
Argentina,AR,Santiago del Estero Province,santiago-del-estero-province,Villa Ojo de Agua,villa-ojo-de-agua
Argentina,AR,Tierra del Fuego Province,tierra-del-fuego-province,Rio Grande,rio-grande
Argentina,AR,Tierra del Fuego Province,tierra-del-fuego-province,Tolhuin,tolhuin
Argentina,AR,Tierra del Fuego Province,tierra-del-fuego-province,Ushuaia,ushuaia
Argentina,AR,Tucuman Province,tucuman-province,Aguilares,aguilares
Argentina,AR,Tucuman Province,tucuman-province,Alderetes,alderetes
Argentina,AR,Tucuman Province,tucuman-province,Bella Vista,bella-vista
Argentina,AR,Tucuman Province,tucuman-province,Burruyacu,burruyacu
Argentina,AR,Tucuman Province,tucuman-province,Departamento de Burruyacu,departamento-de-burruyacu
Argentina,AR,Tucuman Province,tucuman-province,Departamento de Capital,departamento-de-capital
Argentina,AR,Tucuman Province,tucuman-province,Departamento de Cruz Alta,departamento-de-cruz-alta
Argentina,AR,Tucuman Province,tucuman-province,Departamento de Famailla,departamento-de-famailla
Argentina,AR,Tucuman Province,tucuman-province,Departamento de Graneros,departamento-de-graneros
Argentina,AR,Tucuman Province,tucuman-province,Departamento de La Cocha,departamento-de-la-cocha
Argentina,AR,Tucuman Province,tucuman-province,Departamento de Lules,departamento-de-lules
Argentina,AR,Tucuman Province,tucuman-province,Departamento de Monteros,departamento-de-monteros
Argentina,AR,Tucuman Province,tucuman-province,Departamento de Rio Chico,departamento-de-rio-chico
Argentina,AR,Tucuman Province,tucuman-province,Departamento de Simoca,departamento-de-simoca
Argentina,AR,Tucuman Province,tucuman-province,Departamento de Trancas,departamento-de-trancas
Argentina,AR,Tucuman Province,tucuman-province,Departamento de Yerba Buena,departamento-de-yerba-buena
Argentina,AR,Tucuman Province,tucuman-province,Famailla,famailla
Argentina,AR,Tucuman Province,tucuman-province,Graneros,graneros
Argentina,AR,Tucuman Province,tucuman-province,La Cocha,la-cocha
Argentina,AR,Tucuman Province,tucuman-province,Monteros,monteros
Argentina,AR,Tucuman Province,tucuman-province,San Miguel de Tucuman,san-miguel-de-tucuman
Argentina,AR,Tucuman Province,tucuman-province,Simoca,simoca
Argentina,AR,Tucuman Province,tucuman-province,Tafi del Valle,tafi-del-valle
Argentina,AR,Tucuman Province,tucuman-province,Tafi Viejo,tafi-viejo
Argentina,AR,Tucuman Province,tucuman-province,Trancas,trancas
Argentina,AR,Tucuman Province,tucuman-province,Yerba Buena,yerba-buena
