s_country_name,s_country_code_iso2,s_region_name,s_region_slug,s_city_name,s_city_slug
Malaysia,MY,Johor,johor,Bakri,bakri
Malaysia,MY,Johor,johor,Batu Pahat,batu-pahat
Malaysia,MY,Johor,johor,Buloh Kasap,buloh-kasap
Malaysia,MY,Johor,johor,Chaah,chaah
Malaysia,MY,Johor,johor,Daerah Batu Pahat,daerah-batu-pahat
Malaysia,MY,Johor,johor,Daerah Johor Baharu,daerah-johor-baharu
Malaysia,MY,Johor,johor,Daerah Keluang,daerah-keluang
Malaysia,MY,Johor,johor,Daerah Kota Tinggi,daerah-kota-tinggi
Malaysia,MY,Johor,johor,Daerah Mersing,daerah-mersing
Malaysia,MY,Johor,johor,Daerah Muar,daerah-muar
Malaysia,MY,Johor,johor,Daerah Pontian,daerah-pontian
Malaysia,MY,Johor,johor,Daerah Segamat,daerah-segamat
Malaysia,MY,Johor,johor,Johor Bahru,johor-bahru
Malaysia,MY,Johor,johor,Kampung Pasir Gudang Baru,kampung-pasir-gudang-baru
Malaysia,MY,Johor,johor,Kampung Simpang Renggam,kampung-simpang-renggam
Malaysia,MY,Johor,johor,Kelapa Sawit,kelapa-sawit
Malaysia,MY,Johor,johor,Kluang,kluang
Malaysia,MY,Johor,johor,Kota Tinggi,kota-tinggi
Malaysia,MY,Johor,johor,Kulai,kulai
Malaysia,MY,Johor,johor,Labis,labis
Malaysia,MY,Johor,johor,Mersing,mersing
Malaysia,MY,Johor,johor,Muar,muar
Malaysia,MY,Johor,johor,Parit Raja,parit-raja
Malaysia,MY,Johor,johor,Pekan Nenas,pekan-nenas
Malaysia,MY,Johor,johor,Pontian Kechil,pontian-kechil
Malaysia,MY,Johor,johor,Segamat,segamat
Malaysia,MY,Johor,johor,Skudai,skudai
Malaysia,MY,Johor,johor,Taman Senai,taman-senai
Malaysia,MY,Johor,johor,Tangkak,tangkak
Malaysia,MY,Johor,johor,Ulu Tiram,ulu-tiram
Malaysia,MY,Johor,johor,Yong Peng,yong-peng
Malaysia,MY,Kedah,kedah,Alor Setar,alor-setar
Malaysia,MY,Kedah,kedah,Ayer Hangat,ayer-hangat
Malaysia,MY,Kedah,kedah,Bedong,bedong
Malaysia,MY,Kedah,kedah,Gurun,gurun
Malaysia,MY,Kedah,kedah,Jitra,jitra
Malaysia,MY,Kedah,kedah,Kampung Kilim,kampung-kilim
Malaysia,MY,Kedah,kedah,Kampung Kok,kampung-kok
Malaysia,MY,Kedah,kedah,Kuah,kuah
Malaysia,MY,Kedah,kedah,Kuala Kedah,kuala-kedah
Malaysia,MY,Kedah,kedah,Kuala Teriang,kuala-teriang
Malaysia,MY,Kedah,kedah,Kulim,kulim
Malaysia,MY,Kedah,kedah,Langkawi,langkawi
Malaysia,MY,Kedah,kedah,Padang Mat Sirat,padang-mat-sirat
Malaysia,MY,Kedah,kedah,Sungai Petani,sungai-petani
Malaysia,MY,Kelantan,kelantan,Gua Musang,gua-musang
Malaysia,MY,Kelantan,kelantan,Kampong Kadok,kampong-kadok
Malaysia,MY,Kelantan,kelantan,Kampong Pangkal Kalong,kampong-pangkal-kalong
Malaysia,MY,Kelantan,kelantan,Kota Bharu,kota-bharu
Malaysia,MY,Kelantan,kelantan,Pasir Mas,pasir-mas
Malaysia,MY,Kelantan,kelantan,Peringat,peringat
Malaysia,MY,Kelantan,kelantan,Tumpat,tumpat
Malaysia,MY,Kuala Lumpur,kuala-lumpur,Kuala Lumpur,kuala-lumpur
Malaysia,MY,Labuan,labuan,Labuan,labuan
Malaysia,MY,Melaka,melaka,Alor Gajah,alor-gajah
Malaysia,MY,Melaka,melaka,Batu Berendam,batu-berendam
Malaysia,MY,Melaka,melaka,Bemban,bemban
Malaysia,MY,Melaka,melaka,Bukit Rambai,bukit-rambai
Malaysia,MY,Melaka,melaka,Kampong Masjid Tanah,kampong-masjid-tanah
Malaysia,MY,Melaka,melaka,Kampung Ayer Keroh,kampung-ayer-keroh
Malaysia,MY,Melaka,melaka,Kampung Ayer Molek,kampung-ayer-molek
Malaysia,MY,Melaka,melaka,Kampung Bukit Baharu,kampung-bukit-baharu
Malaysia,MY,Melaka,melaka,Klebang Besar,klebang-besar
Malaysia,MY,Melaka,melaka,Kuala Sungai Baru,kuala-sungai-baru
Malaysia,MY,Melaka,melaka,Malacca,malacca
Malaysia,MY,Melaka,melaka,Pulau Sebang,pulau-sebang
Malaysia,MY,Melaka,melaka,Sungai Udang,sungai-udang
Malaysia,MY,Negeri Sembilan,negeri-sembilan,Bahau,bahau
Malaysia,MY,Negeri Sembilan,negeri-sembilan,Kampung Baharu Nilai,kampung-baharu-nilai
Malaysia,MY,Negeri Sembilan,negeri-sembilan,Kuala Pilah,kuala-pilah
Malaysia,MY,Negeri Sembilan,negeri-sembilan,Port Dickson,port-dickson
Malaysia,MY,Negeri Sembilan,negeri-sembilan,Seremban,seremban
Malaysia,MY,Negeri Sembilan,negeri-sembilan,Tampin,tampin
Malaysia,MY,Pahang,pahang,Bentong Town,bentong-town
Malaysia,MY,Pahang,pahang,Jerantut,jerantut
Malaysia,MY,Pahang,pahang,"Kampung Bukit Tinggi, Bentong",kampung-bukit-tinggi-bentong
Malaysia,MY,Pahang,pahang,Kampung Tekek,kampung-tekek
Malaysia,MY,Pahang,pahang,Kuala Lipis,kuala-lipis
Malaysia,MY,Pahang,pahang,Kuantan,kuantan
Malaysia,MY,Pahang,pahang,Mentekab,mentekab
Malaysia,MY,Pahang,pahang,Pekan,pekan
Malaysia,MY,Pahang,pahang,Raub,raub
Malaysia,MY,Pahang,pahang,Tanah Rata,tanah-rata
Malaysia,MY,Pahang,pahang,Temerluh,temerluh
Malaysia,MY,Penang,penang,Batu Feringgi,batu-feringgi
Malaysia,MY,Penang,penang,Bukit Mertajam,bukit-mertajam
Malaysia,MY,Penang,penang,Butterworth,butterworth
Malaysia,MY,Penang,penang,George Town,george-town
Malaysia,MY,Penang,penang,Juru,juru
Malaysia,MY,Penang,penang,Kampung Batu Feringgi,kampung-batu-feringgi
Malaysia,MY,Penang,penang,Kampung Sungai Ara,kampung-sungai-ara
Malaysia,MY,Penang,penang,Kepala Batas,kepala-batas
Malaysia,MY,Penang,penang,Nibong Tebal,nibong-tebal
Malaysia,MY,Penang,penang,Perai,perai
Malaysia,MY,Penang,penang,Permatang Kuching,permatang-kuching
Malaysia,MY,Penang,penang,Seberang Perai,seberang-perai
Malaysia,MY,Penang,penang,Tanjung Tokong,tanjung-tokong
Malaysia,MY,Penang,penang,Tasek Glugor,tasek-glugor
Malaysia,MY,Penang,penang,Telaga Batu,telaga-batu
Malaysia,MY,Perak,perak,Bagan Serai,bagan-serai
Malaysia,MY,Perak,perak,Batu Gajah,batu-gajah
Malaysia,MY,Perak,perak,Bidur,bidur
Malaysia,MY,Perak,perak,Ipoh,ipoh
Malaysia,MY,Perak,perak,Kampar,kampar
Malaysia,MY,Perak,perak,Kampong Dungun,kampong-dungun
Malaysia,MY,Perak,perak,Kuala Kangsar,kuala-kangsar
Malaysia,MY,Perak,perak,Lumut,lumut
Malaysia,MY,Perak,perak,Pantai Remis,pantai-remis
Malaysia,MY,Perak,perak,Parit Buntar,parit-buntar
Malaysia,MY,Perak,perak,Simpang Empat,simpang-empat
Malaysia,MY,Perak,perak,Taiping,taiping
Malaysia,MY,Perak,perak,Tapah Road,tapah-road
Malaysia,MY,Perak,perak,Teluk Intan,teluk-intan
Malaysia,MY,Perlis,perlis,Kangar,kangar
Malaysia,MY,Perlis,perlis,Kuala Perlis,kuala-perlis
Malaysia,MY,Perlis,perlis,Pantai Cenang,pantai-cenang
Malaysia,MY,Putrajaya,putrajaya,Putrajaya,putrajaya
Malaysia,MY,Sabah,sabah,Bandar Labuan,bandar-labuan
Malaysia,MY,Sabah,sabah,Beaufort,beaufort
Malaysia,MY,Sabah,sabah,Donggongon,donggongon
Malaysia,MY,Sabah,sabah,Keningau,keningau
Malaysia,MY,Sabah,sabah,Kinarut,kinarut
Malaysia,MY,Sabah,sabah,Kota Belud,kota-belud
Malaysia,MY,Sabah,sabah,Kota Kinabalu,kota-kinabalu
Malaysia,MY,Sabah,sabah,Kudat,kudat
Malaysia,MY,Sabah,sabah,Lahad Datu,lahad-datu
Malaysia,MY,Sabah,sabah,Papar,papar
Malaysia,MY,Sabah,sabah,Putatan,putatan
Malaysia,MY,Sabah,sabah,Ranau,ranau
Malaysia,MY,Sabah,sabah,Sandakan,sandakan
Malaysia,MY,Sabah,sabah,Semporna,semporna
Malaysia,MY,Sabah,sabah,Taman Rajawali,taman-rajawali
Malaysia,MY,Sabah,sabah,Tawau,tawau
Malaysia,MY,Sarawak,sarawak,Bintulu,bintulu
Malaysia,MY,Sarawak,sarawak,Data Kakus,data-kakus
Malaysia,MY,Sarawak,sarawak,Kapit,kapit
Malaysia,MY,Sarawak,sarawak,Kuching,kuching
Malaysia,MY,Sarawak,sarawak,Lawas,lawas
Malaysia,MY,Sarawak,sarawak,Lidung Jelo,lidung-jelo
Malaysia,MY,Sarawak,sarawak,Limbang,limbang
Malaysia,MY,Sarawak,sarawak,Long Ampan Aing or Abanang,long-ampan-aing-or-abanang
Malaysia,MY,Sarawak,sarawak,Marudi,marudi
Malaysia,MY,Sarawak,sarawak,Miri,miri
Malaysia,MY,Sarawak,sarawak,Mukah,mukah
Malaysia,MY,Sarawak,sarawak,Sarikei,sarikei
Malaysia,MY,Sarawak,sarawak,Sibu,sibu
Malaysia,MY,Sarawak,sarawak,Simanggang,simanggang
Malaysia,MY,Selangor,selangor,Ampang,ampang
Malaysia,MY,Selangor,selangor,Bagan Pulau Ketam,bagan-pulau-ketam
Malaysia,MY,Selangor,selangor,Banting,banting
Malaysia,MY,Selangor,selangor,Batang Berjuntai,batang-berjuntai
Malaysia,MY,Selangor,selangor,Batu Arang,batu-arang
Malaysia,MY,Selangor,selangor,Jenjarum,jenjarum
Malaysia,MY,Selangor,selangor,Kampong Baharu Balakong,kampong-baharu-balakong
Malaysia,MY,Selangor,selangor,Kampung Baru Subang,kampung-baru-subang
Malaysia,MY,Selangor,selangor,Kampung Tanjung Karang,kampung-tanjung-karang
Malaysia,MY,Selangor,selangor,Klang,klang
Malaysia,MY,Selangor,selangor,Kuala Selangor,kuala-selangor
Malaysia,MY,Selangor,selangor,Kuang,kuang
Malaysia,MY,Selangor,selangor,Ladang Seri Kundang,ladang-seri-kundang
Malaysia,MY,Selangor,selangor,Pelabuhan Klang,pelabuhan-klang
Malaysia,MY,Selangor,selangor,Petaling Jaya,petaling-jaya
Malaysia,MY,Selangor,selangor,Putra Heights,putra-heights
Malaysia,MY,Selangor,selangor,Rawang,rawang
Malaysia,MY,Selangor,selangor,Semenyih,semenyih
Malaysia,MY,Selangor,selangor,Serendah,serendah
Malaysia,MY,Selangor,selangor,Shah Alam,shah-alam
Malaysia,MY,Selangor,selangor,Subang Jaya,subang-jaya
Malaysia,MY,Selangor,selangor,Sungai Besar,sungai-besar
Malaysia,MY,Selangor,selangor,Sungai Pelek New Village,sungai-pelek-new-village
Malaysia,MY,Selangor,selangor,Tanjung Sepat,tanjung-sepat
Malaysia,MY,Terengganu,terengganu,Cukai,cukai
Malaysia,MY,Terengganu,terengganu,Jertih,jertih
Malaysia,MY,Terengganu,terengganu,Kampung Kuala Besut,kampung-kuala-besut
Malaysia,MY,Terengganu,terengganu,Kertih,kertih
Malaysia,MY,Terengganu,terengganu,Kuala Besut,kuala-besut
Malaysia,MY,Terengganu,terengganu,Kuala Terengganu,kuala-terengganu
Malaysia,MY,Terengganu,terengganu,Marang,marang
Malaysia,MY,Terengganu,terengganu,Paka,paka
