s_country_name,s_country_code_iso2,s_region_name,s_region_slug,s_city_name,s_city_slug
Belgium,BE,Antwerp,antwerp,Antwerp,antwerp
Belgium,BE,Brussels-Capital Region,brussels-capital-region,Brussels,brussels
Belgium,BE,East Flanders,east-flanders,East Flanders,east-flanders
Belgium,BE,Flanders,flanders,Aalst,aalst
Belgium,BE,Flanders,flanders,Aalter,aalter
Belgium,BE,Flanders,flanders,Aarschot,aarschot
Belgium,BE,Flanders,flanders,Aartselaar,aartselaar
Belgium,BE,Flanders,flanders,Alken,alken
Belgium,BE,Flanders,flanders,Alveringem,alveringem
Belgium,BE,Flanders,flanders,Antwerpen,antwerpen
Belgium,BE,Flanders,flanders,Anzegem,anzegem
Belgium,BE,Flanders,flanders,Ardooie,ardooie
Belgium,BE,Flanders,flanders,Arendonk,arendonk
Belgium,BE,Flanders,flanders,As,as
Belgium,BE,Flanders,flanders,Asse,asse
Belgium,BE,Flanders,flanders,Assenede,assenede
Belgium,BE,Flanders,flanders,Avelgem,avelgem
Belgium,BE,Flanders,flanders,Baarle-Hertog,baarle-hertog
Belgium,BE,Flanders,flanders,Balen,balen
Belgium,BE,Flanders,flanders,Beernem,beernem
Belgium,BE,Flanders,flanders,Beerse,beerse
Belgium,BE,Flanders,flanders,Beersel,beersel
Belgium,BE,Flanders,flanders,Begijnendijk,begijnendijk
Belgium,BE,Flanders,flanders,Bekkevoort,bekkevoort
Belgium,BE,Flanders,flanders,Beringen,beringen
Belgium,BE,Flanders,flanders,Berlaar,berlaar
Belgium,BE,Flanders,flanders,Berlare,berlare
Belgium,BE,Flanders,flanders,Bertem,bertem
Belgium,BE,Flanders,flanders,Bever,bever
Belgium,BE,Flanders,flanders,Beveren,beveren
Belgium,BE,Flanders,flanders,Bierbeek,bierbeek
Belgium,BE,Flanders,flanders,Bilzen,bilzen
Belgium,BE,Flanders,flanders,Blankenberge,blankenberge
Belgium,BE,Flanders,flanders,Bocholt,bocholt
Belgium,BE,Flanders,flanders,Boechout,boechout
Belgium,BE,Flanders,flanders,Bonheiden,bonheiden
Belgium,BE,Flanders,flanders,Boom,boom
Belgium,BE,Flanders,flanders,Boortmeerbeek,boortmeerbeek
Belgium,BE,Flanders,flanders,Borgloon,borgloon
Belgium,BE,Flanders,flanders,Bornem,bornem
Belgium,BE,Flanders,flanders,Borsbeek,borsbeek
Belgium,BE,Flanders,flanders,Boutersem,boutersem
Belgium,BE,Flanders,flanders,Brasschaat,brasschaat
Belgium,BE,Flanders,flanders,Brecht,brecht
Belgium,BE,Flanders,flanders,Bredene,bredene
Belgium,BE,Flanders,flanders,Bree,bree
Belgium,BE,Flanders,flanders,Brugge,brugge
Belgium,BE,Flanders,flanders,Buggenhout,buggenhout
Belgium,BE,Flanders,flanders,Damme,damme
Belgium,BE,Flanders,flanders,De Haan,de-haan
Belgium,BE,Flanders,flanders,De Panne,de-panne
Belgium,BE,Flanders,flanders,De Pinte,de-pinte
Belgium,BE,Flanders,flanders,Deerlijk,deerlijk
Belgium,BE,Flanders,flanders,Deinze,deinze
Belgium,BE,Flanders,flanders,Denderleeuw,denderleeuw
Belgium,BE,Flanders,flanders,Dendermonde,dendermonde
Belgium,BE,Flanders,flanders,Dentergem,dentergem
Belgium,BE,Flanders,flanders,Dessel,dessel
Belgium,BE,Flanders,flanders,Destelbergen,destelbergen
Belgium,BE,Flanders,flanders,Deurne,deurne
Belgium,BE,Flanders,flanders,Diegem,diegem
Belgium,BE,Flanders,flanders,Diepenbeek,diepenbeek
Belgium,BE,Flanders,flanders,Diest,diest
Belgium,BE,Flanders,flanders,Diksmuide,diksmuide
Belgium,BE,Flanders,flanders,Dilbeek,dilbeek
Belgium,BE,Flanders,flanders,Drogenbos,drogenbos
Belgium,BE,Flanders,flanders,Duffel,duffel
Belgium,BE,Flanders,flanders,Edegem,edegem
Belgium,BE,Flanders,flanders,Eeklo,eeklo
Belgium,BE,Flanders,flanders,Essen,essen
Belgium,BE,Flanders,flanders,Evergem,evergem
Belgium,BE,Flanders,flanders,Galmaarden,galmaarden
Belgium,BE,Flanders,flanders,Gavere,gavere
Belgium,BE,Flanders,flanders,Geel,geel
Belgium,BE,Flanders,flanders,Geetbets,geetbets
Belgium,BE,Flanders,flanders,Genk,genk
Belgium,BE,Flanders,flanders,Gent,gent
Belgium,BE,Flanders,flanders,Geraardsbergen,geraardsbergen
Belgium,BE,Flanders,flanders,Gingelom,gingelom
Belgium,BE,Flanders,flanders,Gistel,gistel
Belgium,BE,Flanders,flanders,Glabbeek,glabbeek
Belgium,BE,Flanders,flanders,Gooik,gooik
Belgium,BE,Flanders,flanders,Grimbergen,grimbergen
Belgium,BE,Flanders,flanders,Grobbendonk,grobbendonk
Belgium,BE,Flanders,flanders,Haacht,haacht
Belgium,BE,Flanders,flanders,Haaltert,haaltert
Belgium,BE,Flanders,flanders,Halen,halen
Belgium,BE,Flanders,flanders,Halle,halle
Belgium,BE,Flanders,flanders,Hamme,hamme
Belgium,BE,Flanders,flanders,Harelbeke,harelbeke
Belgium,BE,Flanders,flanders,Hasselt,hasselt
Belgium,BE,Flanders,flanders,Heers,heers
Belgium,BE,Flanders,flanders,Heist-op-den-Berg,heist-op-den-berg
Belgium,BE,Flanders,flanders,Helchteren,helchteren
Belgium,BE,Flanders,flanders,Hemiksem,hemiksem
Belgium,BE,Flanders,flanders,Herent,herent
Belgium,BE,Flanders,flanders,Herentals,herentals
Belgium,BE,Flanders,flanders,Herenthout,herenthout
Belgium,BE,Flanders,flanders,Herk-de-Stad,herk-de-stad
Belgium,BE,Flanders,flanders,Herne,herne
Belgium,BE,Flanders,flanders,Herselt,herselt
Belgium,BE,Flanders,flanders,Herzele,herzele
Belgium,BE,Flanders,flanders,Heusden,heusden
Belgium,BE,Flanders,flanders,Hoboken,hoboken
Belgium,BE,Flanders,flanders,Hoegaarden,hoegaarden
Belgium,BE,Flanders,flanders,Hoeilaart,hoeilaart
Belgium,BE,Flanders,flanders,Hoeselt,hoeselt
Belgium,BE,Flanders,flanders,Holsbeek,holsbeek
Belgium,BE,Flanders,flanders,Hooglede,hooglede
Belgium,BE,Flanders,flanders,Hoogstraten,hoogstraten
Belgium,BE,Flanders,flanders,Houthalen,houthalen
Belgium,BE,Flanders,flanders,Houthulst,houthulst
Belgium,BE,Flanders,flanders,Hove,hove
Belgium,BE,Flanders,flanders,Huldenberg,huldenberg
Belgium,BE,Flanders,flanders,Hulshout,hulshout
Belgium,BE,Flanders,flanders,Ichtegem,ichtegem
Belgium,BE,Flanders,flanders,Ieper,ieper
Belgium,BE,Flanders,flanders,Ingelmunster,ingelmunster
Belgium,BE,Flanders,flanders,Izegem,izegem
Belgium,BE,Flanders,flanders,Jabbeke,jabbeke
Belgium,BE,Flanders,flanders,Kalmthout,kalmthout
Belgium,BE,Flanders,flanders,Kampenhout,kampenhout
Belgium,BE,Flanders,flanders,Kapelle-op-den-Bos,kapelle-op-den-bos
Belgium,BE,Flanders,flanders,Kapellen,kapellen
Belgium,BE,Flanders,flanders,Kaprijke,kaprijke
Belgium,BE,Flanders,flanders,Kasterlee,kasterlee
Belgium,BE,Flanders,flanders,Keerbergen,keerbergen
Belgium,BE,Flanders,flanders,Kinrooi,kinrooi
Belgium,BE,Flanders,flanders,Knesselare,knesselare
Belgium,BE,Flanders,flanders,Knokke-Heist,knokke-heist
Belgium,BE,Flanders,flanders,Koekelare,koekelare
Belgium,BE,Flanders,flanders,Koksijde,koksijde
Belgium,BE,Flanders,flanders,Kontich,kontich
Belgium,BE,Flanders,flanders,Kortemark,kortemark
Belgium,BE,Flanders,flanders,Kortenaken,kortenaken
Belgium,BE,Flanders,flanders,Kortenberg,kortenberg
Belgium,BE,Flanders,flanders,Kortessem,kortessem
Belgium,BE,Flanders,flanders,Kortrijk,kortrijk
Belgium,BE,Flanders,flanders,Kraainem,kraainem
Belgium,BE,Flanders,flanders,Kruibeke,kruibeke
Belgium,BE,Flanders,flanders,Kruishoutem,kruishoutem
Belgium,BE,Flanders,flanders,Kuurne,kuurne
Belgium,BE,Flanders,flanders,Laarne,laarne
Belgium,BE,Flanders,flanders,Lanaken,lanaken
Belgium,BE,Flanders,flanders,Landen,landen
Belgium,BE,Flanders,flanders,Lebbeke,lebbeke
Belgium,BE,Flanders,flanders,Lede,lede
Belgium,BE,Flanders,flanders,Ledeberg,ledeberg
Belgium,BE,Flanders,flanders,Ledegem,ledegem
Belgium,BE,Flanders,flanders,Lendelede,lendelede
Belgium,BE,Flanders,flanders,Leopoldsburg,leopoldsburg
Belgium,BE,Flanders,flanders,Leuven,leuven
Belgium,BE,Flanders,flanders,Lichtervelde,lichtervelde
Belgium,BE,Flanders,flanders,Liedekerke,liedekerke
Belgium,BE,Flanders,flanders,Lier,lier
Belgium,BE,Flanders,flanders,Lille,lille
Belgium,BE,Flanders,flanders,Linkebeek,linkebeek
Belgium,BE,Flanders,flanders,Lint,lint
Belgium,BE,Flanders,flanders,Lochristi,lochristi
Belgium,BE,Flanders,flanders,Lokeren,lokeren
Belgium,BE,Flanders,flanders,Lommel,lommel
Belgium,BE,Flanders,flanders,Londerzeel,londerzeel
Belgium,BE,Flanders,flanders,Lovendegem,lovendegem
Belgium,BE,Flanders,flanders,Lubbeek,lubbeek
Belgium,BE,Flanders,flanders,Lummen,lummen
Belgium,BE,Flanders,flanders,Maaseik,maaseik
Belgium,BE,Flanders,flanders,Maasmechelen,maasmechelen
Belgium,BE,Flanders,flanders,Machelen,machelen
Belgium,BE,Flanders,flanders,Maldegem,maldegem
Belgium,BE,Flanders,flanders,Mechelen,mechelen
Belgium,BE,Flanders,flanders,Meerhout,meerhout
Belgium,BE,Flanders,flanders,Meise,meise
Belgium,BE,Flanders,flanders,Melle,melle
Belgium,BE,Flanders,flanders,Menen,menen
Belgium,BE,Flanders,flanders,Merchtem,merchtem
Belgium,BE,Flanders,flanders,Merelbeke,merelbeke
Belgium,BE,Flanders,flanders,Merksplas,merksplas
Belgium,BE,Flanders,flanders,Meulebeke,meulebeke
Belgium,BE,Flanders,flanders,Middelkerke,middelkerke
Belgium,BE,Flanders,flanders,Moerbeke,moerbeke
Belgium,BE,Flanders,flanders,Mol,mol
Belgium,BE,Flanders,flanders,Moorslede,moorslede
Belgium,BE,Flanders,flanders,Mortsel,mortsel
Belgium,BE,Flanders,flanders,Nazareth,nazareth
Belgium,BE,Flanders,flanders,Neerpelt,neerpelt
Belgium,BE,Flanders,flanders,Nevele,nevele
Belgium,BE,Flanders,flanders,Niel,niel
Belgium,BE,Flanders,flanders,Nieuwerkerken,nieuwerkerken
Belgium,BE,Flanders,flanders,Nieuwpoort,nieuwpoort
Belgium,BE,Flanders,flanders,Nijlen,nijlen
Belgium,BE,Flanders,flanders,Ninove,ninove
Belgium,BE,Flanders,flanders,Olen,olen
Belgium,BE,Flanders,flanders,Oostduinkerke,oostduinkerke
Belgium,BE,Flanders,flanders,Oosterzele,oosterzele
Belgium,BE,Flanders,flanders,Oostkamp,oostkamp
Belgium,BE,Flanders,flanders,Oostmalle,oostmalle
Belgium,BE,Flanders,flanders,Oostrozebeke,oostrozebeke
Belgium,BE,Flanders,flanders,Opglabbeek,opglabbeek
Belgium,BE,Flanders,flanders,Opwijk,opwijk
Belgium,BE,Flanders,flanders,Ostend,ostend
Belgium,BE,Flanders,flanders,Oud-Heverlee,oud-heverlee
Belgium,BE,Flanders,flanders,Oud-Turnhout,oud-turnhout
Belgium,BE,Flanders,flanders,Oudenaarde,oudenaarde
Belgium,BE,Flanders,flanders,Oudenburg,oudenburg
Belgium,BE,Flanders,flanders,Overijse,overijse
Belgium,BE,Flanders,flanders,Overpelt,overpelt
Belgium,BE,Flanders,flanders,Peer,peer
Belgium,BE,Flanders,flanders,Pepingen,pepingen
Belgium,BE,Flanders,flanders,Perre,perre
Belgium,BE,Flanders,flanders,Pittem,pittem
Belgium,BE,Flanders,flanders,Poperinge,poperinge
Belgium,BE,Flanders,flanders,Provincie Antwerpen,provincie-antwerpen
Belgium,BE,Flanders,flanders,Provincie Limburg,provincie-limburg
Belgium,BE,Flanders,flanders,Provincie Oost-Vlaanderen,provincie-oost-vlaanderen
Belgium,BE,Flanders,flanders,Provincie Vlaams-Brabant,provincie-vlaams-brabant
Belgium,BE,Flanders,flanders,Provincie West-Vlaanderen,provincie-west-vlaanderen
Belgium,BE,Flanders,flanders,Putte,putte
Belgium,BE,Flanders,flanders,Puurs,puurs
Belgium,BE,Flanders,flanders,Ranst,ranst
Belgium,BE,Flanders,flanders,Ravels,ravels
Belgium,BE,Flanders,flanders,Retie,retie
Belgium,BE,Flanders,flanders,Riemst,riemst
Belgium,BE,Flanders,flanders,Rijkevorsel,rijkevorsel
Belgium,BE,Flanders,flanders,Roeselare,roeselare
Belgium,BE,Flanders,flanders,Ronse,ronse
Belgium,BE,Flanders,flanders,Rotselaar,rotselaar
Belgium,BE,Flanders,flanders,Ruiselede,ruiselede
Belgium,BE,Flanders,flanders,Rumst,rumst
Belgium,BE,Flanders,flanders,Schelle,schelle
Belgium,BE,Flanders,flanders,Schilde,schilde
Belgium,BE,Flanders,flanders,Schoten,schoten
Belgium,BE,Flanders,flanders,Sint-Amands,sint-amands
Belgium,BE,Flanders,flanders,Sint-Genesius-Rode,sint-genesius-rode
Belgium,BE,Flanders,flanders,Sint-Gillis-Waas,sint-gillis-waas
Belgium,BE,Flanders,flanders,Sint-Joris,sint-joris
Belgium,BE,Flanders,flanders,Sint-Katelijne-Waver,sint-katelijne-waver
Belgium,BE,Flanders,flanders,Sint-Kruis,sint-kruis
Belgium,BE,Flanders,flanders,Sint-Laureins,sint-laureins
Belgium,BE,Flanders,flanders,Sint-Lievens-Houtem,sint-lievens-houtem
Belgium,BE,Flanders,flanders,Sint-Maria-Lierde,sint-maria-lierde
Belgium,BE,Flanders,flanders,Sint-Martens-Latem,sint-martens-latem
Belgium,BE,Flanders,flanders,Sint-Martens-Lennik,sint-martens-lennik
Belgium,BE,Flanders,flanders,Sint-Niklaas,sint-niklaas
Belgium,BE,Flanders,flanders,Sint-Pieters-Leeuw,sint-pieters-leeuw
Belgium,BE,Flanders,flanders,Sint-Pieters-Voeren,sint-pieters-voeren
Belgium,BE,Flanders,flanders,Sint-Truiden,sint-truiden
Belgium,BE,Flanders,flanders,Stabroek,stabroek
Belgium,BE,Flanders,flanders,Staden,staden
Belgium,BE,Flanders,flanders,Steenokkerzeel,steenokkerzeel
Belgium,BE,Flanders,flanders,Stekene,stekene
Belgium,BE,Flanders,flanders,Temse,temse
Belgium,BE,Flanders,flanders,Terkoest,terkoest
Belgium,BE,Flanders,flanders,Ternat,ternat
Belgium,BE,Flanders,flanders,Tervuren,tervuren
Belgium,BE,Flanders,flanders,Tessenderlo,tessenderlo
Belgium,BE,Flanders,flanders,Tielt,tielt
Belgium,BE,Flanders,flanders,Tienen,tienen
Belgium,BE,Flanders,flanders,Tongeren,tongeren
Belgium,BE,Flanders,flanders,Torhout,torhout
Belgium,BE,Flanders,flanders,Tremelo,tremelo
Belgium,BE,Flanders,flanders,Turnhout,turnhout
Belgium,BE,Flanders,flanders,Veurne,veurne
Belgium,BE,Flanders,flanders,Vilvoorde,vilvoorde
Belgium,BE,Flanders,flanders,Vorselaar,vorselaar
Belgium,BE,Flanders,flanders,Vosselaar,vosselaar
Belgium,BE,Flanders,flanders,Waarschoot,waarschoot
Belgium,BE,Flanders,flanders,Waasmunster,waasmunster
Belgium,BE,Flanders,flanders,Wachtebeke,wachtebeke
Belgium,BE,Flanders,flanders,Waregem,waregem
Belgium,BE,Flanders,flanders,Wellen,wellen
Belgium,BE,Flanders,flanders,Wemmel,wemmel
Belgium,BE,Flanders,flanders,Wenduine,wenduine
Belgium,BE,Flanders,flanders,Wervik,wervik
Belgium,BE,Flanders,flanders,Westerlo,westerlo
Belgium,BE,Flanders,flanders,Wetteren,wetteren
Belgium,BE,Flanders,flanders,Wevelgem,wevelgem
Belgium,BE,Flanders,flanders,Wezembeek-Oppem,wezembeek-oppem
Belgium,BE,Flanders,flanders,Wichelen,wichelen
Belgium,BE,Flanders,flanders,Wielsbeke,wielsbeke
Belgium,BE,Flanders,flanders,Wijnegem,wijnegem
Belgium,BE,Flanders,flanders,Willebroek,willebroek
Belgium,BE,Flanders,flanders,Wingene,wingene
Belgium,BE,Flanders,flanders,Wommelgem,wommelgem
Belgium,BE,Flanders,flanders,Wuustwezel,wuustwezel
Belgium,BE,Flanders,flanders,Zandhoven,zandhoven
Belgium,BE,Flanders,flanders,Zaventem,zaventem
Belgium,BE,Flanders,flanders,Zedelgem,zedelgem
Belgium,BE,Flanders,flanders,Zeebrugge,zeebrugge
Belgium,BE,Flanders,flanders,Zele,zele
Belgium,BE,Flanders,flanders,Zelzate,zelzate
Belgium,BE,Flanders,flanders,Zemst,zemst
Belgium,BE,Flanders,flanders,Zingem,zingem
Belgium,BE,Flanders,flanders,Zoersel,zoersel
Belgium,BE,Flanders,flanders,Zomergem,zomergem
Belgium,BE,Flanders,flanders,Zonhoven,zonhoven
Belgium,BE,Flanders,flanders,Zonnebeke,zonnebeke
Belgium,BE,Flanders,flanders,Zottegem,zottegem
Belgium,BE,Flanders,flanders,Zoutleeuw,zoutleeuw
Belgium,BE,Flanders,flanders,Zuienkerke,zuienkerke
Belgium,BE,Flanders,flanders,Zulte,zulte
Belgium,BE,Flanders,flanders,Zutendaal,zutendaal
Belgium,BE,Flanders,flanders,Zwevegem,zwevegem
Belgium,BE,Flanders,flanders,Zwijndrecht,zwijndrecht
Belgium,BE,Flemish Brabant,flemish-brabant,Flemish Brabant,flemish-brabant
Belgium,BE,Hainaut,hainaut,Hainaut,hainaut
Belgium,BE,Liege,liege,Liege,liege
Belgium,BE,Limburg,limburg,Limburg,limburg
Belgium,BE,Luxembourg,luxembourg,Luxembourg,luxembourg
Belgium,BE,Namur,namur,Namur,namur
Belgium,BE,Wallonia,wallonia,Aiseau,aiseau
Belgium,BE,Wallonia,wallonia,Amay,amay
Belgium,BE,Wallonia,wallonia,Ambleve,ambleve
Belgium,BE,Wallonia,wallonia,Andenne,andenne
Belgium,BE,Wallonia,wallonia,Anderlues,anderlues
Belgium,BE,Wallonia,wallonia,Anhee,anhee
Belgium,BE,Wallonia,wallonia,Ans,ans
Belgium,BE,Wallonia,wallonia,Anthisnes,anthisnes
Belgium,BE,Wallonia,wallonia,Antoing,antoing
Belgium,BE,Wallonia,wallonia,Arlon,arlon
Belgium,BE,Wallonia,wallonia,Assesse,assesse
Belgium,BE,Wallonia,wallonia,Ath,ath
Belgium,BE,Wallonia,wallonia,Attert,attert
Belgium,BE,Wallonia,wallonia,Aubange,aubange
Belgium,BE,Wallonia,wallonia,Aubel,aubel
Belgium,BE,Wallonia,wallonia,Awans,awans
Belgium,BE,Wallonia,wallonia,Aywaille,aywaille
Belgium,BE,Wallonia,wallonia,Baelen,baelen
Belgium,BE,Wallonia,wallonia,Basse Lasne,basse-lasne
Belgium,BE,Wallonia,wallonia,Bassenge,bassenge
Belgium,BE,Wallonia,wallonia,Bastogne,bastogne
Belgium,BE,Wallonia,wallonia,Beaumont,beaumont
Belgium,BE,Wallonia,wallonia,Beauraing,beauraing
Belgium,BE,Wallonia,wallonia,Beauvechain,beauvechain
Belgium,BE,Wallonia,wallonia,Beloeil,beloeil
Belgium,BE,Wallonia,wallonia,Berloz,berloz
Belgium,BE,Wallonia,wallonia,Bernissart,bernissart
Belgium,BE,Wallonia,wallonia,Bertogne,bertogne
Belgium,BE,Wallonia,wallonia,Bertrix,bertrix
Belgium,BE,Wallonia,wallonia,Beyne-Heusay,beyne-heusay
Belgium,BE,Wallonia,wallonia,Bievre,bievre
Belgium,BE,Wallonia,wallonia,Binche,binche
Belgium,BE,Wallonia,wallonia,Blegny,blegny
Belgium,BE,Wallonia,wallonia,Bouillon,bouillon
Belgium,BE,Wallonia,wallonia,Boussu,boussu
Belgium,BE,Wallonia,wallonia,Braine-l'Alleud,braine-lalleud
Belgium,BE,Wallonia,wallonia,Braine-le-Chateau,braine-le-chateau
Belgium,BE,Wallonia,wallonia,Braine-le-Comte,braine-le-comte
Belgium,BE,Wallonia,wallonia,Braives,braives
Belgium,BE,Wallonia,wallonia,Brugelette,brugelette
Belgium,BE,Wallonia,wallonia,Brunehault,brunehault
Belgium,BE,Wallonia,wallonia,Bullange,bullange
Belgium,BE,Wallonia,wallonia,Burdinne,burdinne
Belgium,BE,Wallonia,wallonia,Butgenbach,butgenbach
Belgium,BE,Wallonia,wallonia,Celles,celles
Belgium,BE,Wallonia,wallonia,Cerfontaine,cerfontaine
Belgium,BE,Wallonia,wallonia,Chapelle-lez-Herlaimont,chapelle-lez-herlaimont
Belgium,BE,Wallonia,wallonia,Charleroi,charleroi
Belgium,BE,Wallonia,wallonia,Chastre-Villeroux-Blanmont,chastre-villeroux-blanmont
Belgium,BE,Wallonia,wallonia,Chatelet,chatelet
Belgium,BE,Wallonia,wallonia,Chaudfontaine,chaudfontaine
Belgium,BE,Wallonia,wallonia,Chaumont-Gistoux,chaumont-gistoux
Belgium,BE,Wallonia,wallonia,Chievres,chievres
Belgium,BE,Wallonia,wallonia,Chimay,chimay
Belgium,BE,Wallonia,wallonia,Chiny,chiny
Belgium,BE,Wallonia,wallonia,Ciney,ciney
Belgium,BE,Wallonia,wallonia,Clavier,clavier
Belgium,BE,Wallonia,wallonia,Colfontaine,colfontaine
Belgium,BE,Wallonia,wallonia,Comblain-au-Pont,comblain-au-pont
Belgium,BE,Wallonia,wallonia,Courcelles,courcelles
Belgium,BE,Wallonia,wallonia,Court-Saint-Etienne,court-saint-etienne
Belgium,BE,Wallonia,wallonia,Couvin,couvin
Belgium,BE,Wallonia,wallonia,Crisnee,crisnee
Belgium,BE,Wallonia,wallonia,Dalhem,dalhem
Belgium,BE,Wallonia,wallonia,Daverdisse,daverdisse
Belgium,BE,Wallonia,wallonia,Dinant,dinant
Belgium,BE,Wallonia,wallonia,Dison,dison
Belgium,BE,Wallonia,wallonia,Doische,doische
Belgium,BE,Wallonia,wallonia,Donceel,donceel
Belgium,BE,Wallonia,wallonia,Dour,dour
Belgium,BE,Wallonia,wallonia,Durbuy,durbuy
Belgium,BE,Wallonia,wallonia,Ecaussinnes-dEnghien,ecaussinnes-denghien
Belgium,BE,Wallonia,wallonia,Eghezee,eghezee
Belgium,BE,Wallonia,wallonia,Ellezelles,ellezelles
Belgium,BE,Wallonia,wallonia,Enghien,enghien
Belgium,BE,Wallonia,wallonia,Engis,engis
Belgium,BE,Wallonia,wallonia,Erezee,erezee
Belgium,BE,Wallonia,wallonia,Erquelinnes,erquelinnes
Belgium,BE,Wallonia,wallonia,Esneux,esneux
Belgium,BE,Wallonia,wallonia,Estaimpuis,estaimpuis
Belgium,BE,Wallonia,wallonia,Estinnes-au-Val,estinnes-au-val
Belgium,BE,Wallonia,wallonia,Etalle,etalle
Belgium,BE,Wallonia,wallonia,Eupen,eupen
Belgium,BE,Wallonia,wallonia,Faimes,faimes
Belgium,BE,Wallonia,wallonia,Farciennes,farciennes
Belgium,BE,Wallonia,wallonia,Fauvillers,fauvillers
Belgium,BE,Wallonia,wallonia,Ferrieres,ferrieres
Belgium,BE,Wallonia,wallonia,Fexhe-le-Haut-Clocher,fexhe-le-haut-clocher
Belgium,BE,Wallonia,wallonia,Flemalle-Haute,flemalle-haute
Belgium,BE,Wallonia,wallonia,Fleron,fleron
Belgium,BE,Wallonia,wallonia,Fleurus,fleurus
Belgium,BE,Wallonia,wallonia,Flobecq,flobecq
Belgium,BE,Wallonia,wallonia,Floreffe,floreffe
Belgium,BE,Wallonia,wallonia,Florennes,florennes
Belgium,BE,Wallonia,wallonia,Florenville,florenville
Belgium,BE,Wallonia,wallonia,Forville,forville
Belgium,BE,Wallonia,wallonia,Fosses-la-Ville,fosses-la-ville
Belgium,BE,Wallonia,wallonia,Frameries,frameries
Belgium,BE,Wallonia,wallonia,Frasnes-lez-Buissenal,frasnes-lez-buissenal
Belgium,BE,Wallonia,wallonia,Froidchapelle,froidchapelle
Belgium,BE,Wallonia,wallonia,Gedinne,gedinne
Belgium,BE,Wallonia,wallonia,Geer,geer
Belgium,BE,Wallonia,wallonia,Gembloux,gembloux
Belgium,BE,Wallonia,wallonia,Genappe,genappe
Belgium,BE,Wallonia,wallonia,Gerpinnes,gerpinnes
Belgium,BE,Wallonia,wallonia,Gesves,gesves
Belgium,BE,Wallonia,wallonia,Gouvy,gouvy
Belgium,BE,Wallonia,wallonia,Grez-Doiceau,grez-doiceau
Belgium,BE,Wallonia,wallonia,Habay-la-Vieille,habay-la-vieille
Belgium,BE,Wallonia,wallonia,Hamoir,hamoir
Belgium,BE,Wallonia,wallonia,Hamois,hamois
Belgium,BE,Wallonia,wallonia,Hannut,hannut
Belgium,BE,Wallonia,wallonia,Hastiere-Lavaux,hastiere-lavaux
Belgium,BE,Wallonia,wallonia,Havelange,havelange
Belgium,BE,Wallonia,wallonia,Hensies,hensies
Belgium,BE,Wallonia,wallonia,Herbeumont,herbeumont
Belgium,BE,Wallonia,wallonia,Heron,heron
Belgium,BE,Wallonia,wallonia,Herstal,herstal
Belgium,BE,Wallonia,wallonia,Herve,herve
Belgium,BE,Wallonia,wallonia,Hotton,hotton
Belgium,BE,Wallonia,wallonia,Houffalize,houffalize
Belgium,BE,Wallonia,wallonia,Houyet,houyet
Belgium,BE,Wallonia,wallonia,Huy,huy
Belgium,BE,Wallonia,wallonia,Incourt,incourt
Belgium,BE,Wallonia,wallonia,Ittre,ittre
Belgium,BE,Wallonia,wallonia,Jalhay,jalhay
Belgium,BE,Wallonia,wallonia,Jodoigne,jodoigne
Belgium,BE,Wallonia,wallonia,Juprelle,juprelle
Belgium,BE,Wallonia,wallonia,Jurbise,jurbise
Belgium,BE,Wallonia,wallonia,La Bruyere,la-bruyere
Belgium,BE,Wallonia,wallonia,La Calamine,la-calamine
Belgium,BE,Wallonia,wallonia,La Hulpe,la-hulpe
Belgium,BE,Wallonia,wallonia,La Louviere,la-louviere
Belgium,BE,Wallonia,wallonia,La Roche-en-Ardenne,la-roche-en-ardenne
Belgium,BE,Wallonia,wallonia,Leglise,leglise
Belgium,BE,Wallonia,wallonia,Lens,lens
Belgium,BE,Wallonia,wallonia,Lessines,lessines
Belgium,BE,Wallonia,wallonia,Libin,libin
Belgium,BE,Wallonia,wallonia,Liege,liege
Belgium,BE,Wallonia,wallonia,Lierneux,lierneux
Belgium,BE,Wallonia,wallonia,Limbourg,limbourg
Belgium,BE,Wallonia,wallonia,Lincent,lincent
Belgium,BE,Wallonia,wallonia,Lobbes,lobbes
Belgium,BE,Wallonia,wallonia,Lontzen,lontzen
Belgium,BE,Wallonia,wallonia,Louvain-la-Neuve,louvain-la-neuve
Belgium,BE,Wallonia,wallonia,Malmedy,malmedy
Belgium,BE,Wallonia,wallonia,Manage,manage
Belgium,BE,Wallonia,wallonia,Manhay,manhay
Belgium,BE,Wallonia,wallonia,Marche-en-Famenne,marche-en-famenne
Belgium,BE,Wallonia,wallonia,Marchin,marchin
Belgium,BE,Wallonia,wallonia,Martelange,martelange
Belgium,BE,Wallonia,wallonia,Meix-devant-Virton,meix-devant-virton
Belgium,BE,Wallonia,wallonia,Merbes-le-Chateau,merbes-le-chateau
Belgium,BE,Wallonia,wallonia,Messancy,messancy
Belgium,BE,Wallonia,wallonia,Mettet,mettet
Belgium,BE,Wallonia,wallonia,Modave,modave
Belgium,BE,Wallonia,wallonia,Momignies,momignies
Belgium,BE,Wallonia,wallonia,Mons,mons
Belgium,BE,Wallonia,wallonia,Mons-lez-Liege,mons-lez-liege
Belgium,BE,Wallonia,wallonia,Mont-Saint-Guibert,mont-saint-guibert
Belgium,BE,Wallonia,wallonia,Morlanwelz-Mariemont,morlanwelz-mariemont
Belgium,BE,Wallonia,wallonia,Mouscron,mouscron
Belgium,BE,Wallonia,wallonia,Musson,musson
Belgium,BE,Wallonia,wallonia,Namur,namur
Belgium,BE,Wallonia,wallonia,Nandrin,nandrin
Belgium,BE,Wallonia,wallonia,Nassogne,nassogne
Belgium,BE,Wallonia,wallonia,Neufchateau,neufchateau
Belgium,BE,Wallonia,wallonia,Nivelles,nivelles
Belgium,BE,Wallonia,wallonia,Noville-les-Bois,noville-les-bois
Belgium,BE,Wallonia,wallonia,Ohey,ohey
Belgium,BE,Wallonia,wallonia,Olne,olne
Belgium,BE,Wallonia,wallonia,Onhaye,onhaye
Belgium,BE,Wallonia,wallonia,Oreye,oreye
Belgium,BE,Wallonia,wallonia,Ottignies,ottignies
Belgium,BE,Wallonia,wallonia,Ouffet,ouffet
Belgium,BE,Wallonia,wallonia,Oupeye,oupeye
Belgium,BE,Wallonia,wallonia,Paliseul,paliseul
Belgium,BE,Wallonia,wallonia,Pecq,pecq
Belgium,BE,Wallonia,wallonia,Pepinster,pepinster
Belgium,BE,Wallonia,wallonia,Peruwelz,peruwelz
Belgium,BE,Wallonia,wallonia,Perwez,perwez
Belgium,BE,Wallonia,wallonia,Philippeville,philippeville
Belgium,BE,Wallonia,wallonia,Plombieres,plombieres
Belgium,BE,Wallonia,wallonia,Pont-a-Celles,pont-a-celles
Belgium,BE,Wallonia,wallonia,Profondeville,profondeville
Belgium,BE,Wallonia,wallonia,Province de Liege,province-de-liege
Belgium,BE,Wallonia,wallonia,Province de Namur,province-de-namur
Belgium,BE,Wallonia,wallonia,Province du Brabant Wallon,province-du-brabant-wallon
Belgium,BE,Wallonia,wallonia,Province du Hainaut,province-du-hainaut
Belgium,BE,Wallonia,wallonia,Province du Luxembourg,province-du-luxembourg
Belgium,BE,Wallonia,wallonia,Quaregnon,quaregnon
Belgium,BE,Wallonia,wallonia,Quevy-le-Petit,quevy-le-petit
Belgium,BE,Wallonia,wallonia,Quievrain,quievrain
Belgium,BE,Wallonia,wallonia,Raeren,raeren
Belgium,BE,Wallonia,wallonia,Ramillies,ramillies
Belgium,BE,Wallonia,wallonia,Rebecq-Rognon,rebecq-rognon
Belgium,BE,Wallonia,wallonia,Remicourt,remicourt
Belgium,BE,Wallonia,wallonia,Rendeux,rendeux
Belgium,BE,Wallonia,wallonia,Rixensart,rixensart
Belgium,BE,Wallonia,wallonia,Rochefort,rochefort
Belgium,BE,Wallonia,wallonia,Roeulx,roeulx
Belgium,BE,Wallonia,wallonia,Rouvroy,rouvroy
Belgium,BE,Wallonia,wallonia,Rumes,rumes
Belgium,BE,Wallonia,wallonia,Saint-Ghislain,saint-ghislain
Belgium,BE,Wallonia,wallonia,Saint-Hubert,saint-hubert
Belgium,BE,Wallonia,wallonia,Saint-Leger,saint-leger
Belgium,BE,Wallonia,wallonia,Saint-Nicolas,saint-nicolas
Belgium,BE,Wallonia,wallonia,Saint-Vith,saint-vith
Belgium,BE,Wallonia,wallonia,Sainte-Ode,sainte-ode
Belgium,BE,Wallonia,wallonia,Seneffe,seneffe
Belgium,BE,Wallonia,wallonia,Seraing,seraing
Belgium,BE,Wallonia,wallonia,Silly,silly
Belgium,BE,Wallonia,wallonia,Soignies,soignies
Belgium,BE,Wallonia,wallonia,Sombreffe,sombreffe
Belgium,BE,Wallonia,wallonia,Somme-Leuze,somme-leuze
Belgium,BE,Wallonia,wallonia,Soumagne,soumagne
Belgium,BE,Wallonia,wallonia,Spa,spa
Belgium,BE,Wallonia,wallonia,Sprimont,sprimont
Belgium,BE,Wallonia,wallonia,Stavelot,stavelot
Belgium,BE,Wallonia,wallonia,Stoumont,stoumont
Belgium,BE,Wallonia,wallonia,Tellin,tellin
Belgium,BE,Wallonia,wallonia,Tenneville,tenneville
Belgium,BE,Wallonia,wallonia,Theux,theux
Belgium,BE,Wallonia,wallonia,Thuin,thuin
Belgium,BE,Wallonia,wallonia,Tinlot,tinlot
Belgium,BE,Wallonia,wallonia,Tintigny,tintigny
Belgium,BE,Wallonia,wallonia,Tournai,tournai
Belgium,BE,Wallonia,wallonia,Trois-Ponts,trois-ponts
Belgium,BE,Wallonia,wallonia,Trooz,trooz
Belgium,BE,Wallonia,wallonia,Tubize,tubize
Belgium,BE,Wallonia,wallonia,Vaux-sur-Sure,vaux-sur-sure
Belgium,BE,Wallonia,wallonia,Verlaine,verlaine
Belgium,BE,Wallonia,wallonia,Verviers,verviers
Belgium,BE,Wallonia,wallonia,Vielsalm,vielsalm
Belgium,BE,Wallonia,wallonia,Villers-la-Ville,villers-la-ville
Belgium,BE,Wallonia,wallonia,Villers-le-Bouillet,villers-le-bouillet
Belgium,BE,Wallonia,wallonia,Virton,virton
Belgium,BE,Wallonia,wallonia,Vise,vise
Belgium,BE,Wallonia,wallonia,Waimes,waimes
Belgium,BE,Wallonia,wallonia,Walcourt,walcourt
Belgium,BE,Wallonia,wallonia,Walhain-Saint-Paul,walhain-saint-paul
Belgium,BE,Wallonia,wallonia,Wanze,wanze
Belgium,BE,Wallonia,wallonia,Waremme,waremme
Belgium,BE,Wallonia,wallonia,Wasseiges,wasseiges
Belgium,BE,Wallonia,wallonia,Waterloo,waterloo
Belgium,BE,Wallonia,wallonia,Wavre,wavre
Belgium,BE,Wallonia,wallonia,Welkenraedt,welkenraedt
Belgium,BE,Wallonia,wallonia,Wellin,wellin
Belgium,BE,Wallonia,wallonia,Yvoir,yvoir
Belgium,BE,Walloon Brabant,walloon-brabant,Walloon Brabant,walloon-brabant
Belgium,BE,West Flanders,west-flanders,West Flanders,west-flanders
