s_country_name,s_country_slug,s_country_code_iso2,s_region_name,s_region_slug,s_city_name,s_city_slug
Bahamas,bahamas-the,BS,Acklins,acklins,Acklins,acklins
Bahamas,bahamas-the,BS,Acklins and Crooked Islands,acklins-and-crooked-islands,Acklins and Crooked Islands,acklins-and-crooked-islands
Bahamas,bahamas-the,BS,Berry Islands,berry-islands,Berry Islands,berry-islands
Bahamas,bahamas-the,BS,Bimini,bimini,Alice Town,alice-town
Bahamas,bahamas-the,BS,Black Point,black-point,Black Point,black-point
Bahamas,bahamas-the,BS,Cat Island,cat-island,Arthurs Town,arthurs-town
Bahamas,bahamas-the,BS,Central Abaco,central-abaco,Marsh Harbour,marsh-harbour
Bahamas,bahamas-the,BS,Central Andros,central-andros,Central Andros,central-andros
Bahamas,bahamas-the,BS,Central Eleuthera,central-eleuthera,Central Eleuthera,central-eleuthera
Bahamas,bahamas-the,BS,Crooked Island,crooked-island,Colonel Hill,colonel-hill
Bahamas,bahamas-the,BS,East Grand Bahama,east-grand-bahama,High Rock,high-rock
Bahamas,bahamas-the,BS,Exuma,exuma,George Town,george-town
Bahamas,bahamas-the,BS,Freeport,freeport,Freeport,freeport
Bahamas,bahamas-the,BS,Freeport,freeport,Lucaya,lucaya
Bahamas,bahamas-the,BS,Fresh Creek,fresh-creek,Fresh Creek,fresh-creek
Bahamas,bahamas-the,BS,Governor's Harbour,governors-harbour,Governor's Harbour,governors-harbour
Bahamas,bahamas-the,BS,Grand Cay,grand-cay,Grand Cay,grand-cay
Bahamas,bahamas-the,BS,Green Turtle Cay,green-turtle-cay,Green Turtle Cay,green-turtle-cay
Bahamas,bahamas-the,BS,Harbour Island,harbour-island,Dunmore Town,dunmore-town
Bahamas,bahamas-the,BS,High Rock,high-rock,High Rock,high-rock
Bahamas,bahamas-the,BS,Hope Town,hope-town,Hope Town,hope-town
Bahamas,bahamas-the,BS,Inagua,inagua,Matthew Town,matthew-town
Bahamas,bahamas-the,BS,Kemps Bay,kemps-bay,Kemps Bay,kemps-bay
Bahamas,bahamas-the,BS,Long Island,long-island,Clarence Town,clarence-town
Bahamas,bahamas-the,BS,Mangrove Cay,mangrove-cay,Mangrove Cay,mangrove-cay
Bahamas,bahamas-the,BS,Marsh Harbour,marsh-harbour,Marsh Harbour,marsh-harbour
Bahamas,bahamas-the,BS,Mayaguana District,mayaguana-district,Abrahams Bay,abrahams-bay
Bahamas,bahamas-the,BS,Nichollstown and Berry Islands,nichollstown-and-berry-islands,Nichollstown and Berry Islands,nichollstown-and-berry-islands
Bahamas,bahamas-the,BS,North Abaco,north-abaco,Coopers Town,coopers-town
Bahamas,bahamas-the,BS,North Andros,north-andros,Andros Town,andros-town
Bahamas,bahamas-the,BS,North Andros,north-andros,San Andros,san-andros
Bahamas,bahamas-the,BS,North Eleuthera,north-eleuthera,North Eleuthera,north-eleuthera
Bahamas,bahamas-the,BS,Ragged Island,ragged-island,Duncan Town,duncan-town
Bahamas,bahamas-the,BS,Rock Sound,rock-sound,Rock Sound,rock-sound
Bahamas,bahamas-the,BS,Rum Cay District,rum-cay-district,Port Nelson,port-nelson
Bahamas,bahamas-the,BS,San Salvador and Rum Cay,san-salvador-and-rum-cay,San Salvador and Rum Cay,san-salvador-and-rum-cay
Bahamas,bahamas-the,BS,San Salvador Island,san-salvador-island,Cockburn Town,cockburn-town
Bahamas,bahamas-the,BS,Sandy Point,sandy-point,Sandy Point,sandy-point
Bahamas,bahamas-the,BS,South Abaco,south-abaco,South Abaco,south-abaco
Bahamas,bahamas-the,BS,South Andros,south-andros,South Andros,south-andros
Bahamas,bahamas-the,BS,South Eleuthera,south-eleuthera,South Eleuthera,south-eleuthera
Bahamas,bahamas-the,BS,Spanish Wells,spanish-wells,Spanish Wells,spanish-wells
Bahamas,bahamas-the,BS,West Grand Bahama,west-grand-bahama,West End,west-end
