s_country_name,s_country_code_iso2,s_region_name,s_region_slug,s_city_name,s_city_slug
Haiti,HT,Artibonite,artibonite,Anse Rouge,anse-rouge
Haiti,HT,Artibonite,artibonite,Arrondissement de Saint-Marc,arrondissement-de-saint-marc
Haiti,HT,Artibonite,artibonite,Desarmes,desarmes
Haiti,HT,Artibonite,artibonite,Dessalines,dessalines
Haiti,HT,Artibonite,artibonite,Ennery,ennery
Haiti,HT,Artibonite,artibonite,Gonaives,gonaives
Haiti,HT,Artibonite,artibonite,Grande Saline,grande-saline
Haiti,HT,Artibonite,artibonite,Gros Morne,gros-morne
Haiti,HT,Artibonite,artibonite,Marmelade,marmelade
Haiti,HT,Artibonite,artibonite,Saint-Marc,saint-marc
Haiti,HT,Artibonite,artibonite,Verrettes,verrettes
Haiti,HT,Centre,centre,Arrondissement de Cerca La Source,arrondissement-de-cerca-la-source
Haiti,HT,Centre,centre,Cerca la Source,cerca-la-source
Haiti,HT,Centre,centre,Hinche,hinche
Haiti,HT,Centre,centre,Lascahobas,lascahobas
Haiti,HT,Centre,centre,Mayisad,mayisad
Haiti,HT,Centre,centre,Mirebalais,mirebalais
Haiti,HT,Centre,centre,Thomassique,thomassique
Haiti,HT,Centre,centre,Thomonde,thomonde
Haiti,HT,Grand'Anse,grandanse,Anse-a-Veau,anse-a-veau
Haiti,HT,Grand'Anse,grandanse,Chambellan,chambellan
Haiti,HT,Grand'Anse,grandanse,Corail,corail
Haiti,HT,Grand'Anse,grandanse,Dame-Marie,dame-marie
Haiti,HT,Grand'Anse,grandanse,Jeremi,jeremi
Haiti,HT,Grand'Anse,grandanse,Jeremie,jeremie
Haiti,HT,Grand'Anse,grandanse,Les Abricots,les-abricots
Haiti,HT,Grand'Anse,grandanse,Les Irois,les-irois
Haiti,HT,Grand'Anse,grandanse,Moron,moron
Haiti,HT,Grand'Anse,grandanse,Petite Riviere de Nippes,petite-riviere-de-nippes
Haiti,HT,Nippes,nippes,Ansavo,ansavo
Haiti,HT,Nippes,nippes,Baraderes,baraderes
Haiti,HT,Nippes,nippes,Miragoane,miragoane
Haiti,HT,Nippes,nippes,Petit Trou de Nippes,petit-trou-de-nippes
Haiti,HT,Nord,nord,Acul du Nord,acul-du-nord
Haiti,HT,Nord,nord,Arrondissement de la Grande Riviere du Nord,arrondissement-de-la-grande-riviere-du-nord
Haiti,HT,Nord,nord,Arrondissement de Plaisance,arrondissement-de-plaisance
Haiti,HT,Nord,nord,Arrondissement du Borgne,arrondissement-du-borgne
Haiti,HT,Nord,nord,Bahon,bahon
Haiti,HT,Nord,nord,Borgne,borgne
Haiti,HT,Nord,nord,Dondon,dondon
Haiti,HT,Nord,nord,Grande Riviere du Nord,grande-riviere-du-nord
Haiti,HT,Nord,nord,Lenbe,lenbe
Haiti,HT,Nord,nord,Limonade,limonade
Haiti,HT,Nord,nord,Milot,milot
Haiti,HT,Nord,nord,Okap,okap
Haiti,HT,Nord,nord,Pignon,pignon
Haiti,HT,Nord,nord,Pilate,pilate
Haiti,HT,Nord,nord,Plaine du Nord,plaine-du-nord
Haiti,HT,Nord,nord,Plaisance,plaisance
Haiti,HT,Nord,nord,Port-Margot,port-margot
Haiti,HT,Nord,nord,Quartier Morin,quartier-morin
Haiti,HT,Nord,nord,Ranquitte,ranquitte
Haiti,HT,Nord,nord,Saint-Raphael,saint-raphael
Haiti,HT,Nord-Est,nord-est,Arrondissement de Fort Liberte,arrondissement-de-fort-liberte
Haiti,HT,Nord-Est,nord-est,Arrondissement du Trou du Nord,arrondissement-du-trou-du-nord
Haiti,HT,Nord-Est,nord-est,Caracol,caracol
Haiti,HT,Nord-Est,nord-est,Carice,carice
Haiti,HT,Nord-Est,nord-est,Derac,derac
Haiti,HT,Nord-Est,nord-est,Ferrier,ferrier
Haiti,HT,Nord-Est,nord-est,Fort Liberte,fort-liberte
Haiti,HT,Nord-Est,nord-est,Montorganize,montorganize
Haiti,HT,Nord-Est,nord-est,Ouanaminthe,ouanaminthe
Haiti,HT,Nord-Est,nord-est,Perches,perches
Haiti,HT,Nord-Est,nord-est,Phaeton,phaeton
Haiti,HT,Nord-Est,nord-est,Trou du Nord,trou-du-nord
Haiti,HT,Nord-Est,nord-est,Wanament,wanament
Haiti,HT,Nord-Ouest,nord-ouest,Arcahaie,arcahaie
Haiti,HT,Nord-Ouest,nord-ouest,Arrondissement de Port-de-Paix,arrondissement-de-port-de-paix
Haiti,HT,Nord-Ouest,nord-ouest,Arrondissement de Saint-Louis du Nord,arrondissement-de-saint-louis-du-nord
Haiti,HT,Nord-Ouest,nord-ouest,Arrondissement du Mole Saint-Nicolas,arrondissement-du-mole-saint-nicolas
Haiti,HT,Nord-Ouest,nord-ouest,Baie de Henne,baie-de-henne
Haiti,HT,Nord-Ouest,nord-ouest,Bombardopolis,bombardopolis
Haiti,HT,Nord-Ouest,nord-ouest,Fond Bassin Bleu,fond-bassin-bleu
Haiti,HT,Nord-Ouest,nord-ouest,Jean-Rabel,jean-rabel
Haiti,HT,Nord-Ouest,nord-ouest,Mole Saint-Nicolas,mole-saint-nicolas
Haiti,HT,Nord-Ouest,nord-ouest,Petite Anse,petite-anse
Haiti,HT,Nord-Ouest,nord-ouest,Port-de-Paix,port-de-paix
Haiti,HT,Nord-Ouest,nord-ouest,Saint-Louis du Nord,saint-louis-du-nord
Haiti,HT,Nord-Ouest,nord-ouest,Ti Port-de-Paix,ti-port-de-paix
Haiti,HT,Ouest,ouest,Anse a Galets,anse-a-galets
Haiti,HT,Ouest,ouest,Arcahaie,arcahaie
Haiti,HT,Ouest,ouest,Arrondissement de Croix des Bouquets,arrondissement-de-croix-des-bouquets
Haiti,HT,Ouest,ouest,Arrondissement de Leogane,arrondissement-de-leogane
Haiti,HT,Ouest,ouest,Arrondissement de Port-au-Prince,arrondissement-de-port-au-prince
Haiti,HT,Ouest,ouest,Cabaret,cabaret
Haiti,HT,Ouest,ouest,Carrefour,carrefour
Haiti,HT,Ouest,ouest,Cornillon,cornillon
Haiti,HT,Ouest,ouest,Croix-des-Bouquets,croix-des-bouquets
Haiti,HT,Ouest,ouest,Delmas 73,delmas-73
Haiti,HT,Ouest,ouest,Fond Parisien,fond-parisien
Haiti,HT,Ouest,ouest,Fonds Verrettes,fonds-verrettes
Haiti,HT,Ouest,ouest,Grangwav,grangwav
Haiti,HT,Ouest,ouest,Gressier,gressier
Haiti,HT,Ouest,ouest,Kenscoff,kenscoff
Haiti,HT,Ouest,ouest,Lagonav,lagonav
Haiti,HT,Ouest,ouest,Leogane,leogane
Haiti,HT,Ouest,ouest,Petionville,petionville
Haiti,HT,Ouest,ouest,Port-au-Prince,port-au-prince
Haiti,HT,Ouest,ouest,Thomazeau,thomazeau
Haiti,HT,Ouest,ouest,Tigwav,tigwav
Haiti,HT,Sud,sud,Aquin,aquin
Haiti,HT,Sud,sud,Arrondissement de Port-Salut,arrondissement-de-port-salut
Haiti,HT,Sud,sud,Arrondissement des Cayes,arrondissement-des-cayes
Haiti,HT,Sud,sud,Cavaillon,cavaillon
Haiti,HT,Sud,sud,Chantal,chantal
Haiti,HT,Sud,sud,Chardonniere,chardonniere
Haiti,HT,Sud,sud,Fond des Blancs,fond-des-blancs
Haiti,HT,Sud,sud,Koto,koto
Haiti,HT,Sud,sud,Les Anglais,les-anglais
Haiti,HT,Sud,sud,Les Cayes,les-cayes
Haiti,HT,Sud,sud,Port-a-Piment,port-a-piment
Haiti,HT,Sud,sud,Roche-a-Bateau,roche-a-bateau
Haiti,HT,Sud,sud,Saint-Louis du Sud,saint-louis-du-sud
Haiti,HT,Sud,sud,Tiburon,tiburon
Haiti,HT,Sud,sud,Torbeck,torbeck
Haiti,HT,Sud-Est,sud-est,Anse-a-Pitre,anse-a-pitre
Haiti,HT,Sud-Est,sud-est,Arrondissement de Bainet,arrondissement-de-bainet
Haiti,HT,Sud-Est,sud-est,Arrondissement de Jacmel,arrondissement-de-jacmel
Haiti,HT,Sud-Est,sud-est,Belle-Anse,belle-anse
Haiti,HT,Sud-Est,sud-est,Cayes-Jacmel,cayes-jacmel
Haiti,HT,Sud-Est,sud-est,Jacmel,jacmel
Haiti,HT,Sud-Est,sud-est,Kotdefe,kotdefe
Haiti,HT,Sud-Est,sud-est,Marigot,marigot
Haiti,HT,Sud-Est,sud-est,Thiotte,thiotte
