s_country_name,s_country_code_iso2,s_region_name,s_region_slug,s_city_name,s_city_slug
Jamaica,JM,Clarendon Parish,clarendon-parish,Aenon Town,aenon-town
Jamaica,JM,Clarendon Parish,clarendon-parish,Alley,alley
Jamaica,JM,Clarendon Parish,clarendon-parish,Alston,alston
Jamaica,JM,Clarendon Parish,clarendon-parish,Ashley,ashley
Jamaica,JM,Clarendon Parish,clarendon-parish,Banks,banks
Jamaica,JM,Clarendon Parish,clarendon-parish,Beckford Kraal,beckford-kraal
Jamaica,JM,Clarendon Parish,clarendon-parish,Brandon Hill,brandon-hill
Jamaica,JM,Clarendon Parish,clarendon-parish,Brixton Hill,brixton-hill
Jamaica,JM,Clarendon Parish,clarendon-parish,Bucknor,bucknor
Jamaica,JM,Clarendon Parish,clarendon-parish,Bucks Common,bucks-common
Jamaica,JM,Clarendon Parish,clarendon-parish,Bushy Park,bushy-park
Jamaica,JM,Clarendon Parish,clarendon-parish,Chapelton,chapelton
Jamaica,JM,Clarendon Parish,clarendon-parish,Chateau,chateau
Jamaica,JM,Clarendon Parish,clarendon-parish,Cockpit,cockpit
Jamaica,JM,Clarendon Parish,clarendon-parish,Coffee Piece,coffee-piece
Jamaica,JM,Clarendon Parish,clarendon-parish,Colonels Ridge,colonels-ridge
Jamaica,JM,Clarendon Parish,clarendon-parish,Coxswain,coxswain
Jamaica,JM,Clarendon Parish,clarendon-parish,Crofts Hill,crofts-hill
Jamaica,JM,Clarendon Parish,clarendon-parish,Crooked River,crooked-river
Jamaica,JM,Clarendon Parish,clarendon-parish,Cumberland,cumberland
Jamaica,JM,Clarendon Parish,clarendon-parish,Curatoe Hill,curatoe-hill
Jamaica,JM,Clarendon Parish,clarendon-parish,Dawkins,dawkins
Jamaica,JM,Clarendon Parish,clarendon-parish,Effortville,effortville
Jamaica,JM,Clarendon Parish,clarendon-parish,Four Paths,four-paths
Jamaica,JM,Clarendon Parish,clarendon-parish,Frankfield,frankfield
Jamaica,JM,Clarendon Parish,clarendon-parish,Freetown,freetown
Jamaica,JM,Clarendon Parish,clarendon-parish,Gimme-me-bit,gimme-me-bit
Jamaica,JM,Clarendon Parish,clarendon-parish,Glenmuir,glenmuir
Jamaica,JM,Clarendon Parish,clarendon-parish,Grantham,grantham
Jamaica,JM,Clarendon Parish,clarendon-parish,Gravel Hill,gravel-hill
Jamaica,JM,Clarendon Parish,clarendon-parish,Hayes,hayes
Jamaica,JM,Clarendon Parish,clarendon-parish,Hazard,hazard
Jamaica,JM,Clarendon Parish,clarendon-parish,Inverness,inverness
Jamaica,JM,Clarendon Parish,clarendon-parish,James Hill,james-hill
Jamaica,JM,Clarendon Parish,clarendon-parish,Johns Hall,johns-hall
Jamaica,JM,Clarendon Parish,clarendon-parish,Kellits,kellits
Jamaica,JM,Clarendon Parish,clarendon-parish,Limit,limit
Jamaica,JM,Clarendon Parish,clarendon-parish,Lionel Town,lionel-town
Jamaica,JM,Clarendon Parish,clarendon-parish,Longville Park,longville-park
Jamaica,JM,Clarendon Parish,clarendon-parish,Longwood,longwood
Jamaica,JM,Clarendon Parish,clarendon-parish,May Pen,may-pen
Jamaica,JM,Clarendon Parish,clarendon-parish,May Pen Proper,may-pen-proper
Jamaica,JM,Clarendon Parish,clarendon-parish,Milk River,milk-river
Jamaica,JM,Clarendon Parish,clarendon-parish,Mineral Heights,mineral-heights
Jamaica,JM,Clarendon Parish,clarendon-parish,Mitchell Town,mitchell-town
Jamaica,JM,Clarendon Parish,clarendon-parish,Moores,moores
Jamaica,JM,Clarendon Parish,clarendon-parish,Morgans Forest,morgans-forest
Jamaica,JM,Clarendon Parish,clarendon-parish,Morgans Pass,morgans-pass
Jamaica,JM,Clarendon Parish,clarendon-parish,Mount Airy,mount-airy
Jamaica,JM,Clarendon Parish,clarendon-parish,New Denbigh,new-denbigh
Jamaica,JM,Clarendon Parish,clarendon-parish,New Longsville,new-longsville
Jamaica,JM,Clarendon Parish,clarendon-parish,Old Denbigh,old-denbigh
Jamaica,JM,Clarendon Parish,clarendon-parish,Orange Hill,orange-hill
Jamaica,JM,Clarendon Parish,clarendon-parish,Osbourne Store,osbourne-store
Jamaica,JM,Clarendon Parish,clarendon-parish,Paisley,paisley
Jamaica,JM,Clarendon Parish,clarendon-parish,Palmers Cross,palmers-cross
Jamaica,JM,Clarendon Parish,clarendon-parish,Part of Banana Ground,part-of-banana-ground
Jamaica,JM,Clarendon Parish,clarendon-parish,Part of Douglas Castle,part-of-douglas-castle
Jamaica,JM,Clarendon Parish,clarendon-parish,Part of Kellits,part-of-kellits
Jamaica,JM,Clarendon Parish,clarendon-parish,Peckham,peckham
Jamaica,JM,Clarendon Parish,clarendon-parish,Pennants,pennants
Jamaica,JM,Clarendon Parish,clarendon-parish,Pleasant Valley,pleasant-valley
Jamaica,JM,Clarendon Parish,clarendon-parish,Portland Cottage,portland-cottage
Jamaica,JM,Clarendon Parish,clarendon-parish,Porus,porus
Jamaica,JM,Clarendon Parish,clarendon-parish,Race Course,race-course
Jamaica,JM,Clarendon Parish,clarendon-parish,Richmond Park,richmond-park
Jamaica,JM,Clarendon Parish,clarendon-parish,Ritchies,ritchies
Jamaica,JM,Clarendon Parish,clarendon-parish,Rock,rock
Jamaica,JM,Clarendon Parish,clarendon-parish,Rock River,rock-river
Jamaica,JM,Clarendon Parish,clarendon-parish,Rocky Point,rocky-point
Jamaica,JM,Clarendon Parish,clarendon-parish,Salt River,salt-river
Jamaica,JM,Clarendon Parish,clarendon-parish,Sandy Bay,sandy-bay
Jamaica,JM,Clarendon Parish,clarendon-parish,Sanguinetti,sanguinetti
Jamaica,JM,Clarendon Parish,clarendon-parish,Sedgepond,sedgepond
Jamaica,JM,Clarendon Parish,clarendon-parish,Silent Hill,silent-hill
Jamaica,JM,Clarendon Parish,clarendon-parish,Smithville,smithville
Jamaica,JM,Clarendon Parish,clarendon-parish,Spaldings,spaldings
Jamaica,JM,Clarendon Parish,clarendon-parish,Summerfield,summerfield
Jamaica,JM,Clarendon Parish,clarendon-parish,Thompson Town,thompson-town
Jamaica,JM,Clarendon Parish,clarendon-parish,Tollgate,tollgate
Jamaica,JM,Clarendon Parish,clarendon-parish,Treadlight,treadlight
Jamaica,JM,Clarendon Parish,clarendon-parish,Trout Hall,trout-hall
Jamaica,JM,Clarendon Parish,clarendon-parish,Turners,turners
Jamaica,JM,Clarendon Parish,clarendon-parish,Water Lane,water-lane
Jamaica,JM,Clarendon Parish,clarendon-parish,Woodhall,woodhall
Jamaica,JM,Clarendon Parish,clarendon-parish,York Town,york-town
Jamaica,JM,Hanover Parish,hanover-parish,Askenish,askenish
Jamaica,JM,Hanover Parish,hanover-parish,Cacoon,cacoon
Jamaica,JM,Hanover Parish,hanover-parish,Cacoon Castle,cacoon-castle
Jamaica,JM,Hanover Parish,hanover-parish,Cascade,cascade
Jamaica,JM,Hanover Parish,hanover-parish,Cash Hill,cash-hill
Jamaica,JM,Hanover Parish,hanover-parish,Cauldwell,cauldwell
Jamaica,JM,Hanover Parish,hanover-parish,Chambers Pen,chambers-pen
Jamaica,JM,Hanover Parish,hanover-parish,Chester Castle,chester-castle
Jamaica,JM,Hanover Parish,hanover-parish,Copse,copse
Jamaica,JM,Hanover Parish,hanover-parish,Cousins Cove,cousins-cove
Jamaica,JM,Hanover Parish,hanover-parish,Dias,dias
Jamaica,JM,Hanover Parish,hanover-parish,Great Valley,great-valley
Jamaica,JM,Hanover Parish,hanover-parish,Green Island,green-island
Jamaica,JM,Hanover Parish,hanover-parish,Haddington,haddington
Jamaica,JM,Hanover Parish,hanover-parish,Hopewell,hopewell
Jamaica,JM,Hanover Parish,hanover-parish,Jericho,jericho
Jamaica,JM,Hanover Parish,hanover-parish,Kendal,kendal
Jamaica,JM,Hanover Parish,hanover-parish,Kingsvale,kingsvale
Jamaica,JM,Hanover Parish,hanover-parish,Lances Bay,lances-bay
Jamaica,JM,Hanover Parish,hanover-parish,Logwood,logwood
Jamaica,JM,Hanover Parish,hanover-parish,Lucea,lucea
Jamaica,JM,Hanover Parish,hanover-parish,Lucea East,lucea-east
Jamaica,JM,Hanover Parish,hanover-parish,Lucea West,lucea-west
Jamaica,JM,Hanover Parish,hanover-parish,March Town,march-town
Jamaica,JM,Hanover Parish,hanover-parish,Maryland,maryland
Jamaica,JM,Hanover Parish,hanover-parish,Mount Peto,mount-peto
Jamaica,JM,Hanover Parish,hanover-parish,Orange Bay,orange-bay
Jamaica,JM,Hanover Parish,hanover-parish,Pell River,pell-river
Jamaica,JM,Hanover Parish,hanover-parish,Pondside,pondside
Jamaica,JM,Hanover Parish,hanover-parish,Ramble,ramble
Jamaica,JM,Hanover Parish,hanover-parish,Rock Spring,rock-spring
Jamaica,JM,Hanover Parish,hanover-parish,Sandy Bay,sandy-bay
Jamaica,JM,Hanover Parish,hanover-parish,Santoy,santoy
Jamaica,JM,Hanover Parish,hanover-parish,Success,success
Jamaica,JM,Hanover Parish,hanover-parish,Woodlands,woodlands
Jamaica,JM,Hanover Parish,hanover-parish,Woodsville,woodsville
Jamaica,JM,Kingston Parish,kingston-parish,Allman Town,allman-town
Jamaica,JM,Kingston Parish,kingston-parish,Bournemouth Gardens,bournemouth-gardens
Jamaica,JM,Kingston Parish,kingston-parish,Campbell Town,campbell-town
Jamaica,JM,Kingston Parish,kingston-parish,Central Down Town,central-down-town
Jamaica,JM,Kingston Parish,kingston-parish,D'Aguilar Town/ Rennock Lodge,daguilar-town-rennock-lodge
Jamaica,JM,Kingston Parish,kingston-parish,Denham Town,denham-town
Jamaica,JM,Kingston Parish,kingston-parish,East Down Town,east-down-town
Jamaica,JM,Kingston Parish,kingston-parish,Fletchers Land,fletchers-land
Jamaica,JM,Kingston Parish,kingston-parish,Franklyn Town,franklyn-town
Jamaica,JM,Kingston Parish,kingston-parish,Hannah Town/ Craig Town,hannah-town-craig-town
Jamaica,JM,Kingston Parish,kingston-parish,Johnson Town,johnson-town
Jamaica,JM,Kingston Parish,kingston-parish,Kingston,kingston
Jamaica,JM,Kingston Parish,kingston-parish,Kingston Gardens,kingston-gardens
Jamaica,JM,Kingston Parish,kingston-parish,Manley Meadows,manley-meadows
Jamaica,JM,Kingston Parish,kingston-parish,Newport East,newport-east
Jamaica,JM,Kingston Parish,kingston-parish,Newton Square,newton-square
Jamaica,JM,Kingston Parish,kingston-parish,Norman Gardens,norman-gardens
Jamaica,JM,Kingston Parish,kingston-parish,Passmore Town,passmore-town
Jamaica,JM,Kingston Parish,kingston-parish,Port Royal,port-royal
Jamaica,JM,Kingston Parish,kingston-parish,Rae Town,rae-town
Jamaica,JM,Kingston Parish,kingston-parish,Rollington Town,rollington-town
Jamaica,JM,Kingston Parish,kingston-parish,Southside,southside
Jamaica,JM,Kingston Parish,kingston-parish,Springfield,springfield
Jamaica,JM,Kingston Parish,kingston-parish,Tivoli Gardens,tivoli-gardens
Jamaica,JM,Kingston Parish,kingston-parish,West Down Town,west-down-town
Jamaica,JM,Manchester Parish,manchester-parish,Alligator Pond,alligator-pond
Jamaica,JM,Manchester Parish,manchester-parish,Asia/Pratville,asiapratville
Jamaica,JM,Manchester Parish,manchester-parish,Auchtembeddie,auchtembeddie
Jamaica,JM,Manchester Parish,manchester-parish,Bellefield,bellefield
Jamaica,JM,Manchester Parish,manchester-parish,Bethany,bethany
Jamaica,JM,Manchester Parish,manchester-parish,Blue Mountain,blue-mountain
Jamaica,JM,Manchester Parish,manchester-parish,Bombay,bombay
Jamaica,JM,Manchester Parish,manchester-parish,Butt-Up,butt-up
Jamaica,JM,Manchester Parish,manchester-parish,Cedar Grove,cedar-grove
Jamaica,JM,Manchester Parish,manchester-parish,Chantilly,chantilly
Jamaica,JM,Manchester Parish,manchester-parish,Christiana,christiana
Jamaica,JM,Manchester Parish,manchester-parish,Chudleigh,chudleigh
Jamaica,JM,Manchester Parish,manchester-parish,Cobbla,cobbla
Jamaica,JM,Manchester Parish,manchester-parish,Coleyville,coleyville
Jamaica,JM,Manchester Parish,manchester-parish,Comfort,comfort
Jamaica,JM,Manchester Parish,manchester-parish,Comfort Hall,comfort-hall
Jamaica,JM,Manchester Parish,manchester-parish,Content,content
Jamaica,JM,Manchester Parish,manchester-parish,Craig Head,craig-head
Jamaica,JM,Manchester Parish,manchester-parish,Cross Keys,cross-keys
Jamaica,JM,Manchester Parish,manchester-parish,Devon,devon
Jamaica,JM,Manchester Parish,manchester-parish,Downs,downs
Jamaica,JM,Manchester Parish,manchester-parish,Ellen Street,ellen-street
Jamaica,JM,Manchester Parish,manchester-parish,Evergreen,evergreen
Jamaica,JM,Manchester Parish,manchester-parish,Fairfield,fairfield
Jamaica,JM,Manchester Parish,manchester-parish,French Park,french-park
Jamaica,JM,Manchester Parish,manchester-parish,George's Valley,georges-valley
Jamaica,JM,Manchester Parish,manchester-parish,Good Intent,good-intent
Jamaica,JM,Manchester Parish,manchester-parish,Greenvale,greenvale
Jamaica,JM,Manchester Parish,manchester-parish,Grove Place,grove-place
Jamaica,JM,Manchester Parish,manchester-parish,Grove Town,grove-town
Jamaica,JM,Manchester Parish,manchester-parish,Harmons,harmons
Jamaica,JM,Manchester Parish,manchester-parish,Harry Watch,harry-watch
Jamaica,JM,Manchester Parish,manchester-parish,Hatfield,hatfield
Jamaica,JM,Manchester Parish,manchester-parish,Heartease,heartease
Jamaica,JM,Manchester Parish,manchester-parish,Hibernia,hibernia
Jamaica,JM,Manchester Parish,manchester-parish,Huntley,huntley
Jamaica,JM,Manchester Parish,manchester-parish,Kendal,kendal
Jamaica,JM,Manchester Parish,manchester-parish,Knockpatrick,knockpatrick
Jamaica,JM,Manchester Parish,manchester-parish,Lancaster,lancaster
Jamaica,JM,Manchester Parish,manchester-parish,Litchfield,litchfield
Jamaica,JM,Manchester Parish,manchester-parish,Maidstone,maidstone
Jamaica,JM,Manchester Parish,manchester-parish,Mandeville,mandeville
Jamaica,JM,Manchester Parish,manchester-parish,Mandeville Proper,mandeville-proper
Jamaica,JM,Manchester Parish,manchester-parish,Marlie Hill,marlie-hill
Jamaica,JM,Manchester Parish,manchester-parish,May Day,may-day
Jamaica,JM,Manchester Parish,manchester-parish,Medina,medina
Jamaica,JM,Manchester Parish,manchester-parish,Mike Town,mike-town
Jamaica,JM,Manchester Parish,manchester-parish,Mile Gully,mile-gully
Jamaica,JM,Manchester Parish,manchester-parish,New Forest,new-forest
Jamaica,JM,Manchester Parish,manchester-parish,New Green,new-green
Jamaica,JM,Manchester Parish,manchester-parish,Newport,newport
Jamaica,JM,Manchester Parish,manchester-parish,Old England,old-england
Jamaica,JM,Manchester Parish,manchester-parish,Part Of Banana Ground,part-of-banana-ground
Jamaica,JM,Manchester Parish,manchester-parish,Part Of Gutters,part-of-gutters
Jamaica,JM,Manchester Parish,manchester-parish,Part of Spaldings,part-of-spaldings
Jamaica,JM,Manchester Parish,manchester-parish,Pike,pike
Jamaica,JM,Manchester Parish,manchester-parish,Plowden,plowden
Jamaica,JM,Manchester Parish,manchester-parish,Porus,porus
Jamaica,JM,Manchester Parish,manchester-parish,Prospect,prospect
Jamaica,JM,Manchester Parish,manchester-parish,Richmond,richmond
Jamaica,JM,Manchester Parish,manchester-parish,Robins Hall,robins-hall
Jamaica,JM,Manchester Parish,manchester-parish,Rose Hill,rose-hill
Jamaica,JM,Manchester Parish,manchester-parish,Royal Flat,royal-flat
Jamaica,JM,Manchester Parish,manchester-parish,Scotts Pass,scotts-pass
Jamaica,JM,Manchester Parish,manchester-parish,Snowdon,snowdon
Jamaica,JM,Manchester Parish,manchester-parish,Somerset,somerset
Jamaica,JM,Manchester Parish,manchester-parish,Spring Ground,spring-ground
Jamaica,JM,Manchester Parish,manchester-parish,Spur Tree,spur-tree
Jamaica,JM,Manchester Parish,manchester-parish,St. Paul's,st-pauls
Jamaica,JM,Manchester Parish,manchester-parish,Swaby's Hope,swabys-hope
Jamaica,JM,Manchester Parish,manchester-parish,Top Hill,top-hill
Jamaica,JM,Manchester Parish,manchester-parish,Victoria Town,victoria-town
Jamaica,JM,Manchester Parish,manchester-parish,Walderston,walderston
Jamaica,JM,Manchester Parish,manchester-parish,Watham,watham
Jamaica,JM,Manchester Parish,manchester-parish,Williamsfield,williamsfield
Jamaica,JM,Portland Parish,portland-parish,Balcarres,balcarres
Jamaica,JM,Portland Parish,portland-parish,Bangor Ridge,bangor-ridge
Jamaica,JM,Portland Parish,portland-parish,Belvedere,belvedere
Jamaica,JM,Portland Parish,portland-parish,Black Hill,black-hill
Jamaica,JM,Portland Parish,portland-parish,Boundbrook,boundbrook
Jamaica,JM,Portland Parish,portland-parish,Breastworks,breastworks
Jamaica,JM,Portland Parish,portland-parish,Buff Bay,buff-bay
Jamaica,JM,Portland Parish,portland-parish,Bybrook,bybrook
Jamaica,JM,Portland Parish,portland-parish,Cascade,cascade
Jamaica,JM,Portland Parish,portland-parish,Castle Comfort,castle-comfort
Jamaica,JM,Portland Parish,portland-parish,Central Port Antonio,central-port-antonio
Jamaica,JM,Portland Parish,portland-parish,Charles Town,charles-town
Jamaica,JM,Portland Parish,portland-parish,Claverty Cottage,claverty-cottage
Jamaica,JM,Portland Parish,portland-parish,Comfort Castle,comfort-castle
Jamaica,JM,Portland Parish,portland-parish,Drapers,drapers
Jamaica,JM,Portland Parish,portland-parish,Durham,durham
Jamaica,JM,Portland Parish,portland-parish,Fairy Hill,fairy-hill
Jamaica,JM,Portland Parish,portland-parish,Fellowship,fellowship
Jamaica,JM,Portland Parish,portland-parish,Fruitfulvale,fruitfulvale
Jamaica,JM,Portland Parish,portland-parish,Hectors River,hectors-river
Jamaica,JM,Portland Parish,portland-parish,Hope Bay,hope-bay
Jamaica,JM,Portland Parish,portland-parish,Kensington,kensington
Jamaica,JM,Portland Parish,portland-parish,Long Bay,long-bay
Jamaica,JM,Portland Parish,portland-parish,Long Road,long-road
Jamaica,JM,Portland Parish,portland-parish,Manchioneal,manchioneal
Jamaica,JM,Portland Parish,portland-parish,Moore Town,moore-town
Jamaica,JM,Portland Parish,portland-parish,Mount Pleasant,mount-pleasant
Jamaica,JM,Portland Parish,portland-parish,Nonsuch,nonsuch
Jamaica,JM,Portland Parish,portland-parish,Norwich,norwich
Jamaica,JM,Portland Parish,portland-parish,Orange Bay,orange-bay
Jamaica,JM,Portland Parish,portland-parish,Port Antonio,port-antonio
Jamaica,JM,Portland Parish,portland-parish,Prospect,prospect
Jamaica,JM,Portland Parish,portland-parish,Rock Hall,rock-hall
Jamaica,JM,Portland Parish,portland-parish,Sherwood Forest,sherwood-forest
Jamaica,JM,Portland Parish,portland-parish,Shirley Castle,shirley-castle
Jamaica,JM,Portland Parish,portland-parish,Skibo,skibo
Jamaica,JM,Portland Parish,portland-parish,Snow Hill,snow-hill
Jamaica,JM,Portland Parish,portland-parish,Spring Hill,spring-hill
Jamaica,JM,Portland Parish,portland-parish,St. Margaret's Bay,st-margarets-bay
Jamaica,JM,Portland Parish,portland-parish,Swift River,swift-river
Jamaica,JM,Portland Parish,portland-parish,Tranquility,tranquility
Jamaica,JM,Portland Parish,portland-parish,Windsor,windsor
Jamaica,JM,Portland Parish,portland-parish,Windsor Castle,windsor-castle
Jamaica,JM,Portland Parish,portland-parish,Windsor Forest,windsor-forest
Jamaica,JM,Saint Andrew,saint-andrew,Arcadia,arcadia
Jamaica,JM,Saint Andrew,saint-andrew,Arlene Gardens,arlene-gardens
Jamaica,JM,Saint Andrew,saint-andrew,Arnett Gardens,arnett-gardens
Jamaica,JM,Saint Andrew,saint-andrew,August Town,august-town
Jamaica,JM,Saint Andrew,saint-andrew,Barbican,barbican
Jamaica,JM,Saint Andrew,saint-andrew,Beverley Hills,beverley-hills
Jamaica,JM,Saint Andrew,saint-andrew,Bito,bito
Jamaica,JM,Saint Andrew,saint-andrew,Bloxborough,bloxborough
Jamaica,JM,Saint Andrew,saint-andrew,Boucher Park,boucher-park
Jamaica,JM,Saint Andrew,saint-andrew,Brandon Hill,brandon-hill
Jamaica,JM,Saint Andrew,saint-andrew,Bull Bay/ Seven Mile,bull-bay-seven-mile
Jamaica,JM,Saint Andrew,saint-andrew,Cane River,cane-river
Jamaica,JM,Saint Andrew,saint-andrew,Cassia Park,cassia-park
Jamaica,JM,Saint Andrew,saint-andrew,Cavaliers,cavaliers
Jamaica,JM,Saint Andrew,saint-andrew,Cherry Gardens,cherry-gardens
Jamaica,JM,Saint Andrew,saint-andrew,Cockburn Gardens,cockburn-gardens
Jamaica,JM,Saint Andrew,saint-andrew,Constant Spring,constant-spring
Jamaica,JM,Saint Andrew,saint-andrew,Constant Spring Gardens,constant-spring-gardens
Jamaica,JM,Saint Andrew,saint-andrew,Constitution Hill,constitution-hill
Jamaica,JM,Saint Andrew,saint-andrew,Content Gap,content-gap
Jamaica,JM,Saint Andrew,saint-andrew,Cooreville Gardens,cooreville-gardens
Jamaica,JM,Saint Andrew,saint-andrew,Cross Roads,cross-roads
Jamaica,JM,Saint Andrew,saint-andrew,Dallas,dallas
Jamaica,JM,Saint Andrew,saint-andrew,Delacree Park/ Union Gardens,delacree-park-union-gardens
Jamaica,JM,Saint Andrew,saint-andrew,Delacree Pen,delacree-pen
Jamaica,JM,Saint Andrew,saint-andrew,Drewsland,drewsland
Jamaica,JM,Saint Andrew,saint-andrew,Drumblair,drumblair
Jamaica,JM,Saint Andrew,saint-andrew,Duhaney Park,duhaney-park
Jamaica,JM,Saint Andrew,saint-andrew,Eastwood Park Gardens,eastwood-park-gardens
Jamaica,JM,Saint Andrew,saint-andrew,Elleston Flats/ Mona Commons,elleston-flats-mona-commons
Jamaica,JM,Saint Andrew,saint-andrew,Ferry,ferry
Jamaica,JM,Saint Andrew,saint-andrew,Forest Hills Gardens,forest-hills-gardens
Jamaica,JM,Saint Andrew,saint-andrew,Forest Hills/ Plantation Height,forest-hills-plantation-height
Jamaica,JM,Saint Andrew,saint-andrew,Golden Spring,golden-spring
Jamaica,JM,Saint Andrew,saint-andrew,Gordon Town,gordon-town
Jamaica,JM,Saint Andrew,saint-andrew,Grants Pen,grants-pen
Jamaica,JM,Saint Andrew,saint-andrew,Greenwich Town/ Newport West,greenwich-town-newport-west
Jamaica,JM,Saint Andrew,saint-andrew,Half Way Tree,half-way-tree
Jamaica,JM,Saint Andrew,saint-andrew,Half-Way-Tree,half-way-tree
Jamaica,JM,Saint Andrew,saint-andrew,Harbour View,harbour-view
Jamaica,JM,Saint Andrew,saint-andrew,Havendale,havendale
Jamaica,JM,Saint Andrew,saint-andrew,Hermitage,hermitage
Jamaica,JM,Saint Andrew,saint-andrew,Hope Pastures/ UTECH,hope-pastures-utech
Jamaica,JM,Saint Andrew,saint-andrew,Hope Tavern,hope-tavern
Jamaica,JM,Saint Andrew,saint-andrew,Hughenden,hughenden
Jamaica,JM,Saint Andrew,saint-andrew,Irish Town,irish-town
Jamaica,JM,Saint Andrew,saint-andrew,Jacks Hill,jacks-hill
Jamaica,JM,Saint Andrew,saint-andrew,Jones Town,jones-town
Jamaica,JM,Saint Andrew,saint-andrew,Kencot,kencot
Jamaica,JM,Saint Andrew,saint-andrew,Kintyre,kintyre
Jamaica,JM,Saint Andrew,saint-andrew,Lawrence Tavern,lawrence-tavern
Jamaica,JM,Saint Andrew,saint-andrew,Liguanea,liguanea
Jamaica,JM,Saint Andrew,saint-andrew,Majestic Gardens,majestic-gardens
Jamaica,JM,Saint Andrew,saint-andrew,Mannings Hill,mannings-hill
Jamaica,JM,Saint Andrew,saint-andrew,Mannings Hill (Rural),mannings-hill-rural
Jamaica,JM,Saint Andrew,saint-andrew,Marverley,marverley
Jamaica,JM,Saint Andrew,saint-andrew,Maryland,maryland
Jamaica,JM,Saint Andrew,saint-andrew,Mavis Bank,mavis-bank
Jamaica,JM,Saint Andrew,saint-andrew,Maxfield Park,maxfield-park
Jamaica,JM,Saint Andrew,saint-andrew,Meadowbrook,meadowbrook
Jamaica,JM,Saint Andrew,saint-andrew,Meadowbrook Estate,meadowbrook-estate
Jamaica,JM,Saint Andrew,saint-andrew,Molynes Four Roads,molynes-four-roads
Jamaica,JM,Saint Andrew,saint-andrew,Molynes Gardens,molynes-gardens
Jamaica,JM,Saint Andrew,saint-andrew,Mona Heights,mona-heights
Jamaica,JM,Saint Andrew,saint-andrew,Mount James,mount-james
Jamaica,JM,Saint Andrew,saint-andrew,Mountain View Gardens,mountain-view-gardens
Jamaica,JM,Saint Andrew,saint-andrew,Nannyville,nannyville
Jamaica,JM,Saint Andrew,saint-andrew,New Haven,new-haven
Jamaica,JM,Saint Andrew,saint-andrew,New Kingston,new-kingston
Jamaica,JM,Saint Andrew,saint-andrew,Norbrook,norbrook
Jamaica,JM,Saint Andrew,saint-andrew,Oaklands,oaklands
Jamaica,JM,Saint Andrew,saint-andrew,Papine,papine
Jamaica,JM,Saint Andrew,saint-andrew,Parks Road,parks-road
Jamaica,JM,Saint Andrew,saint-andrew,Patrick City,patrick-city
Jamaica,JM,Saint Andrew,saint-andrew,Pembroke Hall,pembroke-hall
Jamaica,JM,Saint Andrew,saint-andrew,Penwood,penwood
Jamaica,JM,Saint Andrew,saint-andrew,Queensborough/ Tunbridge,queensborough-tunbridge
Jamaica,JM,Saint Andrew,saint-andrew,Red Hills (Rural),red-hills-rural
Jamaica,JM,Saint Andrew,saint-andrew,Red Hills Gardens,red-hills-gardens
Jamaica,JM,Saint Andrew,saint-andrew,Red Hills/ Sterling Castle,red-hills-sterling-castle
Jamaica,JM,Saint Andrew,saint-andrew,Richmond Park,richmond-park
Jamaica,JM,Saint Andrew,saint-andrew,Riverton City,riverton-city
Jamaica,JM,Saint Andrew,saint-andrew,Roehampton,roehampton
Jamaica,JM,Saint Andrew,saint-andrew,Rose Town,rose-town
Jamaica,JM,Saint Andrew,saint-andrew,Seaview Gardens,seaview-gardens
Jamaica,JM,Saint Andrew,saint-andrew,Seaward Pen,seaward-pen
Jamaica,JM,Saint Andrew,saint-andrew,Seymour Lands,seymour-lands
Jamaica,JM,Saint Andrew,saint-andrew,St. Peter's,st-peters
Jamaica,JM,Saint Andrew,saint-andrew,Stadium Gardens,stadium-gardens
Jamaica,JM,Saint Andrew,saint-andrew,Stony Hill,stony-hill
Jamaica,JM,Saint Andrew,saint-andrew,Swallowfield,swallowfield
Jamaica,JM,Saint Andrew,saint-andrew,Temple Hall,temple-hall
Jamaica,JM,Saint Andrew,saint-andrew,Three Oaks/ Glendale,three-oaks-glendale
Jamaica,JM,Saint Andrew,saint-andrew,Tower Hill,tower-hill
Jamaica,JM,Saint Andrew,saint-andrew,Trafalgar Park,trafalgar-park
Jamaica,JM,Saint Andrew,saint-andrew,Trench Town,trench-town
Jamaica,JM,Saint Andrew,saint-andrew,University,university
Jamaica,JM,Saint Andrew,saint-andrew,Vineyard Town,vineyard-town
Jamaica,JM,Saint Andrew,saint-andrew,Waltham Gardens,waltham-gardens
Jamaica,JM,Saint Andrew,saint-andrew,Washington Gardens,washington-gardens
Jamaica,JM,Saint Andrew,saint-andrew,Waterhouse,waterhouse
Jamaica,JM,Saint Andrew,saint-andrew,Whitehall,whitehall
Jamaica,JM,Saint Andrew,saint-andrew,Whitfield Town,whitfield-town
Jamaica,JM,Saint Andrew,saint-andrew,Wilton Gardens/ Rema,wilton-gardens-rema
Jamaica,JM,Saint Andrew,saint-andrew,Woodford,woodford
Jamaica,JM,Saint Andrew,saint-andrew,Woodford Park,woodford-park
Jamaica,JM,Saint Andrew,saint-andrew,Zaidie Gardens,zaidie-gardens
Jamaica,JM,Saint Ann Parish,saint-ann-parish,Aboukir,aboukir
Jamaica,JM,Saint Ann Parish,saint-ann-parish,Alderton,alderton
Jamaica,JM,Saint Ann Parish,saint-ann-parish,Alexandria,alexandria
Jamaica,JM,Saint Ann Parish,saint-ann-parish,Alva,alva
Jamaica,JM,Saint Ann Parish,saint-ann-parish,Bamboo,bamboo
Jamaica,JM,Saint Ann Parish,saint-ann-parish,Beecher Town,beecher-town
Jamaica,JM,Saint Ann Parish,saint-ann-parish,Bensonton,bensonton
Jamaica,JM,Saint Ann Parish,saint-ann-parish,Blackstonedge,blackstonedge
Jamaica,JM,Saint Ann Parish,saint-ann-parish,Bohemia,bohemia
Jamaica,JM,Saint Ann Parish,saint-ann-parish,Borobridge,borobridge
Jamaica,JM,Saint Ann Parish,saint-ann-parish,Browns Town,browns-town
Jamaica,JM,Saint Ann Parish,saint-ann-parish,Calderwood,calderwood
Jamaica,JM,Saint Ann Parish,saint-ann-parish,Cascade,cascade
Jamaica,JM,Saint Ann Parish,saint-ann-parish,Cave Valley,cave-valley
Jamaica,JM,Saint Ann Parish,saint-ann-parish,Chalky Hill,chalky-hill
Jamaica,JM,Saint Ann Parish,saint-ann-parish,Chester,chester
Jamaica,JM,Saint Ann Parish,saint-ann-parish,Claremont,claremont
Jamaica,JM,Saint Ann Parish,saint-ann-parish,Cole Gate,cole-gate
Jamaica,JM,Saint Ann Parish,saint-ann-parish,Content Garden,content-garden
Jamaica,JM,Saint Ann Parish,saint-ann-parish,Cuffie Ridge,cuffie-ridge
Jamaica,JM,Saint Ann Parish,saint-ann-parish,Discovery Bay,discovery-bay
Jamaica,JM,Saint Ann Parish,saint-ann-parish,Epworth,epworth
Jamaica,JM,Saint Ann Parish,saint-ann-parish,Exchange,exchange
Jamaica,JM,Saint Ann Parish,saint-ann-parish,Faith's Pen,faiths-pen
Jamaica,JM,Saint Ann Parish,saint-ann-parish,Gibraltar,gibraltar
Jamaica,JM,Saint Ann Parish,saint-ann-parish,Golden Grove,golden-grove
Jamaica,JM,Saint Ann Parish,saint-ann-parish,Great Pond,great-pond
Jamaica,JM,Saint Ann Parish,saint-ann-parish,Higgin Land,higgin-land
Jamaica,JM,Saint Ann Parish,saint-ann-parish,Hinds Town,hinds-town
Jamaica,JM,Saint Ann Parish,saint-ann-parish,Inverness,inverness
Jamaica,JM,Saint Ann Parish,saint-ann-parish,Lime Hall,lime-hall
Jamaica,JM,Saint Ann Parish,saint-ann-parish,Lime Tree Gardens,lime-tree-gardens
Jamaica,JM,Saint Ann Parish,saint-ann-parish,Linton Park,linton-park
Jamaica,JM,Saint Ann Parish,saint-ann-parish,Macknie,macknie
Jamaica,JM,Saint Ann Parish,saint-ann-parish,Madras,madras
Jamaica,JM,Saint Ann Parish,saint-ann-parish,Mansfield,mansfield
Jamaica,JM,Saint Ann Parish,saint-ann-parish,Moneague,moneague
Jamaica,JM,Saint Ann Parish,saint-ann-parish,Mount Moriah,mount-moriah
Jamaica,JM,Saint Ann Parish,saint-ann-parish,Mount Zion,mount-zion
Jamaica,JM,Saint Ann Parish,saint-ann-parish,Ocho Rios,ocho-rios
Jamaica,JM,Saint Ann Parish,saint-ann-parish,Parry Town,parry-town
Jamaica,JM,Saint Ann Parish,saint-ann-parish,Philadelphia,philadelphia
Jamaica,JM,Saint Ann Parish,saint-ann-parish,Pimento Walk,pimento-walk
Jamaica,JM,Saint Ann Parish,saint-ann-parish,Priory,priory
Jamaica,JM,Saint Ann Parish,saint-ann-parish,River Head,river-head
Jamaica,JM,Saint Ann Parish,saint-ann-parish,Runaway Bay,runaway-bay
Jamaica,JM,Saint Ann Parish,saint-ann-parish,Saint Anns Bay,saint-anns-bay
Jamaica,JM,Saint Ann Parish,saint-ann-parish,St. Ann's Bay,st-anns-bay
Jamaica,JM,Saint Ann Parish,saint-ann-parish,St. D'Acre,st-dacre
Jamaica,JM,Saint Ann Parish,saint-ann-parish,Steer Town,steer-town
Jamaica,JM,Saint Ann Parish,saint-ann-parish,Sturge Town,sturge-town
Jamaica,JM,Saint Ann Parish,saint-ann-parish,Walkers Wood,walkers-wood
Jamaica,JM,Saint Ann Parish,saint-ann-parish,Watt Town,watt-town
Jamaica,JM,Saint Ann Parish,saint-ann-parish,York Castle,york-castle
Jamaica,JM,Saint Catherine Parish,saint-catherine-parish,Above Rocks,above-rocks
Jamaica,JM,Saint Catherine Parish,saint-catherine-parish,Bartons,bartons
Jamaica,JM,Saint Catherine Parish,saint-catherine-parish,Bellas Gate,bellas-gate
Jamaica,JM,Saint Catherine Parish,saint-catherine-parish,Bog Walk,bog-walk
Jamaica,JM,Saint Catherine Parish,saint-catherine-parish,Bogwalk,bogwalk
Jamaica,JM,Saint Catherine Parish,saint-catherine-parish,Braeton,braeton
Jamaica,JM,Saint Catherine Parish,saint-catherine-parish,Bridgeport,bridgeport
Jamaica,JM,Saint Catherine Parish,saint-catherine-parish,Browns Hill,browns-hill
Jamaica,JM,Saint Catherine Parish,saint-catherine-parish,Caymanas,caymanas
Jamaica,JM,Saint Catherine Parish,saint-catherine-parish,Central Village,central-village
Jamaica,JM,Saint Catherine Parish,saint-catherine-parish,Crescent,crescent
Jamaica,JM,Saint Catherine Parish,saint-catherine-parish,Cromarty,cromarty
Jamaica,JM,Saint Catherine Parish,saint-catherine-parish,Cumberland,cumberland
Jamaica,JM,Saint Catherine Parish,saint-catherine-parish,Edgewater,edgewater
Jamaica,JM,Saint Catherine Parish,saint-catherine-parish,Ensom,ensom
Jamaica,JM,Saint Catherine Parish,saint-catherine-parish,Ewarton,ewarton
Jamaica,JM,Saint Catherine Parish,saint-catherine-parish,Ginger Ridge,ginger-ridge
Jamaica,JM,Saint Catherine Parish,saint-catherine-parish,Glengoffe,glengoffe
Jamaica,JM,Saint Catherine Parish,saint-catherine-parish,Golden Acres,golden-acres
Jamaica,JM,Saint Catherine Parish,saint-catherine-parish,Greater Portmore,greater-portmore
Jamaica,JM,Saint Catherine Parish,saint-catherine-parish,Greendale,greendale
Jamaica,JM,Saint Catherine Parish,saint-catherine-parish,Gregory Park,gregory-park
Jamaica,JM,Saint Catherine Parish,saint-catherine-parish,Hampton Green,hampton-green
Jamaica,JM,Saint Catherine Parish,saint-catherine-parish,Harewood,harewood
Jamaica,JM,Saint Catherine Parish,saint-catherine-parish,Harkers Hall,harkers-hall
Jamaica,JM,Saint Catherine Parish,saint-catherine-parish,Hellshire,hellshire
Jamaica,JM,Saint Catherine Parish,saint-catherine-parish,Independence City,independence-city
Jamaica,JM,Saint Catherine Parish,saint-catherine-parish,Keystone,keystone
Jamaica,JM,Saint Catherine Parish,saint-catherine-parish,Kitson Town,kitson-town
Jamaica,JM,Saint Catherine Parish,saint-catherine-parish,Linstead,linstead
Jamaica,JM,Saint Catherine Parish,saint-catherine-parish,Lluidas Vale,lluidas-vale
Jamaica,JM,Saint Catherine Parish,saint-catherine-parish,Naggo Head,naggo-head
Jamaica,JM,Saint Catherine Parish,saint-catherine-parish,Old Harbour,old-harbour
Jamaica,JM,Saint Catherine Parish,saint-catherine-parish,Old Harbour Bay,old-harbour-bay
Jamaica,JM,Saint Catherine Parish,saint-catherine-parish,Old Harbour Road,old-harbour-road
Jamaica,JM,Saint Catherine Parish,saint-catherine-parish,Part of Guys Hill,part-of-guys-hill
Jamaica,JM,Saint Catherine Parish,saint-catherine-parish,Part of Keystone,part-of-keystone
Jamaica,JM,Saint Catherine Parish,saint-catherine-parish,Part of Rock Hall,part-of-rock-hall
Jamaica,JM,Saint Catherine Parish,saint-catherine-parish,Passage Fort,passage-fort
Jamaica,JM,Saint Catherine Parish,saint-catherine-parish,Pear Tree Grove,pear-tree-grove
Jamaica,JM,Saint Catherine Parish,saint-catherine-parish,Point Hill,point-hill
Jamaica,JM,Saint Catherine Parish,saint-catherine-parish,Portmore,portmore
Jamaica,JM,Saint Catherine Parish,saint-catherine-parish,Redwood,redwood
Jamaica,JM,Saint Catherine Parish,saint-catherine-parish,Riversdale,riversdale
Jamaica,JM,Saint Catherine Parish,saint-catherine-parish,Sligoville,sligoville
Jamaica,JM,Saint Catherine Parish,saint-catherine-parish,Spanish Town,spanish-town
Jamaica,JM,Saint Catherine Parish,saint-catherine-parish,Spanish Town Central,spanish-town-central
Jamaica,JM,Saint Catherine Parish,saint-catherine-parish,St. John's East,st-johns-east
Jamaica,JM,Saint Catherine Parish,saint-catherine-parish,St. John's West,st-johns-west
Jamaica,JM,Saint Catherine Parish,saint-catherine-parish,Troja,troja
Jamaica,JM,Saint Catherine Parish,saint-catherine-parish,Waterford,waterford
Jamaica,JM,Saint Catherine Parish,saint-catherine-parish,Watermount,watermount
Jamaica,JM,Saint Catherine Parish,saint-catherine-parish,West Cumberland,west-cumberland
Jamaica,JM,Saint Catherine Parish,saint-catherine-parish,Willowdene,willowdene
Jamaica,JM,Saint Elizabeth Parish,saint-elizabeth-parish,Aberdeen,aberdeen
Jamaica,JM,Saint Elizabeth Parish,saint-elizabeth-parish,Accompong,accompong
Jamaica,JM,Saint Elizabeth Parish,saint-elizabeth-parish,Alligator Pond,alligator-pond
Jamaica,JM,Saint Elizabeth Parish,saint-elizabeth-parish,Balaclava,balaclava
Jamaica,JM,Saint Elizabeth Parish,saint-elizabeth-parish,Ballards  Valley,ballards-valley
Jamaica,JM,Saint Elizabeth Parish,saint-elizabeth-parish,Barbary Hall,barbary-hall
Jamaica,JM,Saint Elizabeth Parish,saint-elizabeth-parish,Bigwoods,bigwoods
Jamaica,JM,Saint Elizabeth Parish,saint-elizabeth-parish,Black River,black-river
Jamaica,JM,Saint Elizabeth Parish,saint-elizabeth-parish,Bogue,bogue
Jamaica,JM,Saint Elizabeth Parish,saint-elizabeth-parish,Braes River,braes-river
Jamaica,JM,Saint Elizabeth Parish,saint-elizabeth-parish,Brighton,brighton
Jamaica,JM,Saint Elizabeth Parish,saint-elizabeth-parish,Brompton,brompton
Jamaica,JM,Saint Elizabeth Parish,saint-elizabeth-parish,Bull Savanna,bull-savanna
Jamaica,JM,Saint Elizabeth Parish,saint-elizabeth-parish,Bull Savannah,bull-savannah
Jamaica,JM,Saint Elizabeth Parish,saint-elizabeth-parish,Burnt Savannah,burnt-savannah
Jamaica,JM,Saint Elizabeth Parish,saint-elizabeth-parish,Carisbrook,carisbrook
Jamaica,JM,Saint Elizabeth Parish,saint-elizabeth-parish,Cotterwood,cotterwood
Jamaica,JM,Saint Elizabeth Parish,saint-elizabeth-parish,Crawford,crawford
Jamaica,JM,Saint Elizabeth Parish,saint-elizabeth-parish,Elderslie,elderslie
Jamaica,JM,Saint Elizabeth Parish,saint-elizabeth-parish,Fullerswood,fullerswood
Jamaica,JM,Saint Elizabeth Parish,saint-elizabeth-parish,Giddy Hall,giddy-hall
Jamaica,JM,Saint Elizabeth Parish,saint-elizabeth-parish,Ginger Hill,ginger-hill
Jamaica,JM,Saint Elizabeth Parish,saint-elizabeth-parish,Goshen,goshen
Jamaica,JM,Saint Elizabeth Parish,saint-elizabeth-parish,Holland,holland
Jamaica,JM,Saint Elizabeth Parish,saint-elizabeth-parish,Hopeton,hopeton
Jamaica,JM,Saint Elizabeth Parish,saint-elizabeth-parish,Junction,junction
Jamaica,JM,Saint Elizabeth Parish,saint-elizabeth-parish,Lacovia,lacovia
Jamaica,JM,Saint Elizabeth Parish,saint-elizabeth-parish,Leeds,leeds
Jamaica,JM,Saint Elizabeth Parish,saint-elizabeth-parish,Lititz,lititz
Jamaica,JM,Saint Elizabeth Parish,saint-elizabeth-parish,Maggotty,maggotty
Jamaica,JM,Saint Elizabeth Parish,saint-elizabeth-parish,Malvern,malvern
Jamaica,JM,Saint Elizabeth Parish,saint-elizabeth-parish,Merrywood,merrywood
Jamaica,JM,Saint Elizabeth Parish,saint-elizabeth-parish,Middle Quarters,middle-quarters
Jamaica,JM,Saint Elizabeth Parish,saint-elizabeth-parish,Mountainside,mountainside
Jamaica,JM,Saint Elizabeth Parish,saint-elizabeth-parish,Mulgrave,mulgrave
Jamaica,JM,Saint Elizabeth Parish,saint-elizabeth-parish,Myersville,myersville
Jamaica,JM,Saint Elizabeth Parish,saint-elizabeth-parish,Nain,nain
Jamaica,JM,Saint Elizabeth Parish,saint-elizabeth-parish,New Market,new-market
Jamaica,JM,Saint Elizabeth Parish,saint-elizabeth-parish,Newell,newell
Jamaica,JM,Saint Elizabeth Parish,saint-elizabeth-parish,Newton,newton
Jamaica,JM,Saint Elizabeth Parish,saint-elizabeth-parish,Parottee,parottee
Jamaica,JM,Saint Elizabeth Parish,saint-elizabeth-parish,Pedro Plains,pedro-plains
Jamaica,JM,Saint Elizabeth Parish,saint-elizabeth-parish,Pepper,pepper
Jamaica,JM,Saint Elizabeth Parish,saint-elizabeth-parish,Pisgah,pisgah
Jamaica,JM,Saint Elizabeth Parish,saint-elizabeth-parish,Pondside,pondside
Jamaica,JM,Saint Elizabeth Parish,saint-elizabeth-parish,Potsdam,potsdam
Jamaica,JM,Saint Elizabeth Parish,saint-elizabeth-parish,Quick Step,quick-step
Jamaica,JM,Saint Elizabeth Parish,saint-elizabeth-parish,Red Bank,red-bank
Jamaica,JM,Saint Elizabeth Parish,saint-elizabeth-parish,Retirement,retirement
Jamaica,JM,Saint Elizabeth Parish,saint-elizabeth-parish,Rose Hall,rose-hall
Jamaica,JM,Saint Elizabeth Parish,saint-elizabeth-parish,Russels,russels
Jamaica,JM,Saint Elizabeth Parish,saint-elizabeth-parish,Santa Cruz,santa-cruz
Jamaica,JM,Saint Elizabeth Parish,saint-elizabeth-parish,Scholefield,scholefield
Jamaica,JM,Saint Elizabeth Parish,saint-elizabeth-parish,Siloah,siloah
Jamaica,JM,Saint Elizabeth Parish,saint-elizabeth-parish,Slipe,slipe
Jamaica,JM,Saint Elizabeth Parish,saint-elizabeth-parish,Southfield,southfield
Jamaica,JM,Saint Elizabeth Parish,saint-elizabeth-parish,Springfield,springfield
Jamaica,JM,Saint Elizabeth Parish,saint-elizabeth-parish,Thornton,thornton
Jamaica,JM,Saint Elizabeth Parish,saint-elizabeth-parish,Top Hill,top-hill
Jamaica,JM,Saint Elizabeth Parish,saint-elizabeth-parish,Treasure Beach,treasure-beach
Jamaica,JM,Saint Elizabeth Parish,saint-elizabeth-parish,Warminister,warminister
Jamaica,JM,Saint Elizabeth Parish,saint-elizabeth-parish,Watchwell,watchwell
Jamaica,JM,Saint Elizabeth Parish,saint-elizabeth-parish,White Hill,white-hill
Jamaica,JM,Saint James Parish,saint-james-parish,Adelphi,adelphi
Jamaica,JM,Saint James Parish,saint-james-parish,Albion,albion
Jamaica,JM,Saint James Parish,saint-james-parish,Anchovy,anchovy
Jamaica,JM,Saint James Parish,saint-james-parish,Arcadia,arcadia
Jamaica,JM,Saint James Parish,saint-james-parish,Barrett Town,barrett-town
Jamaica,JM,Saint James Parish,saint-james-parish,Bickersteth,bickersteth
Jamaica,JM,Saint James Parish,saint-james-parish,Bogue,bogue
Jamaica,JM,Saint James Parish,saint-james-parish,Brandon Hill,brandon-hill
Jamaica,JM,Saint James Parish,saint-james-parish,Cambridge,cambridge
Jamaica,JM,Saint James Parish,saint-james-parish,Canterbury,canterbury
Jamaica,JM,Saint James Parish,saint-james-parish,Catadupa,catadupa
Jamaica,JM,Saint James Parish,saint-james-parish,Catherine Hall,catherine-hall
Jamaica,JM,Saint James Parish,saint-james-parish,Catherine Mount,catherine-mount
Jamaica,JM,Saint James Parish,saint-james-parish,Comfort Hall,comfort-hall
Jamaica,JM,Saint James Parish,saint-james-parish,Coral Gardens,coral-gardens
Jamaica,JM,Saint James Parish,saint-james-parish,Cornwall,cornwall
Jamaica,JM,Saint James Parish,saint-james-parish,Down Town Montego Bay,down-town-montego-bay
Jamaica,JM,Saint James Parish,saint-james-parish,Dumfries,dumfries
Jamaica,JM,Saint James Parish,saint-james-parish,Fairfield,fairfield
Jamaica,JM,Saint James Parish,saint-james-parish,Farm Heights,farm-heights
Jamaica,JM,Saint James Parish,saint-james-parish,Flagstaff,flagstaff
Jamaica,JM,Saint James Parish,saint-james-parish,Flamstead,flamstead
Jamaica,JM,Saint James Parish,saint-james-parish,Flankers,flankers
Jamaica,JM,Saint James Parish,saint-james-parish,Flower Hill,flower-hill
Jamaica,JM,Saint James Parish,saint-james-parish,Friendship,friendship
Jamaica,JM,Saint James Parish,saint-james-parish,Garlands,garlands
Jamaica,JM,Saint James Parish,saint-james-parish,Glendevon,glendevon
Jamaica,JM,Saint James Parish,saint-james-parish,Goodwill,goodwill
Jamaica,JM,Saint James Parish,saint-james-parish,Granville,granville
Jamaica,JM,Saint James Parish,saint-james-parish,Green Pond,green-pond
Jamaica,JM,Saint James Parish,saint-james-parish,Greenwood,greenwood
Jamaica,JM,Saint James Parish,saint-james-parish,Hopeton,hopeton
Jamaica,JM,Saint James Parish,saint-james-parish,Ironshore,ironshore
Jamaica,JM,Saint James Parish,saint-james-parish,Irwin,irwin
Jamaica,JM,Saint James Parish,saint-james-parish,John's Hall,johns-hall
Jamaica,JM,Saint James Parish,saint-james-parish,Lilliput,lilliput
Jamaica,JM,Saint James Parish,saint-james-parish,Lottery,lottery
Jamaica,JM,Saint James Parish,saint-james-parish,Maldon,maldon
Jamaica,JM,Saint James Parish,saint-james-parish,Maroon Town,maroon-town
Jamaica,JM,Saint James Parish,saint-james-parish,Mocho,mocho
Jamaica,JM,Saint James Parish,saint-james-parish,Montego Bay,montego-bay
Jamaica,JM,Saint James Parish,saint-james-parish,Montego Hill,montego-hill
Jamaica,JM,Saint James Parish,saint-james-parish,Montpelier,montpelier
Jamaica,JM,Saint James Parish,saint-james-parish,Mount Carey,mount-carey
Jamaica,JM,Saint James Parish,saint-james-parish,Mount Horeb,mount-horeb
Jamaica,JM,Saint James Parish,saint-james-parish,Mount Salem,mount-salem
Jamaica,JM,Saint James Parish,saint-james-parish,Niagara,niagara
Jamaica,JM,Saint James Parish,saint-james-parish,Norwood,norwood
Jamaica,JM,Saint James Parish,saint-james-parish,Orange,orange
Jamaica,JM,Saint James Parish,saint-james-parish,Paradise,paradise
Jamaica,JM,Saint James Parish,saint-james-parish,Pitfour,pitfour
Jamaica,JM,Saint James Parish,saint-james-parish,Porto Bello,porto-bello
Jamaica,JM,Saint James Parish,saint-james-parish,Reading,reading
Jamaica,JM,Saint James Parish,saint-james-parish,Retirement,retirement
Jamaica,JM,Saint James Parish,saint-james-parish,Retrieve,retrieve
Jamaica,JM,Saint James Parish,saint-james-parish,Roehampton,roehampton
Jamaica,JM,Saint James Parish,saint-james-parish,Rose Hall,rose-hall
Jamaica,JM,Saint James Parish,saint-james-parish,Rose Heights,rose-heights
Jamaica,JM,Saint James Parish,saint-james-parish,Rose Mount Garden,rose-mount-garden
Jamaica,JM,Saint James Parish,saint-james-parish,Rosemount,rosemount
Jamaica,JM,Saint James Parish,saint-james-parish,Salt Spring,salt-spring
Jamaica,JM,Saint James Parish,saint-james-parish,Seven Rivers,seven-rivers
Jamaica,JM,Saint James Parish,saint-james-parish,Somerton,somerton
Jamaica,JM,Saint James Parish,saint-james-parish,Spot Valley,spot-valley
Jamaica,JM,Saint James Parish,saint-james-parish,Stonehenge,stonehenge
Jamaica,JM,Saint James Parish,saint-james-parish,Summer Hill,summer-hill
Jamaica,JM,Saint James Parish,saint-james-parish,Sunderland,sunderland
Jamaica,JM,Saint James Parish,saint-james-parish,Tangle River,tangle-river
Jamaica,JM,Saint James Parish,saint-james-parish,Tower Hill/Moy Hall,tower-hillmoy-hall
Jamaica,JM,Saint James Parish,saint-james-parish,Tucker,tucker
Jamaica,JM,Saint James Parish,saint-james-parish,Unity Hall,unity-hall
Jamaica,JM,Saint James Parish,saint-james-parish,Vaughnsfield,vaughnsfield
Jamaica,JM,Saint James Parish,saint-james-parish,Welcome Hall,welcome-hall
Jamaica,JM,Saint James Parish,saint-james-parish,West Green,west-green
Jamaica,JM,Saint Mary Parish,saint-mary-parish,Amiel Town,amiel-town
Jamaica,JM,Saint Mary Parish,saint-mary-parish,Annotto Bay,annotto-bay
Jamaica,JM,Saint Mary Parish,saint-mary-parish,Baileys Vale,baileys-vale
Jamaica,JM,Saint Mary Parish,saint-mary-parish,Baxter Mountain,baxter-mountain
Jamaica,JM,Saint Mary Parish,saint-mary-parish,Belfield,belfield
Jamaica,JM,Saint Mary Parish,saint-mary-parish,Bonnygate,bonnygate
Jamaica,JM,Saint Mary Parish,saint-mary-parish,Brainerd,brainerd
Jamaica,JM,Saint Mary Parish,saint-mary-parish,Broadgate,broadgate
Jamaica,JM,Saint Mary Parish,saint-mary-parish,Camberwell,camberwell
Jamaica,JM,Saint Mary Parish,saint-mary-parish,Carron Hall,carron-hall
Jamaica,JM,Saint Mary Parish,saint-mary-parish,Castleton,castleton
Jamaica,JM,Saint Mary Parish,saint-mary-parish,Charles Town,charles-town
Jamaica,JM,Saint Mary Parish,saint-mary-parish,Clonmel,clonmel
Jamaica,JM,Saint Mary Parish,saint-mary-parish,Devon Pen,devon-pen
Jamaica,JM,Saint Mary Parish,saint-mary-parish,Dover,dover
Jamaica,JM,Saint Mary Parish,saint-mary-parish,Enfield,enfield
Jamaica,JM,Saint Mary Parish,saint-mary-parish,Epson,epson
Jamaica,JM,Saint Mary Parish,saint-mary-parish,Flint River,flint-river
Jamaica,JM,Saint Mary Parish,saint-mary-parish,Free Hill,free-hill
Jamaica,JM,Saint Mary Parish,saint-mary-parish,Friendship Gap,friendship-gap
Jamaica,JM,Saint Mary Parish,saint-mary-parish,Galina,galina
Jamaica,JM,Saint Mary Parish,saint-mary-parish,Gayle,gayle
Jamaica,JM,Saint Mary Parish,saint-mary-parish,Guys Hill,guys-hill
Jamaica,JM,Saint Mary Parish,saint-mary-parish,Hampstead,hampstead
Jamaica,JM,Saint Mary Parish,saint-mary-parish,Highgate,highgate
Jamaica,JM,Saint Mary Parish,saint-mary-parish,Islington,islington
Jamaica,JM,Saint Mary Parish,saint-mary-parish,Jacks River,jacks-river
Jamaica,JM,Saint Mary Parish,saint-mary-parish,Jeffery Town,jeffery-town
Jamaica,JM,Saint Mary Parish,saint-mary-parish,Labyrinth,labyrinth
Jamaica,JM,Saint Mary Parish,saint-mary-parish,Long Road,long-road
Jamaica,JM,Saint Mary Parish,saint-mary-parish,Lucky Hill,lucky-hill
Jamaica,JM,Saint Mary Parish,saint-mary-parish,Mango Valley,mango-valley
Jamaica,JM,Saint Mary Parish,saint-mary-parish,Martin,martin
Jamaica,JM,Saint Mary Parish,saint-mary-parish,Mason Hall,mason-hall
Jamaica,JM,Saint Mary Parish,saint-mary-parish,Mile Gully,mile-gully
Jamaica,JM,Saint Mary Parish,saint-mary-parish,Oracabessa,oracabessa
Jamaica,JM,Saint Mary Parish,saint-mary-parish,Port Maria,port-maria
Jamaica,JM,Saint Mary Parish,saint-mary-parish,Prospect,prospect
Jamaica,JM,Saint Mary Parish,saint-mary-parish,Retreat,retreat
Jamaica,JM,Saint Mary Parish,saint-mary-parish,Richmond,richmond
Jamaica,JM,Saint Mary Parish,saint-mary-parish,Robins Bay,robins-bay
Jamaica,JM,Saint Mary Parish,saint-mary-parish,Sandside,sandside
Jamaica,JM,Saint Mary Parish,saint-mary-parish,Scotts Hall,scotts-hall
Jamaica,JM,Saint Mary Parish,saint-mary-parish,Woodpark,woodpark
Jamaica,JM,Saint Mary Parish,saint-mary-parish,Woodside,woodside
Jamaica,JM,Saint Thomas Parish,saint-thomas-parish,Airy Castle,airy-castle
Jamaica,JM,Saint Thomas Parish,saint-thomas-parish,Albion,albion
Jamaica,JM,Saint Thomas Parish,saint-thomas-parish,Amity Hall,amity-hall
Jamaica,JM,Saint Thomas Parish,saint-thomas-parish,Arcadia,arcadia
Jamaica,JM,Saint Thomas Parish,saint-thomas-parish,Baptist,baptist
Jamaica,JM,Saint Thomas Parish,saint-thomas-parish,Barking Lodge,barking-lodge
Jamaica,JM,Saint Thomas Parish,saint-thomas-parish,Bath,bath
Jamaica,JM,Saint Thomas Parish,saint-thomas-parish,Bethel,bethel
Jamaica,JM,Saint Thomas Parish,saint-thomas-parish,Cedar Valley,cedar-valley
Jamaica,JM,Saint Thomas Parish,saint-thomas-parish,Church Corner,church-corner
Jamaica,JM,Saint Thomas Parish,saint-thomas-parish,Dalvey,dalvey
Jamaica,JM,Saint Thomas Parish,saint-thomas-parish,Danvers Pen,danvers-pen
Jamaica,JM,Saint Thomas Parish,saint-thomas-parish,Duckenfield,duckenfield
Jamaica,JM,Saint Thomas Parish,saint-thomas-parish,Duhaney Pen,duhaney-pen
Jamaica,JM,Saint Thomas Parish,saint-thomas-parish,Easington,easington
Jamaica,JM,Saint Thomas Parish,saint-thomas-parish,Eleven Miles,eleven-miles
Jamaica,JM,Saint Thomas Parish,saint-thomas-parish,Font Hill,font-hill
Jamaica,JM,Saint Thomas Parish,saint-thomas-parish,Golden Grove,golden-grove
Jamaica,JM,Saint Thomas Parish,saint-thomas-parish,Hagley Gap,hagley-gap
Jamaica,JM,Saint Thomas Parish,saint-thomas-parish,Hampton Court,hampton-court
Jamaica,JM,Saint Thomas Parish,saint-thomas-parish,Hayfield,hayfield
Jamaica,JM,Saint Thomas Parish,saint-thomas-parish,Hillside,hillside
Jamaica,JM,Saint Thomas Parish,saint-thomas-parish,Johns Town,johns-town
Jamaica,JM,Saint Thomas Parish,saint-thomas-parish,Johnson Mountain,johnson-mountain
Jamaica,JM,Saint Thomas Parish,saint-thomas-parish,Jones Pen,jones-pen
Jamaica,JM,Saint Thomas Parish,saint-thomas-parish,Leith Hall,leith-hall
Jamaica,JM,Saint Thomas Parish,saint-thomas-parish,Llandewey,llandewey
Jamaica,JM,Saint Thomas Parish,saint-thomas-parish,Lloyds,lloyds
Jamaica,JM,Saint Thomas Parish,saint-thomas-parish,Lyssons,lyssons
Jamaica,JM,Saint Thomas Parish,saint-thomas-parish,Middleton,middleton
Jamaica,JM,Saint Thomas Parish,saint-thomas-parish,Morant Bay,morant-bay
Jamaica,JM,Saint Thomas Parish,saint-thomas-parish,Mount Lebanus,mount-lebanus
Jamaica,JM,Saint Thomas Parish,saint-thomas-parish,New Monkland,new-monkland
Jamaica,JM,Saint Thomas Parish,saint-thomas-parish,Pamphret,pamphret
Jamaica,JM,Saint Thomas Parish,saint-thomas-parish,Pear Tree,pear-tree
Jamaica,JM,Saint Thomas Parish,saint-thomas-parish,Poormans Corner,poormans-corner
Jamaica,JM,Saint Thomas Parish,saint-thomas-parish,Port Morant,port-morant
Jamaica,JM,Saint Thomas Parish,saint-thomas-parish,Prospect,prospect
Jamaica,JM,Saint Thomas Parish,saint-thomas-parish,Ramble,ramble
Jamaica,JM,Saint Thomas Parish,saint-thomas-parish,Retreat,retreat
Jamaica,JM,Saint Thomas Parish,saint-thomas-parish,Richmond Vale,richmond-vale
Jamaica,JM,Saint Thomas Parish,saint-thomas-parish,River Head,river-head
Jamaica,JM,Saint Thomas Parish,saint-thomas-parish,Rowlandsfield,rowlandsfield
Jamaica,JM,Saint Thomas Parish,saint-thomas-parish,Seaforth,seaforth
Jamaica,JM,Saint Thomas Parish,saint-thomas-parish,Somerset,somerset
Jamaica,JM,Saint Thomas Parish,saint-thomas-parish,Spring Bank,spring-bank
Jamaica,JM,Saint Thomas Parish,saint-thomas-parish,Spring Garden,spring-garden
Jamaica,JM,Saint Thomas Parish,saint-thomas-parish,Sunning Hill,sunning-hill
Jamaica,JM,Saint Thomas Parish,saint-thomas-parish,Trinity Ville,trinity-ville
Jamaica,JM,Saint Thomas Parish,saint-thomas-parish,Trinityville,trinityville
Jamaica,JM,Saint Thomas Parish,saint-thomas-parish,Wheelerfield,wheelerfield
Jamaica,JM,Saint Thomas Parish,saint-thomas-parish,White Hall,white-hall
Jamaica,JM,Saint Thomas Parish,saint-thomas-parish,White Horses,white-horses
Jamaica,JM,Saint Thomas Parish,saint-thomas-parish,Wilmington,wilmington
Jamaica,JM,Saint Thomas Parish,saint-thomas-parish,Winchester,winchester
Jamaica,JM,Saint Thomas Parish,saint-thomas-parish,Yallahs,yallahs
Jamaica,JM,Saint Thomas Parish,saint-thomas-parish,York,york
Jamaica,JM,Trelawny Parish,trelawny-parish,Albert Town,albert-town
Jamaica,JM,Trelawny Parish,trelawny-parish,Alps,alps
Jamaica,JM,Trelawny Parish,trelawny-parish,Bounty Hall,bounty-hall
Jamaica,JM,Trelawny Parish,trelawny-parish,Brampton,brampton
Jamaica,JM,Trelawny Parish,trelawny-parish,Bunkers Hill,bunkers-hill
Jamaica,JM,Trelawny Parish,trelawny-parish,Clarks Town,clarks-town
Jamaica,JM,Trelawny Parish,trelawny-parish,Daniel Town,daniel-town
Jamaica,JM,Trelawny Parish,trelawny-parish,Deeside,deeside
Jamaica,JM,Trelawny Parish,trelawny-parish,Duanvale,duanvale
Jamaica,JM,Trelawny Parish,trelawny-parish,Duncans,duncans
Jamaica,JM,Trelawny Parish,trelawny-parish,Falmouth,falmouth
Jamaica,JM,Trelawny Parish,trelawny-parish,Freemans Hall,freemans-hall
Jamaica,JM,Trelawny Parish,trelawny-parish,Granville,granville
Jamaica,JM,Trelawny Parish,trelawny-parish,Hampden,hampden
Jamaica,JM,Trelawny Parish,trelawny-parish,Jackson Town,jackson-town
Jamaica,JM,Trelawny Parish,trelawny-parish,Joe Hut,joe-hut
Jamaica,JM,Trelawny Parish,trelawny-parish,Kinloss,kinloss
Jamaica,JM,Trelawny Parish,trelawny-parish,Lorrimers,lorrimers
Jamaica,JM,Trelawny Parish,trelawny-parish,Martha Brae,martha-brae
Jamaica,JM,Trelawny Parish,trelawny-parish,Perth Town,perth-town
Jamaica,JM,Trelawny Parish,trelawny-parish,Refuge,refuge
Jamaica,JM,Trelawny Parish,trelawny-parish,Rio Bueno,rio-bueno
Jamaica,JM,Trelawny Parish,trelawny-parish,Salt Marsh,salt-marsh
Jamaica,JM,Trelawny Parish,trelawny-parish,Samuels Prospect,samuels-prospect
Jamaica,JM,Trelawny Parish,trelawny-parish,Sawyers,sawyers
Jamaica,JM,Trelawny Parish,trelawny-parish,Sherwood Content,sherwood-content
Jamaica,JM,Trelawny Parish,trelawny-parish,Spicy Hill,spicy-hill
Jamaica,JM,Trelawny Parish,trelawny-parish,Spring Garden,spring-garden
Jamaica,JM,Trelawny Parish,trelawny-parish,St. Vincent,st-vincent
Jamaica,JM,Trelawny Parish,trelawny-parish,Stettin,stettin
Jamaica,JM,Trelawny Parish,trelawny-parish,Stewart Town,stewart-town
Jamaica,JM,Trelawny Parish,trelawny-parish,Troy,troy
Jamaica,JM,Trelawny Parish,trelawny-parish,Ulster Spring,ulster-spring
Jamaica,JM,Trelawny Parish,trelawny-parish,Wait-A-Bit,wait-a-bit
Jamaica,JM,Trelawny Parish,trelawny-parish,Wakefield,wakefield
Jamaica,JM,Trelawny Parish,trelawny-parish,Warsop,warsop
Jamaica,JM,Trelawny Parish,trelawny-parish,Wilson's Run,wilsons-run
Jamaica,JM,Trelawny Parish,trelawny-parish,Wirefence,wirefence
Jamaica,JM,Westmoreland Parish,westmoreland-parish,12th Street,12th-street
Jamaica,JM,Westmoreland Parish,westmoreland-parish,Amity,amity
Jamaica,JM,Westmoreland Parish,westmoreland-parish,Ashton,ashton
Jamaica,JM,Westmoreland Parish,westmoreland-parish,Barneyside,barneyside
Jamaica,JM,Westmoreland Parish,westmoreland-parish,Bath,bath
Jamaica,JM,Westmoreland Parish,westmoreland-parish,Bath Mountain,bath-mountain
Jamaica,JM,Westmoreland Parish,westmoreland-parish,Beaufort,beaufort
Jamaica,JM,Westmoreland Parish,westmoreland-parish,Beeston Spring,beeston-spring
Jamaica,JM,Westmoreland Parish,westmoreland-parish,Belvedere,belvedere
Jamaica,JM,Westmoreland Parish,westmoreland-parish,Berkshire,berkshire
Jamaica,JM,Westmoreland Parish,westmoreland-parish,Bethel Town,bethel-town
Jamaica,JM,Westmoreland Parish,westmoreland-parish,Big Bridge,big-bridge
Jamaica,JM,Westmoreland Parish,westmoreland-parish,Bluefields,bluefields
Jamaica,JM,Westmoreland Parish,westmoreland-parish,Bog,bog
Jamaica,JM,Westmoreland Parish,westmoreland-parish,Broughton,broughton
Jamaica,JM,Westmoreland Parish,westmoreland-parish,Burnt Savannah,burnt-savannah
Jamaica,JM,Westmoreland Parish,westmoreland-parish,Cairn Curran,cairn-curran
Jamaica,JM,Westmoreland Parish,westmoreland-parish,Caledonia,caledonia
Jamaica,JM,Westmoreland Parish,westmoreland-parish,Carmel,carmel
Jamaica,JM,Westmoreland Parish,westmoreland-parish,Cave,cave
Jamaica,JM,Westmoreland Parish,westmoreland-parish,Chantilly,chantilly
Jamaica,JM,Westmoreland Parish,westmoreland-parish,Content,content
Jamaica,JM,Westmoreland Parish,westmoreland-parish,Cornwall Mountian,cornwall-mountian
Jamaica,JM,Westmoreland Parish,westmoreland-parish,Darliston,darliston
Jamaica,JM,Westmoreland Parish,westmoreland-parish,Delveland,delveland
Jamaica,JM,Westmoreland Parish,westmoreland-parish,Dillion Bigwoods,dillion-bigwoods
Jamaica,JM,Westmoreland Parish,westmoreland-parish,Dundee,dundee
Jamaica,JM,Westmoreland Parish,westmoreland-parish,Enfield,enfield
Jamaica,JM,Westmoreland Parish,westmoreland-parish,Ferris,ferris
Jamaica,JM,Westmoreland Parish,westmoreland-parish,Fort Williams,fort-williams
Jamaica,JM,Westmoreland Parish,westmoreland-parish,Frome,frome
Jamaica,JM,Westmoreland Parish,westmoreland-parish,Fullersfield,fullersfield
Jamaica,JM,Westmoreland Parish,westmoreland-parish,Georges Plain,georges-plain
Jamaica,JM,Westmoreland Parish,westmoreland-parish,Gooden's River,goodens-river
Jamaica,JM,Westmoreland Parish,westmoreland-parish,Grange,grange
Jamaica,JM,Westmoreland Parish,westmoreland-parish,Grange Hill,grange-hill
Jamaica,JM,Westmoreland Parish,westmoreland-parish,Haddo,haddo
Jamaica,JM,Westmoreland Parish,westmoreland-parish,Harmony Town,harmony-town
Jamaica,JM,Westmoreland Parish,westmoreland-parish,Hertford,hertford
Jamaica,JM,Westmoreland Parish,westmoreland-parish,Jerusalem,jerusalem
Jamaica,JM,Westmoreland Parish,westmoreland-parish,Kentucky,kentucky
Jamaica,JM,Westmoreland Parish,westmoreland-parish,Kilmarnoch,kilmarnoch
Jamaica,JM,Westmoreland Parish,westmoreland-parish,Lambs River,lambs-river
Jamaica,JM,Westmoreland Parish,westmoreland-parish,Leamington,leamington
Jamaica,JM,Westmoreland Parish,westmoreland-parish,Lenox Bigwoods,lenox-bigwoods
Jamaica,JM,Westmoreland Parish,westmoreland-parish,Little London,little-london
Jamaica,JM,Westmoreland Parish,westmoreland-parish,Llandilo,llandilo
Jamaica,JM,Westmoreland Parish,westmoreland-parish,Mackfield,mackfield
Jamaica,JM,Westmoreland Parish,westmoreland-parish,Mearnsville,mearnsville
Jamaica,JM,Westmoreland Parish,westmoreland-parish,Mount Airy,mount-airy
Jamaica,JM,Westmoreland Parish,westmoreland-parish,Mount Stewart,mount-stewart
Jamaica,JM,Westmoreland Parish,westmoreland-parish,Negril,negril
Jamaica,JM,Westmoreland Parish,westmoreland-parish,New Market Oval,new-market-oval
Jamaica,JM,Westmoreland Parish,westmoreland-parish,New Roads,new-roads
Jamaica,JM,Westmoreland Parish,westmoreland-parish,New Works,new-works
Jamaica,JM,Westmoreland Parish,westmoreland-parish,Orange Hill,orange-hill
Jamaica,JM,Westmoreland Parish,westmoreland-parish,Paul Island,paul-island
Jamaica,JM,Westmoreland Parish,westmoreland-parish,Petersfield,petersfield
Jamaica,JM,Westmoreland Parish,westmoreland-parish,Petersville,petersville
Jamaica,JM,Westmoreland Parish,westmoreland-parish,Porters Mountain,porters-mountain
Jamaica,JM,Westmoreland Parish,westmoreland-parish,Red Hills,red-hills
Jamaica,JM,Westmoreland Parish,westmoreland-parish,Revival,revival
Jamaica,JM,Westmoreland Parish,westmoreland-parish,Roaring River,roaring-river
Jamaica,JM,Westmoreland Parish,westmoreland-parish,Russia,russia
Jamaica,JM,Westmoreland Parish,westmoreland-parish,Savanna-la-Mar,savanna-la-mar
Jamaica,JM,Westmoreland Parish,westmoreland-parish,Savannah-la-mar Business Dist.,savannah-la-mar-business-dist
Jamaica,JM,Westmoreland Parish,westmoreland-parish,Seaford Town,seaford-town
Jamaica,JM,Westmoreland Parish,westmoreland-parish,Seaton Crescent,seaton-crescent
Jamaica,JM,Westmoreland Parish,westmoreland-parish,Shefield,shefield
Jamaica,JM,Westmoreland Parish,westmoreland-parish,Shoalin Grotto,shoalin-grotto
Jamaica,JM,Westmoreland Parish,westmoreland-parish,Smithfield,smithfield
Jamaica,JM,Westmoreland Parish,westmoreland-parish,St. Leonards,st-leonards
Jamaica,JM,Westmoreland Parish,westmoreland-parish,Strathbogie,strathbogie
Jamaica,JM,Westmoreland Parish,westmoreland-parish,Strawberry,strawberry
Jamaica,JM,Westmoreland Parish,westmoreland-parish,Struie,struie
Jamaica,JM,Westmoreland Parish,westmoreland-parish,Three Mile River,three-mile-river
Jamaica,JM,Westmoreland Parish,westmoreland-parish,Town Head,town-head
Jamaica,JM,Westmoreland Parish,westmoreland-parish,Truro,truro
Jamaica,JM,Westmoreland Parish,westmoreland-parish,Water Works,water-works
Jamaica,JM,Westmoreland Parish,westmoreland-parish,Whitehouse,whitehouse
Jamaica,JM,Westmoreland Parish,westmoreland-parish,Whithorn,whithorn
Jamaica,JM,Westmoreland Parish,westmoreland-parish,Williamsfield,williamsfield
