s_country_name,s_country_slug,s_country_code_iso2,s_region_name,s_region_slug,s_city_name,s_city_slug
Saint Lucia,saint-lucia,LC,Anse la Raye Quarter,anse-la-raye-quarter,Anse La Raye,anse-la-raye
Saint Lucia,saint-lucia,LC,Anse la Raye Quarter,anse-la-raye-quarter,Au Tabor,au-tabor
Saint Lucia,saint-lucia,LC,Anse la Raye Quarter,anse-la-raye-quarter,Au Tabor Hill,au-tabor-hill
Saint Lucia,saint-lucia,LC,Anse la Raye Quarter,anse-la-raye-quarter,Bois D'Inde,bois-dinde
Saint Lucia,saint-lucia,LC,Anse la Raye Quarter,anse-la-raye-quarter,Caico/Millet,caicomillet
Saint Lucia,saint-lucia,LC,Anse la Raye Quarter,anse-la-raye-quarter,Canaries,canaries
Saint Lucia,saint-lucia,LC,Anse la Raye Quarter,anse-la-raye-quarter,Champen Estate,champen-estate
Saint Lucia,saint-lucia,LC,Anse la Raye Quarter,anse-la-raye-quarter,Derriere Lagoon,derriere-lagoon
Saint Lucia,saint-lucia,LC,Anse la Raye Quarter,anse-la-raye-quarter,Durandeau,durandeau
Saint Lucia,saint-lucia,LC,Anse la Raye Quarter,anse-la-raye-quarter,Enbar Pwin,enbar-pwin
Saint Lucia,saint-lucia,LC,Anse la Raye Quarter,anse-la-raye-quarter,Jacmel,jacmel
Saint Lucia,saint-lucia,LC,Anse la Raye Quarter,anse-la-raye-quarter,Jean Baptiste,jean-baptiste
Saint Lucia,saint-lucia,LC,Anse la Raye Quarter,anse-la-raye-quarter,La Trielle,la-trielle
Saint Lucia,saint-lucia,LC,Anse la Raye Quarter,anse-la-raye-quarter,Massacre,massacre
Saint Lucia,saint-lucia,LC,Anse la Raye Quarter,anse-la-raye-quarter,Millet,millet
Saint Lucia,saint-lucia,LC,Anse la Raye Quarter,anse-la-raye-quarter,Morne Ciseaux,morne-ciseaux
Saint Lucia,saint-lucia,LC,Anse la Raye Quarter,anse-la-raye-quarter,Morne D'Or,morne-dor
Saint Lucia,saint-lucia,LC,Anse la Raye Quarter,anse-la-raye-quarter,Roseau Valley,roseau-valley
Saint Lucia,saint-lucia,LC,Anse la Raye Quarter,anse-la-raye-quarter,St Lawrence,st-lawrence
Saint Lucia,saint-lucia,LC,Anse la Raye Quarter,anse-la-raye-quarter,St Lawrence Estate,st-lawrence-estate
Saint Lucia,saint-lucia,LC,Anse la Raye Quarter,anse-la-raye-quarter,Tete Chemin,tete-chemin
Saint Lucia,saint-lucia,LC,Anse la Raye Quarter,anse-la-raye-quarter,Vanard,vanard
Saint Lucia,saint-lucia,LC,Anse la Raye Quarter,anse-la-raye-quarter,Venus,venus
Saint Lucia,saint-lucia,LC,Anse la Raye Quarter,anse-la-raye-quarter,Village,village
Saint Lucia,saint-lucia,LC,Anse la Raye Quarter,anse-la-raye-quarter,Village/Petite Bourgh,villagepetite-bourgh
Saint Lucia,saint-lucia,LC,Canaries,canaries,Anse Cochon,anse-cochon
Saint Lucia,saint-lucia,LC,Canaries,canaries,Anse Galet,anse-galet
Saint Lucia,saint-lucia,LC,Canaries,canaries,Anse La Verdue,anse-la-verdue
Saint Lucia,saint-lucia,LC,Canaries,canaries,Belvedere,belvedere
Saint Lucia,saint-lucia,LC,Canaries,canaries,Chalon,chalon
Saint Lucia,saint-lucia,LC,Canaries,canaries,Riverside Road,riverside-road
Saint Lucia,saint-lucia,LC,Canaries,canaries,Theodrine,theodrine
Saint Lucia,saint-lucia,LC,Canaries,canaries,Village,village
Saint Lucia,saint-lucia,LC,Castries Quarter,castries-quarter,Active Hill,active-hill
Saint Lucia,saint-lucia,LC,Castries Quarter,castries-quarter,Agard Lands/Morne Dudon,agard-landsmorne-dudon
Saint Lucia,saint-lucia,LC,Castries Quarter,castries-quarter,Almondale,almondale
Saint Lucia,saint-lucia,LC,Castries Quarter,castries-quarter,Aurendel Hill,aurendel-hill
Saint Lucia,saint-lucia,LC,Castries Quarter,castries-quarter,Babonneau Proper,babonneau-proper
Saint Lucia,saint-lucia,LC,Castries Quarter,castries-quarter,Bagatelle,bagatelle
Saint Lucia,saint-lucia,LC,Castries Quarter,castries-quarter,Balata,balata
Saint Lucia,saint-lucia,LC,Castries Quarter,castries-quarter,Banannes Bay,banannes-bay
Saint Lucia,saint-lucia,LC,Castries Quarter,castries-quarter,Barnard Hill,barnard-hill
Saint Lucia,saint-lucia,LC,Castries Quarter,castries-quarter,Barre Denis,barre-denis
Saint Lucia,saint-lucia,LC,Castries Quarter,castries-quarter,Barre Duchaussee,barre-duchaussee
Saint Lucia,saint-lucia,LC,Castries Quarter,castries-quarter,Barre St.Joseph,barre-stjoseph
Saint Lucia,saint-lucia,LC,Castries Quarter,castries-quarter,Belair,belair
Saint Lucia,saint-lucia,LC,Castries Quarter,castries-quarter,Bella Rosa,bella-rosa
Saint Lucia,saint-lucia,LC,Castries Quarter,castries-quarter,Bexon,bexon
Saint Lucia,saint-lucia,LC,Castries Quarter,castries-quarter,Bisee,bisee
Saint Lucia,saint-lucia,LC,Castries Quarter,castries-quarter,Bishop'S Gap,bishops-gap
Saint Lucia,saint-lucia,LC,Castries Quarter,castries-quarter,Bissee,bissee
Saint Lucia,saint-lucia,LC,Castries Quarter,castries-quarter,Black Mallet,black-mallet
Saint Lucia,saint-lucia,LC,Castries Quarter,castries-quarter,Bocage,bocage
Saint Lucia,saint-lucia,LC,Castries Quarter,castries-quarter,Bois Catchet,bois-catchet
Saint Lucia,saint-lucia,LC,Castries Quarter,castries-quarter,Bois Patat,bois-patat
Saint Lucia,saint-lucia,LC,Castries Quarter,castries-quarter,Cabiche/Babonneau,cabichebabonneau
Saint Lucia,saint-lucia,LC,Castries Quarter,castries-quarter,Cacoa/Babonneau,cacoababonneau
Saint Lucia,saint-lucia,LC,Castries Quarter,castries-quarter,Calvary,calvary
Saint Lucia,saint-lucia,LC,Castries Quarter,castries-quarter,Capital Hill,capital-hill
Saint Lucia,saint-lucia,LC,Castries Quarter,castries-quarter,Carellie,carellie
Saint Lucia,saint-lucia,LC,Castries Quarter,castries-quarter,Castries,castries
Saint Lucia,saint-lucia,LC,Castries Quarter,castries-quarter,Cedars,cedars
Saint Lucia,saint-lucia,LC,Castries Quarter,castries-quarter,Chase Gardens,chase-gardens
Saint Lucia,saint-lucia,LC,Castries Quarter,castries-quarter,Chassin/Babonneau,chassinbabonneau
Saint Lucia,saint-lucia,LC,Castries Quarter,castries-quarter,Choppin Ridge/Sarot,choppin-ridgesarot
Saint Lucia,saint-lucia,LC,Castries Quarter,castries-quarter,Ciceron,ciceron
Saint Lucia,saint-lucia,LC,Castries Quarter,castries-quarter,City,city
Saint Lucia,saint-lucia,LC,Castries Quarter,castries-quarter,City Gate/La Clery,city-gatela-clery
Saint Lucia,saint-lucia,LC,Castries Quarter,castries-quarter,Conway/Waterfront,conwaywaterfront
Saint Lucia,saint-lucia,LC,Castries Quarter,castries-quarter,Coolie Town,coolie-town
Saint Lucia,saint-lucia,LC,Castries Quarter,castries-quarter,Coubaril,coubaril
Saint Lucia,saint-lucia,LC,Castries Quarter,castries-quarter,Crownlands/Marc,crownlandsmarc
Saint Lucia,saint-lucia,LC,Castries Quarter,castries-quarter,Cul De Sac,cul-de-sac
Saint Lucia,saint-lucia,LC,Castries Quarter,castries-quarter,Darling Road,darling-road
Saint Lucia,saint-lucia,LC,Castries Quarter,castries-quarter,Deglos,deglos
Saint Lucia,saint-lucia,LC,Castries Quarter,castries-quarter,Derierre Fort/Old Victoria Road,derierre-fortold-victoria-road
Saint Lucia,saint-lucia,LC,Castries Quarter,castries-quarter,Dubrassay,dubrassay
Saint Lucia,saint-lucia,LC,Castries Quarter,castries-quarter,En Pois Doux/Babonneau,en-pois-douxbabonneau
Saint Lucia,saint-lucia,LC,Castries Quarter,castries-quarter,Entrepot,entrepot
Saint Lucia,saint-lucia,LC,Castries Quarter,castries-quarter,Faux A Chaud,faux-a-chaud
Saint Lucia,saint-lucia,LC,Castries Quarter,castries-quarter,Ferrand,ferrand
Saint Lucia,saint-lucia,LC,Castries Quarter,castries-quarter,Floissac/Marc,floissacmarc
Saint Lucia,saint-lucia,LC,Castries Quarter,castries-quarter,Fond Assau/Babonneau,fond-assaubabonneau
Saint Lucia,saint-lucia,LC,Castries Quarter,castries-quarter,Fond Canie,fond-canie
Saint Lucia,saint-lucia,LC,Castries Quarter,castries-quarter,Forestiere,forestiere
Saint Lucia,saint-lucia,LC,Castries Quarter,castries-quarter,George Charles Boulevard,george-charles-boulevard
Saint Lucia,saint-lucia,LC,Castries Quarter,castries-quarter,Girard,girard
Saint Lucia,saint-lucia,LC,Castries Quarter,castries-quarter,Goergeville,goergeville
Saint Lucia,saint-lucia,LC,Castries Quarter,castries-quarter,Goodlands,goodlands
Saint Lucia,saint-lucia,LC,Castries Quarter,castries-quarter,Grass Street,grass-street
Saint Lucia,saint-lucia,LC,Castries Quarter,castries-quarter,Green Gold,green-gold
Saint Lucia,saint-lucia,LC,Castries Quarter,castries-quarter,Guesneau,guesneau
Saint Lucia,saint-lucia,LC,Castries Quarter,castries-quarter,Hill 20/Babonneau,hill-20babonneau
Saint Lucia,saint-lucia,LC,Castries Quarter,castries-quarter,Hillcrest Gardens,hillcrest-gardens
Saint Lucia,saint-lucia,LC,Castries Quarter,castries-quarter,Hospital Road,hospital-road
Saint Lucia,saint-lucia,LC,Castries Quarter,castries-quarter,Independence City,independence-city
Saint Lucia,saint-lucia,LC,Castries Quarter,castries-quarter,John Compton Highway,john-compton-highway
Saint Lucia,saint-lucia,LC,Castries Quarter,castries-quarter,L'Anse Road,lanse-road
Saint Lucia,saint-lucia,LC,Castries Quarter,castries-quarter,La Carierre,la-carierre
Saint Lucia,saint-lucia,LC,Castries Quarter,castries-quarter,La Clery,la-clery
Saint Lucia,saint-lucia,LC,Castries Quarter,castries-quarter,La Croix Maingot,la-croix-maingot
Saint Lucia,saint-lucia,LC,Castries Quarter,castries-quarter,La Pansee,la-pansee
Saint Lucia,saint-lucia,LC,Castries Quarter,castries-quarter,La Toc,la-toc
Saint Lucia,saint-lucia,LC,Castries Quarter,castries-quarter,Labayee,labayee
Saint Lucia,saint-lucia,LC,Castries Quarter,castries-quarter,Lastic Hill,lastic-hill
Saint Lucia,saint-lucia,LC,Castries Quarter,castries-quarter,Leslie Land,leslie-land
Saint Lucia,saint-lucia,LC,Castries Quarter,castries-quarter,Marc,marc
Saint Lucia,saint-lucia,LC,Castries Quarter,castries-quarter,Marchand,marchand
Saint Lucia,saint-lucia,LC,Castries Quarter,castries-quarter,Marigot,marigot
Saint Lucia,saint-lucia,LC,Castries Quarter,castries-quarter,Maynard Hill,maynard-hill
Saint Lucia,saint-lucia,LC,Castries Quarter,castries-quarter,Miami/Bexon,miamibexon
Saint Lucia,saint-lucia,LC,Castries Quarter,castries-quarter,Monkey Town Ciceron,monkey-town-ciceron
Saint Lucia,saint-lucia,LC,Castries Quarter,castries-quarter,Morne Assau/Babonneau,morne-assaubabonneau
Saint Lucia,saint-lucia,LC,Castries Quarter,castries-quarter,Morne Dudon,morne-dudon
Saint Lucia,saint-lucia,LC,Castries Quarter,castries-quarter,Morne Road,morne-road
Saint Lucia,saint-lucia,LC,Castries Quarter,castries-quarter,Morne Rouge/Marc,morne-rougemarc
Saint Lucia,saint-lucia,LC,Castries Quarter,castries-quarter,Mount Pleasant,mount-pleasant
Saint Lucia,saint-lucia,LC,Castries Quarter,castries-quarter,New Village,new-village
Saint Lucia,saint-lucia,LC,Castries Quarter,castries-quarter,Odsan,odsan
Saint Lucia,saint-lucia,LC,Castries Quarter,castries-quarter,Parker'S Hill,parkers-hill
Saint Lucia,saint-lucia,LC,Castries Quarter,castries-quarter,Patterson'S Gap,pattersons-gap
Saint Lucia,saint-lucia,LC,Castries Quarter,castries-quarter,Pavee,pavee
Saint Lucia,saint-lucia,LC,Castries Quarter,castries-quarter,Peart'S Gap,pearts-gap
Saint Lucia,saint-lucia,LC,Castries Quarter,castries-quarter,Perou,perou
Saint Lucia,saint-lucia,LC,Castries Quarter,castries-quarter,Pointe Seraphine,pointe-seraphine
Saint Lucia,saint-lucia,LC,Castries Quarter,castries-quarter,Quarte Chemins,quarte-chemins
Saint Lucia,saint-lucia,LC,Castries Quarter,castries-quarter,Ravine Chabot,ravine-chabot
Saint Lucia,saint-lucia,LC,Castries Quarter,castries-quarter,Ravine Poisson,ravine-poisson
Saint Lucia,saint-lucia,LC,Castries Quarter,castries-quarter,Ravine Touterelle,ravine-touterelle
Saint Lucia,saint-lucia,LC,Castries Quarter,castries-quarter,Resinard/Babonneau,resinardbabonneau
Saint Lucia,saint-lucia,LC,Castries Quarter,castries-quarter,Rock Hall,rock-hall
Saint Lucia,saint-lucia,LC,Castries Quarter,castries-quarter,Rose Hill,rose-hill
Saint Lucia,saint-lucia,LC,Castries Quarter,castries-quarter,San Soucis,san-soucis
Saint Lucia,saint-lucia,LC,Castries Quarter,castries-quarter,Sand De Feu,sand-de-feu
Saint Lucia,saint-lucia,LC,Castries Quarter,castries-quarter,Sarot,sarot
Saint Lucia,saint-lucia,LC,Castries Quarter,castries-quarter,Summersdale,summersdale
Saint Lucia,saint-lucia,LC,Castries Quarter,castries-quarter,Sunbilt,sunbilt
Saint Lucia,saint-lucia,LC,Castries Quarter,castries-quarter,Sunny Acres,sunny-acres
Saint Lucia,saint-lucia,LC,Castries Quarter,castries-quarter,Talvern,talvern
Saint Lucia,saint-lucia,LC,Castries Quarter,castries-quarter,Tapion,tapion
Saint Lucia,saint-lucia,LC,Castries Quarter,castries-quarter,The Morne,the-morne
Saint Lucia,saint-lucia,LC,Castries Quarter,castries-quarter,Ti Colon,ti-colon
Saint Lucia,saint-lucia,LC,Castries Quarter,castries-quarter,Ti Rocher,ti-rocher
Saint Lucia,saint-lucia,LC,Castries Quarter,castries-quarter,Trois Piton,trois-piton
Saint Lucia,saint-lucia,LC,Castries Quarter,castries-quarter,Trou Cochan/Marc,trou-cochanmarc
Saint Lucia,saint-lucia,LC,Castries Quarter,castries-quarter,Trou Florent/Marc,trou-florentmarc
Saint Lucia,saint-lucia,LC,Castries Quarter,castries-quarter,Trou Rouge,trou-rouge
Saint Lucia,saint-lucia,LC,Castries Quarter,castries-quarter,Vide Bouteille,vide-bouteille
Saint Lucia,saint-lucia,LC,Castries Quarter,castries-quarter,Vigie,vigie
Saint Lucia,saint-lucia,LC,Castries Quarter,castries-quarter,Waterworks,waterworks
Saint Lucia,saint-lucia,LC,Castries Quarter,castries-quarter,Wilton'S Yard/Grave Yard,wiltons-yardgrave-yard
Saint Lucia,saint-lucia,LC,Castries Quarter,castries-quarter,Yorke Hill,yorke-hill
Saint Lucia,saint-lucia,LC,Choiseul Quarter,choiseul-quarter,Belle Vue,belle-vue
Saint Lucia,saint-lucia,LC,Choiseul Quarter,choiseul-quarter,Bois Dinde,bois-dinde
Saint Lucia,saint-lucia,LC,Choiseul Quarter,choiseul-quarter,Caffiere,caffiere
Saint Lucia,saint-lucia,LC,Choiseul Quarter,choiseul-quarter,Cedars/Chu Tigre,cedarschu-tigre
Saint Lucia,saint-lucia,LC,Choiseul Quarter,choiseul-quarter,Choiseul,choiseul
Saint Lucia,saint-lucia,LC,Choiseul Quarter,choiseul-quarter,Christian Hill,christian-hill
Saint Lucia,saint-lucia,LC,Choiseul Quarter,choiseul-quarter,Dacretin,dacretin
Saint Lucia,saint-lucia,LC,Choiseul Quarter,choiseul-quarter,Debreuil,debreuil
Saint Lucia,saint-lucia,LC,Choiseul Quarter,choiseul-quarter,Delcer,delcer
Saint Lucia,saint-lucia,LC,Choiseul Quarter,choiseul-quarter,Derriere Morne,derriere-morne
Saint Lucia,saint-lucia,LC,Choiseul Quarter,choiseul-quarter,Dugard,dugard
Saint Lucia,saint-lucia,LC,Choiseul Quarter,choiseul-quarter,Dupre,dupre
Saint Lucia,saint-lucia,LC,Choiseul Quarter,choiseul-quarter,Esperance,esperance
Saint Lucia,saint-lucia,LC,Choiseul Quarter,choiseul-quarter,Franciou,franciou
Saint Lucia,saint-lucia,LC,Choiseul Quarter,choiseul-quarter,Industry,industry
Saint Lucia,saint-lucia,LC,Choiseul Quarter,choiseul-quarter,La Fargue,la-fargue
Saint Lucia,saint-lucia,LC,Choiseul Quarter,choiseul-quarter,La Pointe,la-pointe
Saint Lucia,saint-lucia,LC,Choiseul Quarter,choiseul-quarter,Lamaze,lamaze
Saint Lucia,saint-lucia,LC,Choiseul Quarter,choiseul-quarter,Le Riche,le-riche
Saint Lucia,saint-lucia,LC,Choiseul Quarter,choiseul-quarter,Mailly Motete,mailly-motete
Saint Lucia,saint-lucia,LC,Choiseul Quarter,choiseul-quarter,Martin,martin
Saint Lucia,saint-lucia,LC,Choiseul Quarter,choiseul-quarter,Mongouge,mongouge
Saint Lucia,saint-lucia,LC,Choiseul Quarter,choiseul-quarter,Monzie,monzie
Saint Lucia,saint-lucia,LC,Choiseul Quarter,choiseul-quarter,Morne Jacques,morne-jacques
Saint Lucia,saint-lucia,LC,Choiseul Quarter,choiseul-quarter,Morne Sion,morne-sion
Saint Lucia,saint-lucia,LC,Choiseul Quarter,choiseul-quarter,Motete,motete
Saint Lucia,saint-lucia,LC,Choiseul Quarter,choiseul-quarter,New Field/Fiette,new-fieldfiette
Saint Lucia,saint-lucia,LC,Choiseul Quarter,choiseul-quarter,Ponyon,ponyon
Saint Lucia,saint-lucia,LC,Choiseul Quarter,choiseul-quarter,Raveneau,raveneau
Saint Lucia,saint-lucia,LC,Choiseul Quarter,choiseul-quarter,Reunion,reunion
Saint Lucia,saint-lucia,LC,Choiseul Quarter,choiseul-quarter,River Doree,river-doree
Saint Lucia,saint-lucia,LC,Choiseul Quarter,choiseul-quarter,Roblot,roblot
Saint Lucia,saint-lucia,LC,Choiseul Quarter,choiseul-quarter,Sauzay,sauzay
Saint Lucia,saint-lucia,LC,Choiseul Quarter,choiseul-quarter,Savannesgeorge/Constitution,savannesgeorgeconstitution
Saint Lucia,saint-lucia,LC,Choiseul Quarter,choiseul-quarter,Victoria,victoria
Saint Lucia,saint-lucia,LC,Choiseul Quarter,choiseul-quarter,Village,village
Saint Lucia,saint-lucia,LC,Dauphin Quarter,dauphin-quarter,Dauphin Quarter,dauphin-quarter
Saint Lucia,saint-lucia,LC,Dennery Quarter,dennery-quarter,Anse Canot,anse-canot
Saint Lucia,saint-lucia,LC,Dennery Quarter,dennery-quarter,Athens,athens
Saint Lucia,saint-lucia,LC,Dennery Quarter,dennery-quarter,Au Leon,au-leon
Saint Lucia,saint-lucia,LC,Dennery Quarter,dennery-quarter,Bara Bara,bara-bara
Saint Lucia,saint-lucia,LC,Dennery Quarter,dennery-quarter,Bazile,bazile
Saint Lucia,saint-lucia,LC,Dennery Quarter,dennery-quarter,Belmont,belmont
Saint Lucia,saint-lucia,LC,Dennery Quarter,dennery-quarter,Bois Joli,bois-joli
Saint Lucia,saint-lucia,LC,Dennery Quarter,dennery-quarter,Bordelais,bordelais
Saint Lucia,saint-lucia,LC,Dennery Quarter,dennery-quarter,Bosquet D'Or,bosquet-dor
Saint Lucia,saint-lucia,LC,Dennery Quarter,dennery-quarter,Delaide,delaide
Saint Lucia,saint-lucia,LC,Dennery Quarter,dennery-quarter,Dennery,dennery
Saint Lucia,saint-lucia,LC,Dennery Quarter,dennery-quarter,Dennery By Pass,dennery-by-pass
Saint Lucia,saint-lucia,LC,Dennery Quarter,dennery-quarter,Dennery By Pass/Green Mountain,dennery-by-passgreen-mountain
Saint Lucia,saint-lucia,LC,Dennery Quarter,dennery-quarter,Dennery By Pass/Rocky Lane,dennery-by-passrocky-lane
Saint Lucia,saint-lucia,LC,Dennery Quarter,dennery-quarter,Dennery By Pass/White Rock Gardens,dennery-by-passwhite-rock-gardens
Saint Lucia,saint-lucia,LC,Dennery Quarter,dennery-quarter,Dennery Village,dennery-village
Saint Lucia,saint-lucia,LC,Dennery Quarter,dennery-quarter,Derniere Riviere,derniere-riviere
Saint Lucia,saint-lucia,LC,Dennery Quarter,dennery-quarter,Derniere Riviere/Fond Maricient,derniere-rivierefond-maricient
Saint Lucia,saint-lucia,LC,Dennery Quarter,dennery-quarter,Derniere Riviere/Mardi Gras/Morne Caca Cochon,derniere-rivieremardi-grasmorne-caca-cochon
Saint Lucia,saint-lucia,LC,Dennery Quarter,dennery-quarter,Derniere Riviere/Morne Panache,derniere-rivieremorne-panache
Saint Lucia,saint-lucia,LC,Dennery Quarter,dennery-quarter,Despinoze,despinoze
Saint Lucia,saint-lucia,LC,Dennery Quarter,dennery-quarter,Dubonnaire,dubonnaire
Saint Lucia,saint-lucia,LC,Dennery Quarter,dennery-quarter,Gadette,gadette
Saint Lucia,saint-lucia,LC,Dennery Quarter,dennery-quarter,Grande Ravine,grande-ravine
Saint Lucia,saint-lucia,LC,Dennery Quarter,dennery-quarter,Grande Riviere,grande-riviere
Saint Lucia,saint-lucia,LC,Dennery Quarter,dennery-quarter,Grande Riviere/Des Branch,grande-rivieredes-branch
Saint Lucia,saint-lucia,LC,Dennery Quarter,dennery-quarter,Grande Riviere/En Leur Morne/Discompere,grande-riviereen-leur-mornediscompere
Saint Lucia,saint-lucia,LC,Dennery Quarter,dennery-quarter,Grande Riviere/Funier,grande-rivierefunier
Saint Lucia,saint-lucia,LC,Dennery Quarter,dennery-quarter,Grande Riviere/Morne Caca Cochon,grande-rivieremorne-caca-cochon
Saint Lucia,saint-lucia,LC,Dennery Quarter,dennery-quarter,La Caye,la-caye
Saint Lucia,saint-lucia,LC,Dennery Quarter,dennery-quarter,La Pelle,la-pelle
Saint Lucia,saint-lucia,LC,Dennery Quarter,dennery-quarter,La Pointe,la-pointe
Saint Lucia,saint-lucia,LC,Dennery Quarter,dennery-quarter,La Ressource,la-ressource
Saint Lucia,saint-lucia,LC,Dennery Quarter,dennery-quarter,Lumiere,lumiere
Saint Lucia,saint-lucia,LC,Dennery Quarter,dennery-quarter,Morne Panache,morne-panache
Saint Lucia,saint-lucia,LC,Dennery Quarter,dennery-quarter,Riche Fond,riche-fond
Saint Lucia,saint-lucia,LC,Dennery Quarter,dennery-quarter,Riche Fond/La Belle Vie,riche-fondla-belle-vie
Saint Lucia,saint-lucia,LC,Dennery Quarter,dennery-quarter,Riche Fond/New Village,riche-fondnew-village
Saint Lucia,saint-lucia,LC,Dennery Quarter,dennery-quarter,St. Joseph Estate,st-joseph-estate
Saint Lucia,saint-lucia,LC,Dennery Quarter,dennery-quarter,Thamazo,thamazo
Saint Lucia,saint-lucia,LC,Gros Islet Quarter,gros-islet-quarter,Beausejour,beausejour
Saint Lucia,saint-lucia,LC,Gros Islet Quarter,gros-islet-quarter,Beausejour/Fostin'S Development,beausejourfostins-development
Saint Lucia,saint-lucia,LC,Gros Islet Quarter,gros-islet-quarter,Beausejour/Ndc,beausejourndc
Saint Lucia,saint-lucia,LC,Gros Islet Quarter,gros-islet-quarter,Bella Rosa,bella-rosa
Saint Lucia,saint-lucia,LC,Gros Islet Quarter,gros-islet-quarter,Belle Vue,belle-vue
Saint Lucia,saint-lucia,LC,Gros Islet Quarter,gros-islet-quarter,Belle Vue Estate,belle-vue-estate
Saint Lucia,saint-lucia,LC,Gros Islet Quarter,gros-islet-quarter,Boguis,boguis
Saint Lucia,saint-lucia,LC,Gros Islet Quarter,gros-islet-quarter,Boguis/Desa Blond,boguisdesa-blond
Saint Lucia,saint-lucia,LC,Gros Islet Quarter,gros-islet-quarter,Bois D'Orange,bois-dorange
Saint Lucia,saint-lucia,LC,Gros Islet Quarter,gros-islet-quarter,Bois D'Ornange/Trouya,bois-dornangetrouya
Saint Lucia,saint-lucia,LC,Gros Islet Quarter,gros-islet-quarter,Bonneterre,bonneterre
Saint Lucia,saint-lucia,LC,Gros Islet Quarter,gros-islet-quarter,Bonneterre Gardens,bonneterre-gardens
Saint Lucia,saint-lucia,LC,Gros Islet Quarter,gros-islet-quarter,Cap Estate,cap-estate
Saint Lucia,saint-lucia,LC,Gros Islet Quarter,gros-islet-quarter,Cap Estate/Becune Point,cap-estatebecune-point
Saint Lucia,saint-lucia,LC,Gros Islet Quarter,gros-islet-quarter,Cap Estate/Caribbean Park,cap-estatecaribbean-park
Saint Lucia,saint-lucia,LC,Gros Islet Quarter,gros-islet-quarter,Cap Estate/Golf Park,cap-estategolf-park
Saint Lucia,saint-lucia,LC,Gros Islet Quarter,gros-islet-quarter,Cap Estate/Lower Saline Point,cap-estatelower-saline-point
Saint Lucia,saint-lucia,LC,Gros Islet Quarter,gros-islet-quarter,Cap Estate/Mon Du Cap,cap-estatemon-du-cap
Saint Lucia,saint-lucia,LC,Gros Islet Quarter,gros-islet-quarter,Cap Estate/Ranch Site,cap-estateranch-site
Saint Lucia,saint-lucia,LC,Gros Islet Quarter,gros-islet-quarter,Cap Estate/Saddlec Back,cap-estatesaddlec-back
Saint Lucia,saint-lucia,LC,Gros Islet Quarter,gros-islet-quarter,Cap Estate/Upper Saline Point,cap-estateupper-saline-point
Saint Lucia,saint-lucia,LC,Gros Islet Quarter,gros-islet-quarter,Cas En Bas,cas-en-bas
Saint Lucia,saint-lucia,LC,Gros Islet Quarter,gros-islet-quarter,Caye Manje',caye-manje
Saint Lucia,saint-lucia,LC,Gros Islet Quarter,gros-islet-quarter,Corinth,corinth
Saint Lucia,saint-lucia,LC,Gros Islet Quarter,gros-islet-quarter,Corinth Estate,corinth-estate
Saint Lucia,saint-lucia,LC,Gros Islet Quarter,gros-islet-quarter,Corinth/La Bel Lair,corinthla-bel-lair
Saint Lucia,saint-lucia,LC,Gros Islet Quarter,gros-islet-quarter,Dauphin,dauphin
Saint Lucia,saint-lucia,LC,Gros Islet Quarter,gros-islet-quarter,Des Barras,des-barras
Saint Lucia,saint-lucia,LC,Gros Islet Quarter,gros-islet-quarter,Des Barras/Cacolie,des-barrascacolie
Saint Lucia,saint-lucia,LC,Gros Islet Quarter,gros-islet-quarter,Desrameaux,desrameaux
Saint Lucia,saint-lucia,LC,Gros Islet Quarter,gros-islet-quarter,Garrand,garrand
Saint Lucia,saint-lucia,LC,Gros Islet Quarter,gros-islet-quarter,Grand Riviere,grand-riviere
Saint Lucia,saint-lucia,LC,Gros Islet Quarter,gros-islet-quarter,Grande Riviere/Assou Canal,grande-riviereassou-canal
Saint Lucia,saint-lucia,LC,Gros Islet Quarter,gros-islet-quarter,Grande Riviere/Ingle Woods,grande-riviereingle-woods
Saint Lucia,saint-lucia,LC,Gros Islet Quarter,gros-islet-quarter,Grande Riviere/Morne Serpent,grande-rivieremorne-serpent
Saint Lucia,saint-lucia,LC,Gros Islet Quarter,gros-islet-quarter,Grande Riviere/Norbert,grande-rivierenorbert
Saint Lucia,saint-lucia,LC,Gros Islet Quarter,gros-islet-quarter,Grande Riviere/Piat,grande-rivierepiat
Saint Lucia,saint-lucia,LC,Gros Islet Quarter,gros-islet-quarter,Grande Riviere/White Rock,grande-rivierewhite-rock
Saint Lucia,saint-lucia,LC,Gros Islet Quarter,gros-islet-quarter,Gros Islet,gros-islet
Saint Lucia,saint-lucia,LC,Gros Islet Quarter,gros-islet-quarter,Gros Islet Town,gros-islet-town
Saint Lucia,saint-lucia,LC,Gros Islet Quarter,gros-islet-quarter,Gros Islet/Edge Water,gros-isletedge-water
Saint Lucia,saint-lucia,LC,Gros Islet Quarter,gros-islet-quarter,L'Hermitage,lhermitage
Saint Lucia,saint-lucia,LC,Gros Islet Quarter,gros-islet-quarter,La Croix Chabourgh,la-croix-chabourgh
Saint Lucia,saint-lucia,LC,Gros Islet Quarter,gros-islet-quarter,La Guerre,la-guerre
Saint Lucia,saint-lucia,LC,Gros Islet Quarter,gros-islet-quarter,La Guerre/Chicken Back Street,la-guerrechicken-back-street
Saint Lucia,saint-lucia,LC,Gros Islet Quarter,gros-islet-quarter,Marisule,marisule
Saint Lucia,saint-lucia,LC,Gros Islet Quarter,gros-islet-quarter,Marisule/Bon Air,marisulebon-air
Saint Lucia,saint-lucia,LC,Gros Islet Quarter,gros-islet-quarter,Marisule/East Winds,marisuleeast-winds
Saint Lucia,saint-lucia,LC,Gros Islet Quarter,gros-islet-quarter,Marisule/La Brellotte,marisulela-brellotte
Saint Lucia,saint-lucia,LC,Gros Islet Quarter,gros-islet-quarter,Marisule/Top Of The World,marisuletop-of-the-world
Saint Lucia,saint-lucia,LC,Gros Islet Quarter,gros-islet-quarter,Marquis Estate,marquis-estate
Saint Lucia,saint-lucia,LC,Gros Islet Quarter,gros-islet-quarter,Massade,massade
Saint Lucia,saint-lucia,LC,Gros Islet Quarter,gros-islet-quarter,Monchy,monchy
Saint Lucia,saint-lucia,LC,Gros Islet Quarter,gros-islet-quarter,Monchy/Careffe,monchycareffe
Saint Lucia,saint-lucia,LC,Gros Islet Quarter,gros-islet-quarter,Monchy/Cletus Village,monchycletus-village
Saint Lucia,saint-lucia,LC,Gros Islet Quarter,gros-islet-quarter,Monchy/La Borne,monchyla-borne
Saint Lucia,saint-lucia,LC,Gros Islet Quarter,gros-islet-quarter,Monchy/La Borne/Sans Souci,monchyla-bornesans-souci
Saint Lucia,saint-lucia,LC,Gros Islet Quarter,gros-islet-quarter,Monchy/La Retraite,monchyla-retraite
Saint Lucia,saint-lucia,LC,Gros Islet Quarter,gros-islet-quarter,Monchy/Lafeuillee,monchylafeuillee
Saint Lucia,saint-lucia,LC,Gros Islet Quarter,gros-islet-quarter,Monchy/Lawi Fwen,monchylawi-fwen
Saint Lucia,saint-lucia,LC,Gros Islet Quarter,gros-islet-quarter,Monchy/Malgretoute,monchymalgretoute
Saint Lucia,saint-lucia,LC,Gros Islet Quarter,gros-islet-quarter,Monchy/Moulin A Vent,monchymoulin-a-vent
Saint Lucia,saint-lucia,LC,Gros Islet Quarter,gros-islet-quarter,Monchy/Ravine Macock,monchyravine-macock
Saint Lucia,saint-lucia,LC,Gros Islet Quarter,gros-islet-quarter,Monchy/Riviere Mitan,monchyriviere-mitan
Saint Lucia,saint-lucia,LC,Gros Islet Quarter,gros-islet-quarter,Monchy/Ti Dauphin,monchyti-dauphin
Saint Lucia,saint-lucia,LC,Gros Islet Quarter,gros-islet-quarter,Monchy/Vieux Sucreic,monchyvieux-sucreic
Saint Lucia,saint-lucia,LC,Gros Islet Quarter,gros-islet-quarter,Monchy/Vieux Sucreic/Bois D'Inde,monchyvieux-sucreicbois-dinde
Saint Lucia,saint-lucia,LC,Gros Islet Quarter,gros-islet-quarter,Monchy/Vieux Sucreic/Careffe,monchyvieux-sucreiccareffe
Saint Lucia,saint-lucia,LC,Gros Islet Quarter,gros-islet-quarter,Mongiraud,mongiraud
Saint Lucia,saint-lucia,LC,Gros Islet Quarter,gros-islet-quarter,Monier,monier
Saint Lucia,saint-lucia,LC,Gros Islet Quarter,gros-islet-quarter,Morne Citon,morne-citon
Saint Lucia,saint-lucia,LC,Gros Islet Quarter,gros-islet-quarter,Paix Bouche,paix-bouche
Saint Lucia,saint-lucia,LC,Gros Islet Quarter,gros-islet-quarter,Pigeon Island,pigeon-island
Saint Lucia,saint-lucia,LC,Gros Islet Quarter,gros-islet-quarter,Plateau,plateau
Saint Lucia,saint-lucia,LC,Gros Islet Quarter,gros-islet-quarter,Reduit,reduit
Saint Lucia,saint-lucia,LC,Gros Islet Quarter,gros-islet-quarter,Reduit Orchard,reduit-orchard
Saint Lucia,saint-lucia,LC,Gros Islet Quarter,gros-islet-quarter,Reduit Park,reduit-park
Saint Lucia,saint-lucia,LC,Gros Islet Quarter,gros-islet-quarter,Rodney Bay,rodney-bay
Saint Lucia,saint-lucia,LC,Gros Islet Quarter,gros-islet-quarter,Rodney Heights,rodney-heights
Saint Lucia,saint-lucia,LC,Gros Islet Quarter,gros-islet-quarter,Union,union
Saint Lucia,saint-lucia,LC,Gros Islet Quarter,gros-islet-quarter,Union Terrace,union-terrace
Saint Lucia,saint-lucia,LC,Gros Islet Quarter,gros-islet-quarter,Union/Ti Morne,unionti-morne
Saint Lucia,saint-lucia,LC,Laborie Quarter,laborie-quarter,Annus,annus
Saint Lucia,saint-lucia,LC,Laborie Quarter,laborie-quarter,Balca,balca
Saint Lucia,saint-lucia,LC,Laborie Quarter,laborie-quarter,Balca/En Leur Ba,balcaen-leur-ba
Saint Lucia,saint-lucia,LC,Laborie Quarter,laborie-quarter,Balembouche,balembouche
Saint Lucia,saint-lucia,LC,Laborie Quarter,laborie-quarter,Banse,banse
Saint Lucia,saint-lucia,LC,Laborie Quarter,laborie-quarter,Banse La Grace,banse-la-grace
Saint Lucia,saint-lucia,LC,Laborie Quarter,laborie-quarter,Bongalo,bongalo
Saint Lucia,saint-lucia,LC,Laborie Quarter,laborie-quarter,Daban,daban
Saint Lucia,saint-lucia,LC,Laborie Quarter,laborie-quarter,Fond Berange,fond-berange
Saint Lucia,saint-lucia,LC,Laborie Quarter,laborie-quarter,Gayabois,gayabois
Saint Lucia,saint-lucia,LC,Laborie Quarter,laborie-quarter,Gentil,gentil
Saint Lucia,saint-lucia,LC,Laborie Quarter,laborie-quarter,Getrine,getrine
Saint Lucia,saint-lucia,LC,Laborie Quarter,laborie-quarter,Giraud,giraud
Saint Lucia,saint-lucia,LC,Laborie Quarter,laborie-quarter,H'Erelle,herelle
Saint Lucia,saint-lucia,LC,Laborie Quarter,laborie-quarter,Kennedy Highway/Laborie Bypass,kennedy-highwaylaborie-bypass
Saint Lucia,saint-lucia,LC,Laborie Quarter,laborie-quarter,La Haut,la-haut
Saint Lucia,saint-lucia,LC,Laborie Quarter,laborie-quarter,La Perle,la-perle
Saint Lucia,saint-lucia,LC,Laborie Quarter,laborie-quarter,Laborie,laborie
Saint Lucia,saint-lucia,LC,Laborie Quarter,laborie-quarter,Londonderry,londonderry
Saint Lucia,saint-lucia,LC,Laborie Quarter,laborie-quarter,Macdomel,macdomel
Saint Lucia,saint-lucia,LC,Laborie Quarter,laborie-quarter,Morne Gomier,morne-gomier
Saint Lucia,saint-lucia,LC,Laborie Quarter,laborie-quarter,Morne Le Blanc,morne-le-blanc
Saint Lucia,saint-lucia,LC,Laborie Quarter,laborie-quarter,Olibo,olibo
Saint Lucia,saint-lucia,LC,Laborie Quarter,laborie-quarter,Parc Estate,parc-estate
Saint Lucia,saint-lucia,LC,Laborie Quarter,laborie-quarter,Piaye,piaye
Saint Lucia,saint-lucia,LC,Laborie Quarter,laborie-quarter,Saltibus,saltibus
Saint Lucia,saint-lucia,LC,Laborie Quarter,laborie-quarter,Saphire,saphire
Saint Lucia,saint-lucia,LC,Laborie Quarter,laborie-quarter,Tete Morne,tete-morne
Saint Lucia,saint-lucia,LC,Laborie Quarter,laborie-quarter,Village,village
Saint Lucia,saint-lucia,LC,Laborie Quarter,laborie-quarter,Warwick/Daban,warwickdaban
Saint Lucia,saint-lucia,LC,Micoud Quarter,micoud-quarter,Anse Ger,anse-ger
Saint Lucia,saint-lucia,LC,Micoud Quarter,micoud-quarter,Beauchamp,beauchamp
Saint Lucia,saint-lucia,LC,Micoud Quarter,micoud-quarter,Blanchard,blanchard
Saint Lucia,saint-lucia,LC,Micoud Quarter,micoud-quarter,Canelles,canelles
Saint Lucia,saint-lucia,LC,Micoud Quarter,micoud-quarter,Cazuca,cazuca
Saint Lucia,saint-lucia,LC,Micoud Quarter,micoud-quarter,Chique/Blanchard,chiqueblanchard
Saint Lucia,saint-lucia,LC,Micoud Quarter,micoud-quarter,Coolie Town,coolie-town
Saint Lucia,saint-lucia,LC,Micoud Quarter,micoud-quarter,Delomel,delomel
Saint Lucia,saint-lucia,LC,Micoud Quarter,micoud-quarter,Des Blanchard,des-blanchard
Saint Lucia,saint-lucia,LC,Micoud Quarter,micoud-quarter,Desruisseaux,desruisseaux
Saint Lucia,saint-lucia,LC,Micoud Quarter,micoud-quarter,Dugard,dugard
Saint Lucia,saint-lucia,LC,Micoud Quarter,micoud-quarter,Escap,escap
Saint Lucia,saint-lucia,LC,Micoud Quarter,micoud-quarter,Fond D'Lor/Dugard,fond-dlordugard
Saint Lucia,saint-lucia,LC,Micoud Quarter,micoud-quarter,Fond Estate,fond-estate
Saint Lucia,saint-lucia,LC,Micoud Quarter,micoud-quarter,Fond/Desruisseaux,fonddesruisseaux
Saint Lucia,saint-lucia,LC,Micoud Quarter,micoud-quarter,Gomier,gomier
Saint Lucia,saint-lucia,LC,Micoud Quarter,micoud-quarter,Gouette,gouette
Saint Lucia,saint-lucia,LC,Micoud Quarter,micoud-quarter,Honeymoon Beach,honeymoon-beach
Saint Lucia,saint-lucia,LC,Micoud Quarter,micoud-quarter,L'Eau Mineau,leau-mineau
Saint Lucia,saint-lucia,LC,Micoud Quarter,micoud-quarter,La Courville,la-courville
Saint Lucia,saint-lucia,LC,Micoud Quarter,micoud-quarter,La Pointe,la-pointe
Saint Lucia,saint-lucia,LC,Micoud Quarter,micoud-quarter,La Tille,la-tille
Saint Lucia,saint-lucia,LC,Micoud Quarter,micoud-quarter,Lezy,lezy
Saint Lucia,saint-lucia,LC,Micoud Quarter,micoud-quarter,Lombard,lombard
Saint Lucia,saint-lucia,LC,Micoud Quarter,micoud-quarter,Mahaut,mahaut
Saint Lucia,saint-lucia,LC,Micoud Quarter,micoud-quarter,Malgretoute,malgretoute
Saint Lucia,saint-lucia,LC,Micoud Quarter,micoud-quarter,Mamiku,mamiku
Saint Lucia,saint-lucia,LC,Micoud Quarter,micoud-quarter,Micoud,micoud
Saint Lucia,saint-lucia,LC,Micoud Quarter,micoud-quarter,Mon Repos,mon-repos
Saint Lucia,saint-lucia,LC,Micoud Quarter,micoud-quarter,Moreau,moreau
Saint Lucia,saint-lucia,LC,Micoud Quarter,micoud-quarter,Morne Vient,morne-vient
Saint Lucia,saint-lucia,LC,Micoud Quarter,micoud-quarter,Myette Gardens,myette-gardens
Saint Lucia,saint-lucia,LC,Micoud Quarter,micoud-quarter,New Village,new-village
Saint Lucia,saint-lucia,LC,Micoud Quarter,micoud-quarter,Paix Bouche,paix-bouche
Saint Lucia,saint-lucia,LC,Micoud Quarter,micoud-quarter,Palmiste Estate,palmiste-estate
Saint Lucia,saint-lucia,LC,Micoud Quarter,micoud-quarter,Patience,patience
Saint Lucia,saint-lucia,LC,Micoud Quarter,micoud-quarter,Planard,planard
Saint Lucia,saint-lucia,LC,Micoud Quarter,micoud-quarter,Praslin,praslin
Saint Lucia,saint-lucia,LC,Micoud Quarter,micoud-quarter,Rameau,rameau
Saint Lucia,saint-lucia,LC,Micoud Quarter,micoud-quarter,Saint Marie Road,saint-marie-road
Saint Lucia,saint-lucia,LC,Micoud Quarter,micoud-quarter,Saut,saut
Saint Lucia,saint-lucia,LC,Micoud Quarter,micoud-quarter,Savannes,savannes
Saint Lucia,saint-lucia,LC,Micoud Quarter,micoud-quarter,St Helen Estate,st-helen-estate
Saint Lucia,saint-lucia,LC,Micoud Quarter,micoud-quarter,Ti Riviere,ti-riviere
Saint Lucia,saint-lucia,LC,Micoud Quarter,micoud-quarter,Ti Rocher,ti-rocher
Saint Lucia,saint-lucia,LC,Micoud Quarter,micoud-quarter,Troumassee,troumassee
Saint Lucia,saint-lucia,LC,Micoud Quarter,micoud-quarter,Village,village
Saint Lucia,saint-lucia,LC,Micoud Quarter,micoud-quarter,Volet,volet
Saint Lucia,saint-lucia,LC,Praslin Quarter,praslin-quarter,Praslin Quarter,praslin-quarter
Saint Lucia,saint-lucia,LC,Soufriere Quarter,soufriere-quarter,Anse Chastanet,anse-chastanet
Saint Lucia,saint-lucia,LC,Soufriere Quarter,soufriere-quarter,Barons Drive/Coin De L'Anse,barons-drivecoin-de-lanse
Saint Lucia,saint-lucia,LC,Soufriere Quarter,soufriere-quarter,Beasejour/Myers Bridge,beasejourmyers-bridge
Saint Lucia,saint-lucia,LC,Soufriere Quarter,soufriere-quarter,Belle Plaine,belle-plaine
Saint Lucia,saint-lucia,LC,Soufriere Quarter,soufriere-quarter,Bellefond,bellefond
Saint Lucia,saint-lucia,LC,Soufriere Quarter,soufriere-quarter,Belvedere,belvedere
Saint Lucia,saint-lucia,LC,Soufriere Quarter,soufriere-quarter,Bois D'Inde,bois-dinde
Saint Lucia,saint-lucia,LC,Soufriere Quarter,soufriere-quarter,Bouton,bouton
Saint Lucia,saint-lucia,LC,Soufriere Quarter,soufriere-quarter,Calvary/Calvaire,calvarycalvaire
Saint Lucia,saint-lucia,LC,Soufriere Quarter,soufriere-quarter,Cenac,cenac
Saint Lucia,saint-lucia,LC,Soufriere Quarter,soufriere-quarter,Chateau Belair,chateau-belair
Saint Lucia,saint-lucia,LC,Soufriere Quarter,soufriere-quarter,Colombette,colombette
Saint Lucia,saint-lucia,LC,Soufriere Quarter,soufriere-quarter,Compar,compar
Saint Lucia,saint-lucia,LC,Soufriere Quarter,soufriere-quarter,Cresslands,cresslands
Saint Lucia,saint-lucia,LC,Soufriere Quarter,soufriere-quarter,Deville,deville
Saint Lucia,saint-lucia,LC,Soufriere Quarter,soufriere-quarter,Diamond/Diamond Estate,diamonddiamond-estate
Saint Lucia,saint-lucia,LC,Soufriere Quarter,soufriere-quarter,Esperance,esperance
Saint Lucia,saint-lucia,LC,Soufriere Quarter,soufriere-quarter,Etangs,etangs
Saint Lucia,saint-lucia,LC,Soufriere Quarter,soufriere-quarter,Fond Bernier,fond-bernier
Saint Lucia,saint-lucia,LC,Soufriere Quarter,soufriere-quarter,Fond Cacoa,fond-cacoa
Saint Lucia,saint-lucia,LC,Soufriere Quarter,soufriere-quarter,Fond Doux,fond-doux
Saint Lucia,saint-lucia,LC,Soufriere Quarter,soufriere-quarter,Fond Gens Libre,fond-gens-libre
Saint Lucia,saint-lucia,LC,Soufriere Quarter,soufriere-quarter,Jalousie,jalousie
Saint Lucia,saint-lucia,LC,Soufriere Quarter,soufriere-quarter,La Haut,la-haut
Saint Lucia,saint-lucia,LC,Soufriere Quarter,soufriere-quarter,La Pearle,la-pearle
Saint Lucia,saint-lucia,LC,Soufriere Quarter,soufriere-quarter,Lenny Hill,lenny-hill
Saint Lucia,saint-lucia,LC,Soufriere Quarter,soufriere-quarter,Malgretoute,malgretoute
Saint Lucia,saint-lucia,LC,Soufriere Quarter,soufriere-quarter,Migny,migny
Saint Lucia,saint-lucia,LC,Soufriere Quarter,soufriere-quarter,Mocha,mocha
Saint Lucia,saint-lucia,LC,Soufriere Quarter,soufriere-quarter,Morne Bonin,morne-bonin
Saint Lucia,saint-lucia,LC,Soufriere Quarter,soufriere-quarter,Morne La Croix,morne-la-croix
Saint Lucia,saint-lucia,LC,Soufriere Quarter,soufriere-quarter,Morne Lastic/Desruisseaux,morne-lasticdesruisseaux
Saint Lucia,saint-lucia,LC,Soufriere Quarter,soufriere-quarter,New Development,new-development
Saint Lucia,saint-lucia,LC,Soufriere Quarter,soufriere-quarter,Palmiste,palmiste
Saint Lucia,saint-lucia,LC,Soufriere Quarter,soufriere-quarter,Plat Pays,plat-pays
Saint Lucia,saint-lucia,LC,Soufriere Quarter,soufriere-quarter,Rabot,rabot
Saint Lucia,saint-lucia,LC,Soufriere Quarter,soufriere-quarter,Ravine Claire,ravine-claire
Saint Lucia,saint-lucia,LC,Soufriere Quarter,soufriere-quarter,Ruby Estate,ruby-estate
Saint Lucia,saint-lucia,LC,Soufriere Quarter,soufriere-quarter,Soufriere,soufriere
Saint Lucia,saint-lucia,LC,Soufriere Quarter,soufriere-quarter,Soufriere Estate,soufriere-estate
Saint Lucia,saint-lucia,LC,Soufriere Quarter,soufriere-quarter,St Phillip,st-phillip
Saint Lucia,saint-lucia,LC,Soufriere Quarter,soufriere-quarter,Stonefield,stonefield
Saint Lucia,saint-lucia,LC,Soufriere Quarter,soufriere-quarter,Sulphur Springs,sulphur-springs
Saint Lucia,saint-lucia,LC,Soufriere Quarter,soufriere-quarter,Ti Boug,ti-boug
Saint Lucia,saint-lucia,LC,Soufriere Quarter,soufriere-quarter,Ti Delcer,ti-delcer
Saint Lucia,saint-lucia,LC,Soufriere Quarter,soufriere-quarter,Toraille,toraille
Saint Lucia,saint-lucia,LC,Soufriere Quarter,soufriere-quarter,Town,town
Saint Lucia,saint-lucia,LC,Soufriere Quarter,soufriere-quarter,Union Vale,union-vale
Saint Lucia,saint-lucia,LC,Soufriere Quarter,soufriere-quarter,Zenon,zenon
Saint Lucia,saint-lucia,LC,Vieux Fort Quarter,vieux-fort-quarter,Augier,augier
Saint Lucia,saint-lucia,LC,Vieux Fort Quarter,vieux-fort-quarter,Beane Field,beane-field
Saint Lucia,saint-lucia,LC,Vieux Fort Quarter,vieux-fort-quarter,Beausejour,beausejour
Saint Lucia,saint-lucia,LC,Vieux Fort Quarter,vieux-fort-quarter,Belle Vue,belle-vue
Saint Lucia,saint-lucia,LC,Vieux Fort Quarter,vieux-fort-quarter,Black Bay,black-bay
Saint Lucia,saint-lucia,LC,Vieux Fort Quarter,vieux-fort-quarter,Bruceville/Shanty Town,brucevilleshanty-town
Saint Lucia,saint-lucia,LC,Vieux Fort Quarter,vieux-fort-quarter,Cacoa,cacoa
Saint Lucia,saint-lucia,LC,Vieux Fort Quarter,vieux-fort-quarter,Cantonement,cantonement
Saint Lucia,saint-lucia,LC,Vieux Fort Quarter,vieux-fort-quarter,Carierre,carierre
Saint Lucia,saint-lucia,LC,Vieux Fort Quarter,vieux-fort-quarter,Catin,catin
Saint Lucia,saint-lucia,LC,Vieux Fort Quarter,vieux-fort-quarter,Cocoa Dan,cocoa-dan
Saint Lucia,saint-lucia,LC,Vieux Fort Quarter,vieux-fort-quarter,Coolie Town,coolie-town
Saint Lucia,saint-lucia,LC,Vieux Fort Quarter,vieux-fort-quarter,De Mailly,de-mailly
Saint Lucia,saint-lucia,LC,Vieux Fort Quarter,vieux-fort-quarter,Derierre Bois,derierre-bois
Saint Lucia,saint-lucia,LC,Vieux Fort Quarter,vieux-fort-quarter,Derierre Morne,derierre-morne
Saint Lucia,saint-lucia,LC,Vieux Fort Quarter,vieux-fort-quarter,Docamel/La Resource,docamella-resource
Saint Lucia,saint-lucia,LC,Vieux Fort Quarter,vieux-fort-quarter,Eau Piquant/St Urbain,eau-piquantst-urbain
Saint Lucia,saint-lucia,LC,Vieux Fort Quarter,vieux-fort-quarter,En Bamboo,en-bamboo
Saint Lucia,saint-lucia,LC,Vieux Fort Quarter,vieux-fort-quarter,Esperance,esperance
Saint Lucia,saint-lucia,LC,Vieux Fort Quarter,vieux-fort-quarter,Fond Capeche,fond-capeche
Saint Lucia,saint-lucia,LC,Vieux Fort Quarter,vieux-fort-quarter,Fond Sabot,fond-sabot
Saint Lucia,saint-lucia,LC,Vieux Fort Quarter,vieux-fort-quarter,Grace,grace
Saint Lucia,saint-lucia,LC,Vieux Fort Quarter,vieux-fort-quarter,Hewanorra Orchard,hewanorra-orchard
Saint Lucia,saint-lucia,LC,Vieux Fort Quarter,vieux-fort-quarter,Hope Estate,hope-estate
Saint Lucia,saint-lucia,LC,Vieux Fort Quarter,vieux-fort-quarter,Industrial Estate,industrial-estate
Saint Lucia,saint-lucia,LC,Vieux Fort Quarter,vieux-fort-quarter,Joyeux,joyeux
Saint Lucia,saint-lucia,LC,Vieux Fort Quarter,vieux-fort-quarter,La Resource,la-resource
Saint Lucia,saint-lucia,LC,Vieux Fort Quarter,vieux-fort-quarter,La Retraite,la-retraite
Saint Lucia,saint-lucia,LC,Vieux Fort Quarter,vieux-fort-quarter,La Tourney/Cedar Heights,la-tourneycedar-heights
Saint Lucia,saint-lucia,LC,Vieux Fort Quarter,vieux-fort-quarter,Maganier,maganier
Saint Lucia,saint-lucia,LC,Vieux Fort Quarter,vieux-fort-quarter,Morne Cayenne,morne-cayenne
Saint Lucia,saint-lucia,LC,Vieux Fort Quarter,vieux-fort-quarter,Morne Vert,morne-vert
Saint Lucia,saint-lucia,LC,Vieux Fort Quarter,vieux-fort-quarter,Moule A Chique,moule-a-chique
Saint Lucia,saint-lucia,LC,Vieux Fort Quarter,vieux-fort-quarter,Obrier,obrier
Saint Lucia,saint-lucia,LC,Vieux Fort Quarter,vieux-fort-quarter,Pierrot,pierrot
Saint Lucia,saint-lucia,LC,Vieux Fort Quarter,vieux-fort-quarter,Plut,plut
Saint Lucia,saint-lucia,LC,Vieux Fort Quarter,vieux-fort-quarter,Pomme,pomme
Saint Lucia,saint-lucia,LC,Vieux Fort Quarter,vieux-fort-quarter,St Jude'S Highway,st-judes-highway
Saint Lucia,saint-lucia,LC,Vieux Fort Quarter,vieux-fort-quarter,Tete Morne/Morne Andrew,tete-mornemorne-andrew
Saint Lucia,saint-lucia,LC,Vieux Fort Quarter,vieux-fort-quarter,Town,town
Saint Lucia,saint-lucia,LC,Vieux Fort Quarter,vieux-fort-quarter,Vieux Fort,vieux-fort
Saint Lucia,saint-lucia,LC,Vieux Fort Quarter,vieux-fort-quarter,Vieux Fort/Laborie Highway,vieux-fortlaborie-highway
Saint Lucia,saint-lucia,LC,Vieux Fort Quarter,vieux-fort-quarter,Vige',vige
Saint Lucia,saint-lucia,LC,Vieux Fort Quarter,vieux-fort-quarter,Westall Group/The Mangue,westall-groupthe-mangue
