s_country_name,s_country_slug,s_country_code_iso2,s_region_name,s_region_slug,s_city_name,s_city_slug
Serbia,serbia,RS,Autonomous Province of Kosovo and Metohija,autonomous-province-of-kosovo-and-metohija,Autonomous Province of Kosovo and Metohija,autonomous-province-of-kosovo-and-metohija
Serbia,serbia,RS,Belgrade,belgrade,Belgrade,belgrade
Serbia,serbia,RS,Bor District,bor-district,Bor District,bor-district
Serbia,serbia,RS,Branicevo District,branicevo-district,Branicevo District,branicevo-district
Serbia,serbia,RS,Central Banat District,central-banat-district,Aranelovac,aranelovac
Serbia,serbia,RS,Central Banat District,central-banat-district,Arilje,arilje
Serbia,serbia,RS,Central Banat District,central-banat-district,Badovinci,badovinci
Serbia,serbia,RS,Central Banat District,central-banat-district,Bajina Basta,bajina-basta
Serbia,serbia,RS,Central Banat District,central-banat-district,Banovo Polje,banovo-polje
Serbia,serbia,RS,Central Banat District,central-banat-district,Baric,baric
Serbia,serbia,RS,Central Banat District,central-banat-district,Becmen,becmen
Serbia,serbia,RS,Central Banat District,central-banat-district,Belgrade,belgrade
Serbia,serbia,RS,Central Banat District,central-banat-district,Belotic,belotic
Serbia,serbia,RS,Central Banat District,central-banat-district,Biljaca,biljaca
Serbia,serbia,RS,Central Banat District,central-banat-district,Bogatic,bogatic
Serbia,serbia,RS,Central Banat District,central-banat-district,Bogosavac,bogosavac
Serbia,serbia,RS,Central Banat District,central-banat-district,Boljevci,boljevci
Serbia,serbia,RS,Central Banat District,central-banat-district,Bor,bor
Serbia,serbia,RS,Central Banat District,central-banat-district,Brdarica,brdarica
Serbia,serbia,RS,Central Banat District,central-banat-district,Bukor,bukor
Serbia,serbia,RS,Central Banat District,central-banat-district,Cacak,cacak
Serbia,serbia,RS,Central Banat District,central-banat-district,Cajetina,cajetina
Serbia,serbia,RS,Central Banat District,central-banat-district,Cicevac,cicevac
Serbia,serbia,RS,Central Banat District,central-banat-district,Cokesina,cokesina
Serbia,serbia,RS,Central Banat District,central-banat-district,Crna Bara,crna-bara
Serbia,serbia,RS,Central Banat District,central-banat-district,Cuprija,cuprija
Serbia,serbia,RS,Central Banat District,central-banat-district,Dobanovci,dobanovci
Serbia,serbia,RS,Central Banat District,central-banat-district,Dobric,dobric
Serbia,serbia,RS,Central Banat District,central-banat-district,Donji Dobric,donji-dobric
Serbia,serbia,RS,Central Banat District,central-banat-district,Donji Milanovac,donji-milanovac
Serbia,serbia,RS,Central Banat District,central-banat-district,Draginje,draginje
Serbia,serbia,RS,Central Banat District,central-banat-district,Drenovac,drenovac
Serbia,serbia,RS,Central Banat District,central-banat-district,Dublje,dublje
Serbia,serbia,RS,Central Banat District,central-banat-district,Duboka,duboka
Serbia,serbia,RS,Central Banat District,central-banat-district,urici,urici
Serbia,serbia,RS,Central Banat District,central-banat-district,Glusci,glusci
Serbia,serbia,RS,Central Banat District,central-banat-district,Golubac,golubac
Serbia,serbia,RS,Central Banat District,central-banat-district,Gornja Bukovica,gornja-bukovica
Serbia,serbia,RS,Central Banat District,central-banat-district,Gornji Milanovac,gornji-milanovac
Serbia,serbia,RS,Central Banat District,central-banat-district,Grabovac,grabovac
Serbia,serbia,RS,Central Banat District,central-banat-district,Jablanica,jablanica
Serbia,serbia,RS,Central Banat District,central-banat-district,Jadranska Lesnica,jadranska-lesnica
Serbia,serbia,RS,Central Banat District,central-banat-district,Jagodina,jagodina
Serbia,serbia,RS,Central Banat District,central-banat-district,Jarebice,jarebice
Serbia,serbia,RS,Central Banat District,central-banat-district,Jelenca,jelenca
Serbia,serbia,RS,Central Banat District,central-banat-district,Jevremovac,jevremovac
Serbia,serbia,RS,Central Banat District,central-banat-district,Joseva,joseva
Serbia,serbia,RS,Central Banat District,central-banat-district,Kamenica,kamenica
Serbia,serbia,RS,Central Banat District,central-banat-district,Klenje,klenje
Serbia,serbia,RS,Central Banat District,central-banat-district,Knjazevac,knjazevac
Serbia,serbia,RS,Central Banat District,central-banat-district,Kolubara,kolubara
Serbia,serbia,RS,Central Banat District,central-banat-district,Kozjak,kozjak
Serbia,serbia,RS,Central Banat District,central-banat-district,Kragujevac,kragujevac
Serbia,serbia,RS,Central Banat District,central-banat-district,Kraljevo,kraljevo
Serbia,serbia,RS,Central Banat District,central-banat-district,Krivaja,krivaja
Serbia,serbia,RS,Central Banat District,central-banat-district,Krupanj,krupanj
Serbia,serbia,RS,Central Banat District,central-banat-district,Krusevac,krusevac
Serbia,serbia,RS,Central Banat District,central-banat-district,Lagja e Poshtme,lagja-e-poshtme
Serbia,serbia,RS,Central Banat District,central-banat-district,Lapovo,lapovo
Serbia,serbia,RS,Central Banat District,central-banat-district,Lazarevac,lazarevac
Serbia,serbia,RS,Central Banat District,central-banat-district,Leskovac,leskovac
Serbia,serbia,RS,Central Banat District,central-banat-district,Lesnica,lesnica
Serbia,serbia,RS,Central Banat District,central-banat-district,Lipnicki Sor,lipnicki-sor
Serbia,serbia,RS,Central Banat District,central-banat-district,Lipolist,lipolist
Serbia,serbia,RS,Central Banat District,central-banat-district,Ljig,ljig
Serbia,serbia,RS,Central Banat District,central-banat-district,Ljubovija,ljubovija
Serbia,serbia,RS,Central Banat District,central-banat-district,Lugavcina,lugavcina
Serbia,serbia,RS,Central Banat District,central-banat-district,Macva,macva
Serbia,serbia,RS,Central Banat District,central-banat-district,Majdanpek,majdanpek
Serbia,serbia,RS,Central Banat District,central-banat-district,Majur,majur
Serbia,serbia,RS,Central Banat District,central-banat-district,Mala Mostanica,mala-mostanica
Serbia,serbia,RS,Central Banat District,central-banat-district,Mali Zvornik,mali-zvornik
Serbia,serbia,RS,Central Banat District,central-banat-district,Metkovic,metkovic
Serbia,serbia,RS,Central Banat District,central-banat-district,Miratovac,miratovac
Serbia,serbia,RS,Central Banat District,central-banat-district,Morava,morava
Serbia,serbia,RS,Central Banat District,central-banat-district,Negotin,negotin
Serbia,serbia,RS,Central Banat District,central-banat-district,Nis,nis
Serbia,serbia,RS,Central Banat District,central-banat-district,Nisava,nisava
Serbia,serbia,RS,Central Banat District,central-banat-district,Novi Pazar,novi-pazar
Serbia,serbia,RS,Central Banat District,central-banat-district,Novo Selo,novo-selo
Serbia,serbia,RS,Central Banat District,central-banat-district,Obrenovac,obrenovac
Serbia,serbia,RS,Central Banat District,central-banat-district,Osecina,osecina
Serbia,serbia,RS,Central Banat District,central-banat-district,Osjecenik,osjecenik
Serbia,serbia,RS,Central Banat District,central-banat-district,Ostruznica,ostruznica
Serbia,serbia,RS,Central Banat District,central-banat-district,Ovca,ovca
Serbia,serbia,RS,Central Banat District,central-banat-district,Paracin,paracin
Serbia,serbia,RS,Central Banat District,central-banat-district,Pcinja,pcinja
Serbia,serbia,RS,Central Banat District,central-banat-district,Petkovica,petkovica
Serbia,serbia,RS,Central Banat District,central-banat-district,Pirot,pirot
Serbia,serbia,RS,Central Banat District,central-banat-district,Pocerski Pricinovic,pocerski-pricinovic
Serbia,serbia,RS,Central Banat District,central-banat-district,Podunavlje District,podunavlje-district
Serbia,serbia,RS,Central Banat District,central-banat-district,Pomoravlje,pomoravlje
Serbia,serbia,RS,Central Banat District,central-banat-district,Pozarevac,pozarevac
Serbia,serbia,RS,Central Banat District,central-banat-district,Priboj,priboj
Serbia,serbia,RS,Central Banat District,central-banat-district,Prijepolje,prijepolje
Serbia,serbia,RS,Central Banat District,central-banat-district,Prislonica,prislonica
Serbia,serbia,RS,Central Banat District,central-banat-district,Prnjavor,prnjavor
Serbia,serbia,RS,Central Banat District,central-banat-district,Prokuplje,prokuplje
Serbia,serbia,RS,Central Banat District,central-banat-district,Radenka,radenka
Serbia,serbia,RS,Central Banat District,central-banat-district,Radovnica,radovnica
Serbia,serbia,RS,Central Banat District,central-banat-district,Rajince,rajince
Serbia,serbia,RS,Central Banat District,central-banat-district,Rasina,rasina
Serbia,serbia,RS,Central Banat District,central-banat-district,Raska,raska
Serbia,serbia,RS,Central Banat District,central-banat-district,Ribari,ribari
Serbia,serbia,RS,Central Banat District,central-banat-district,Rumska,rumska
Serbia,serbia,RS,Central Banat District,central-banat-district,Rusanj,rusanj
Serbia,serbia,RS,Central Banat District,central-banat-district,Sabac,sabac
Serbia,serbia,RS,Central Banat District,central-banat-district,Salas Crnobarski,salas-crnobarski
Serbia,serbia,RS,Central Banat District,central-banat-district,Samoljica,samoljica
Serbia,serbia,RS,Central Banat District,central-banat-district,Sevarice,sevarice
Serbia,serbia,RS,Central Banat District,central-banat-district,Sevica,sevica
Serbia,serbia,RS,Central Banat District,central-banat-district,Sinosevic,sinosevic
Serbia,serbia,RS,Central Banat District,central-banat-district,Sjenica,sjenica
Serbia,serbia,RS,Central Banat District,central-banat-district,Smederevo,smederevo
Serbia,serbia,RS,Central Banat District,central-banat-district,Smederevska Palanka,smederevska-palanka
Serbia,serbia,RS,Central Banat District,central-banat-district,Sokolovica,sokolovica
Serbia,serbia,RS,Central Banat District,central-banat-district,Sokolovo Brdo,sokolovo-brdo
Serbia,serbia,RS,Central Banat District,central-banat-district,Sremcica,sremcica
Serbia,serbia,RS,Central Banat District,central-banat-district,Stepojevac,stepojevac
Serbia,serbia,RS,Central Banat District,central-banat-district,Stitar,stitar
Serbia,serbia,RS,Central Banat District,central-banat-district,Stubline,stubline
Serbia,serbia,RS,Central Banat District,central-banat-district,Sumadija,sumadija
Serbia,serbia,RS,Central Banat District,central-banat-district,Sumulice,sumulice
Serbia,serbia,RS,Central Banat District,central-banat-district,Surcin,surcin
Serbia,serbia,RS,Central Banat District,central-banat-district,Tabanovic,tabanovic
Serbia,serbia,RS,Central Banat District,central-banat-district,Toplica,toplica
Serbia,serbia,RS,Central Banat District,central-banat-district,Trsic,trsic
Serbia,serbia,RS,Central Banat District,central-banat-district,Trstenik,trstenik
Serbia,serbia,RS,Central Banat District,central-banat-district,Turija,turija
Serbia,serbia,RS,Central Banat District,central-banat-district,Tutin,tutin
Serbia,serbia,RS,Central Banat District,central-banat-district,Ugrinovci,ugrinovci
Serbia,serbia,RS,Central Banat District,central-banat-district,Umka,umka
Serbia,serbia,RS,Central Banat District,central-banat-district,Uzice,uzice
Serbia,serbia,RS,Central Banat District,central-banat-district,Uzvece,uzvece
Serbia,serbia,RS,Central Banat District,central-banat-district,Valjevo,valjevo
Serbia,serbia,RS,Central Banat District,central-banat-district,Varna,varna
Serbia,serbia,RS,Central Banat District,central-banat-district,Velika Mostanica,velika-mostanica
Serbia,serbia,RS,Central Banat District,central-banat-district,Vladimirci,vladimirci
Serbia,serbia,RS,Central Banat District,central-banat-district,Vranic,vranic
Serbia,serbia,RS,Central Banat District,central-banat-district,Vranje,vranje
Serbia,serbia,RS,Central Banat District,central-banat-district,Vrnjacka Banja,vrnjacka-banja
Serbia,serbia,RS,Central Banat District,central-banat-district,Zajecar,zajecar
Serbia,serbia,RS,Central Banat District,central-banat-district,Zemun,zemun
Serbia,serbia,RS,Central Banat District,central-banat-district,Zlatibor,zlatibor
Serbia,serbia,RS,Central Banat District,central-banat-district,Zminjak,zminjak
Serbia,serbia,RS,Central Banat District,central-banat-district,Zujince,zujince
Serbia,serbia,RS,Central Banat District,central-banat-district,Zvecka,zvecka
Serbia,serbia,RS,Jablanica District,jablanica-district,Jablanica District,jablanica-district
Serbia,serbia,RS,Kolubara District,kolubara-district,Kolubara District,kolubara-district
Serbia,serbia,RS,Kosovo-Pomoravlje District,kosovo-pomoravlje-district,Kosovo-Pomoravlje District,kosovo-pomoravlje-district
Serbia,serbia,RS,Kosovska Mitrovica District,kosovska-mitrovica-district,Kosovska Mitrovica District,kosovska-mitrovica-district
Serbia,serbia,RS,Macva District,macva-district,Macva District,macva-district
Serbia,serbia,RS,Moravica District,moravica-district,Moravica District,moravica-district
Serbia,serbia,RS,Nisava District,nisava-district,Nisava District,nisava-district
Serbia,serbia,RS,North Backa District,north-backa-district,North Backa District,north-backa-district
Serbia,serbia,RS,North Banat District,north-banat-district,North Banat District,north-banat-district
Serbia,serbia,RS,Pcinja District,pcinja-district,Pcinja District,pcinja-district
Serbia,serbia,RS,Pec District,pec-district,Pec District,pec-district
Serbia,serbia,RS,Pirot District,pirot-district,Pirot District,pirot-district
Serbia,serbia,RS,Podunavlje District,podunavlje-district,Podunavlje District,podunavlje-district
Serbia,serbia,RS,Pomoravlje District,pomoravlje-district,Pomoravlje District,pomoravlje-district
Serbia,serbia,RS,Prizren District,prizren-district,Prizren District,prizren-district
Serbia,serbia,RS,Rasina District,rasina-district,Rasina District,rasina-district
Serbia,serbia,RS,Raska District,raska-district,Raska District,raska-district
Serbia,serbia,RS,South Backa District,south-backa-district,South Backa District,south-backa-district
Serbia,serbia,RS,South Banat District,south-banat-district,South Banat District,south-banat-district
Serbia,serbia,RS,Srem District,srem-district,Srem District,srem-district
Serbia,serbia,RS,Sumadija District,sumadija-district,Sumadija District,sumadija-district
Serbia,serbia,RS,Toplica District,toplica-district,Toplica District,toplica-district
Serbia,serbia,RS,Vojvodina,vojvodina,Adorjan,adorjan
Serbia,serbia,RS,Vojvodina,vojvodina,Aleksandrovo,aleksandrovo
Serbia,serbia,RS,Vojvodina,vojvodina,Alibunar,alibunar
Serbia,serbia,RS,Vojvodina,vojvodina,Apatin,apatin
Serbia,serbia,RS,Vojvodina,vojvodina,Aradac,aradac
Serbia,serbia,RS,Vojvodina,vojvodina,Backa Palanka,backa-palanka
Serbia,serbia,RS,Vojvodina,vojvodina,Backa Topola,backa-topola
Serbia,serbia,RS,Vojvodina,vojvodina,Backi Breg,backi-breg
Serbia,serbia,RS,Vojvodina,vojvodina,Backi Petrovac,backi-petrovac
Serbia,serbia,RS,Vojvodina,vojvodina,Backo Gradiste,backo-gradiste
Serbia,serbia,RS,Vojvodina,vojvodina,Backo Petrovo Selo,backo-petrovo-selo
Serbia,serbia,RS,Vojvodina,vojvodina,Banatska Topola,banatska-topola
Serbia,serbia,RS,Vojvodina,vojvodina,Banatski Despotovac,banatski-despotovac
Serbia,serbia,RS,Vojvodina,vojvodina,Banatski Dvor,banatski-dvor
Serbia,serbia,RS,Vojvodina,vojvodina,Banatski Karlovac,banatski-karlovac
Serbia,serbia,RS,Vojvodina,vojvodina,Banatsko Karaorevo,banatsko-karaorevo
Serbia,serbia,RS,Vojvodina,vojvodina,Banatsko Veliko Selo,banatsko-veliko-selo
Serbia,serbia,RS,Vojvodina,vojvodina,Baranda,baranda
Serbia,serbia,RS,Vojvodina,vojvodina,Barice,barice
Serbia,serbia,RS,Vojvodina,vojvodina,Basaid,basaid
Serbia,serbia,RS,Vojvodina,vojvodina,Becej,becej
Serbia,serbia,RS,Vojvodina,vojvodina,Bela Crkva,bela-crkva
Serbia,serbia,RS,Vojvodina,vojvodina,Belegis,belegis
Serbia,serbia,RS,Vojvodina,vojvodina,Belo Blato,belo-blato
Serbia,serbia,RS,Vojvodina,vojvodina,Beska,beska
Serbia,serbia,RS,Vojvodina,vojvodina,Bocar,bocar
Serbia,serbia,RS,Vojvodina,vojvodina,Bogojevo,bogojevo
Serbia,serbia,RS,Vojvodina,vojvodina,Boka,boka
Serbia,serbia,RS,Vojvodina,vojvodina,Bosut,bosut
Serbia,serbia,RS,Vojvodina,vojvodina,Botos,botos
Serbia,serbia,RS,Vojvodina,vojvodina,Buanovci,buanovci
Serbia,serbia,RS,Vojvodina,vojvodina,Celarevo,celarevo
Serbia,serbia,RS,Vojvodina,vojvodina,Centa,centa
Serbia,serbia,RS,Vojvodina,vojvodina,Cestereg,cestereg
Serbia,serbia,RS,Vojvodina,vojvodina,Coka,coka
Serbia,serbia,RS,Vojvodina,vojvodina,Cortanovci,cortanovci
Serbia,serbia,RS,Vojvodina,vojvodina,Crepaja,crepaja
Serbia,serbia,RS,Vojvodina,vojvodina,Curug,curug
Serbia,serbia,RS,Vojvodina,vojvodina,Debeljaca,debeljaca
Serbia,serbia,RS,Vojvodina,vojvodina,Despotovo,despotovo
Serbia,serbia,RS,Vojvodina,vojvodina,Dobrica,dobrica
Serbia,serbia,RS,Vojvodina,vojvodina,Doroslovo,doroslovo
Serbia,serbia,RS,Vojvodina,vojvodina,urevo,urevo
Serbia,serbia,RS,Vojvodina,vojvodina,Ecka,ecka
Serbia,serbia,RS,Vojvodina,vojvodina,Elemir,elemir
Serbia,serbia,RS,Vojvodina,vojvodina,Farkazdin,farkazdin
Serbia,serbia,RS,Vojvodina,vojvodina,Gakovo,gakovo
Serbia,serbia,RS,Vojvodina,vojvodina,Gardinovci,gardinovci
Serbia,serbia,RS,Vojvodina,vojvodina,Glozan,glozan
Serbia,serbia,RS,Vojvodina,vojvodina,Golubinci,golubinci
Serbia,serbia,RS,Vojvodina,vojvodina,Gornji Breg,gornji-breg
Serbia,serbia,RS,Vojvodina,vojvodina,Grabovci,grabovci
Serbia,serbia,RS,Vojvodina,vojvodina,Gudurica,gudurica
Serbia,serbia,RS,Vojvodina,vojvodina,Hajducica,hajducica
Serbia,serbia,RS,Vojvodina,vojvodina,Hetin,hetin
Serbia,serbia,RS,Vojvodina,vojvodina,Hrtkovci,hrtkovci
Serbia,serbia,RS,Vojvodina,vojvodina,Idvor,idvor
Serbia,serbia,RS,Vojvodina,vojvodina,Ilandza,ilandza
Serbia,serbia,RS,Vojvodina,vojvodina,Inija,inija
Serbia,serbia,RS,Vojvodina,vojvodina,Irig,irig
Serbia,serbia,RS,Vojvodina,vojvodina,Izbiste,izbiste
Serbia,serbia,RS,Vojvodina,vojvodina,Janosik,janosik
Serbia,serbia,RS,Vojvodina,vojvodina,Jarak,jarak
Serbia,serbia,RS,Vojvodina,vojvodina,Jarkovac,jarkovac
Serbia,serbia,RS,Vojvodina,vojvodina,Jasa Tomic,jasa-tomic
Serbia,serbia,RS,Vojvodina,vojvodina,Jazovo,jazovo
Serbia,serbia,RS,Vojvodina,vojvodina,Jermenovci,jermenovci
Serbia,serbia,RS,Vojvodina,vojvodina,Kanjiza,kanjiza
Serbia,serbia,RS,Vojvodina,vojvodina,Kikinda,kikinda
Serbia,serbia,RS,Vojvodina,vojvodina,Kisac,kisac
Serbia,serbia,RS,Vojvodina,vojvodina,Klek,klek
Serbia,serbia,RS,Vojvodina,vojvodina,Klenak,klenak
Serbia,serbia,RS,Vojvodina,vojvodina,Knicanin,knicanin
Serbia,serbia,RS,Vojvodina,vojvodina,Kolut,kolut
Serbia,serbia,RS,Vojvodina,vojvodina,Konak,konak
Serbia,serbia,RS,Vojvodina,vojvodina,Kovacica,kovacica
Serbia,serbia,RS,Vojvodina,vojvodina,Kovilj,kovilj
Serbia,serbia,RS,Vojvodina,vojvodina,Kovin,kovin
Serbia,serbia,RS,Vojvodina,vojvodina,Kozjak,kozjak
Serbia,serbia,RS,Vojvodina,vojvodina,Krajisnik,krajisnik
Serbia,serbia,RS,Vojvodina,vojvodina,Krcedin,krcedin
Serbia,serbia,RS,Vojvodina,vojvodina,Kulpin,kulpin
Serbia,serbia,RS,Vojvodina,vojvodina,Kumane,kumane
Serbia,serbia,RS,Vojvodina,vojvodina,Kupinovo,kupinovo
Serbia,serbia,RS,Vojvodina,vojvodina,Kupusina,kupusina
Serbia,serbia,RS,Vojvodina,vojvodina,Kustilj,kustilj
Serbia,serbia,RS,Vojvodina,vojvodina,Lazarevo,lazarevo
Serbia,serbia,RS,Vojvodina,vojvodina,Ljukovo,ljukovo
Serbia,serbia,RS,Vojvodina,vojvodina,Lok,lok
Serbia,serbia,RS,Vojvodina,vojvodina,Lokve,lokve
Serbia,serbia,RS,Vojvodina,vojvodina,Lukicevo,lukicevo
Serbia,serbia,RS,Vojvodina,vojvodina,Macvanska Mitrovica,macvanska-mitrovica
Serbia,serbia,RS,Vojvodina,vojvodina,Maglic,maglic
Serbia,serbia,RS,Vojvodina,vojvodina,Margita,margita
Serbia,serbia,RS,Vojvodina,vojvodina,Mea,mea
Serbia,serbia,RS,Vojvodina,vojvodina,Melenci,melenci
Serbia,serbia,RS,Vojvodina,vojvodina,Mihajlovo,mihajlovo
Serbia,serbia,RS,Vojvodina,vojvodina,Mokrin,mokrin
Serbia,serbia,RS,Vojvodina,vojvodina,Mol,mol
Serbia,serbia,RS,Vojvodina,vojvodina,Mosorin,mosorin
Serbia,serbia,RS,Vojvodina,vojvodina,Nakovo,nakovo
Serbia,serbia,RS,Vojvodina,vojvodina,Neuzina,neuzina
Serbia,serbia,RS,Vojvodina,vojvodina,Nikinci,nikinci
Serbia,serbia,RS,Vojvodina,vojvodina,Nikolinci,nikolinci
Serbia,serbia,RS,Vojvodina,vojvodina,Nova Crnja,nova-crnja
Serbia,serbia,RS,Vojvodina,vojvodina,Nova Pazova,nova-pazova
Serbia,serbia,RS,Vojvodina,vojvodina,Novi Banovci,novi-banovci
Serbia,serbia,RS,Vojvodina,vojvodina,Novi Itebej,novi-itebej
Serbia,serbia,RS,Vojvodina,vojvodina,Novi Karlovci,novi-karlovci
Serbia,serbia,RS,Vojvodina,vojvodina,Novi Knezevac,novi-knezevac
Serbia,serbia,RS,Vojvodina,vojvodina,Novi Kozarci,novi-kozarci
Serbia,serbia,RS,Vojvodina,vojvodina,Novi Sad,novi-sad
Serbia,serbia,RS,Vojvodina,vojvodina,Novi Slankamen,novi-slankamen
Serbia,serbia,RS,Vojvodina,vojvodina,Novo Milosevo,novo-milosevo
Serbia,serbia,RS,Vojvodina,vojvodina,Obrovac,obrovac
Serbia,serbia,RS,Vojvodina,vojvodina,Opovo,opovo
Serbia,serbia,RS,Vojvodina,vojvodina,Orlovat,orlovat
Serbia,serbia,RS,Vojvodina,vojvodina,Ostojicevo,ostojicevo
Serbia,serbia,RS,Vojvodina,vojvodina,Padej,padej
Serbia,serbia,RS,Vojvodina,vojvodina,Padina,padina
Serbia,serbia,RS,Vojvodina,vojvodina,Pancevo,pancevo
Serbia,serbia,RS,Vojvodina,vojvodina,Pavlis,pavlis
Serbia,serbia,RS,Vojvodina,vojvodina,Pecinci,pecinci
Serbia,serbia,RS,Vojvodina,vojvodina,Perlez,perlez
Serbia,serbia,RS,Vojvodina,vojvodina,Petrovaradin,petrovaradin
Serbia,serbia,RS,Vojvodina,vojvodina,Plandiste,plandiste
Serbia,serbia,RS,Vojvodina,vojvodina,Platicevo,platicevo
Serbia,serbia,RS,Vojvodina,vojvodina,Prigrevica,prigrevica
Serbia,serbia,RS,Vojvodina,vojvodina,Putinci,putinci
Serbia,serbia,RS,Vojvodina,vojvodina,Radenkovic,radenkovic
Serbia,serbia,RS,Vojvodina,vojvodina,Radojevo,radojevo
Serbia,serbia,RS,Vojvodina,vojvodina,Ravni Topolovac,ravni-topolovac
Serbia,serbia,RS,Vojvodina,vojvodina,Ravnje,ravnje
Serbia,serbia,RS,Vojvodina,vojvodina,Ravno Selo,ravno-selo
Serbia,serbia,RS,Vojvodina,vojvodina,Riica,riica
Serbia,serbia,RS,Vojvodina,vojvodina,Ruma,ruma
Serbia,serbia,RS,Vojvodina,vojvodina,Rumenka,rumenka
Serbia,serbia,RS,Vojvodina,vojvodina,Rusko Selo,rusko-selo
Serbia,serbia,RS,Vojvodina,vojvodina,Sajan,sajan
Serbia,serbia,RS,Vojvodina,vojvodina,Sajkas,sajkas
Serbia,serbia,RS,Vojvodina,vojvodina,Sakule,sakule
Serbia,serbia,RS,Vojvodina,vojvodina,Salas Nocajski,salas-nocajski
Serbia,serbia,RS,Vojvodina,vojvodina,Samos,samos
Serbia,serbia,RS,Vojvodina,vojvodina,Sanad,sanad
Serbia,serbia,RS,Vojvodina,vojvodina,Sasinci,sasinci
Serbia,serbia,RS,Vojvodina,vojvodina,Secanj,secanj
Serbia,serbia,RS,Vojvodina,vojvodina,Sefkerin,sefkerin
Serbia,serbia,RS,Vojvodina,vojvodina,Seleus,seleus
Serbia,serbia,RS,Vojvodina,vojvodina,Senta,senta
Serbia,serbia,RS,Vojvodina,vojvodina,Simanovci,simanovci
Serbia,serbia,RS,Vojvodina,vojvodina,Sombor,sombor
Serbia,serbia,RS,Vojvodina,vojvodina,Sonta,sonta
Serbia,serbia,RS,Vojvodina,vojvodina,Sremska Mitrovica,sremska-mitrovica
Serbia,serbia,RS,Vojvodina,vojvodina,Sremski Karlovci,sremski-karlovci
Serbia,serbia,RS,Vojvodina,vojvodina,Srpska Crnja,srpska-crnja
Serbia,serbia,RS,Vojvodina,vojvodina,Srpski Itebej,srpski-itebej
Serbia,serbia,RS,Vojvodina,vojvodina,Stajicevo,stajicevo
Serbia,serbia,RS,Vojvodina,vojvodina,Stanisic,stanisic
Serbia,serbia,RS,Vojvodina,vojvodina,Stara Pazova,stara-pazova
Serbia,serbia,RS,Vojvodina,vojvodina,Stari Banovci,stari-banovci
Serbia,serbia,RS,Vojvodina,vojvodina,Stari Lec,stari-lec
Serbia,serbia,RS,Vojvodina,vojvodina,Stepanovicevo,stepanovicevo
Serbia,serbia,RS,Vojvodina,vojvodina,Subotica,subotica
Serbia,serbia,RS,Vojvodina,vojvodina,Surduk,surduk
Serbia,serbia,RS,Vojvodina,vojvodina,Sutjeska,sutjeska
Serbia,serbia,RS,Vojvodina,vojvodina,Taras,taras
Serbia,serbia,RS,Vojvodina,vojvodina,Tiszahegyes,tiszahegyes
Serbia,serbia,RS,Vojvodina,vojvodina,Titel,titel
Serbia,serbia,RS,Vojvodina,vojvodina,Toba,toba
Serbia,serbia,RS,Vojvodina,vojvodina,Tomasevac,tomasevac
Serbia,serbia,RS,Vojvodina,vojvodina,Torak,torak
Serbia,serbia,RS,Vojvodina,vojvodina,Torda,torda
Serbia,serbia,RS,Vojvodina,vojvodina,Uljma,uljma
Serbia,serbia,RS,Vojvodina,vojvodina,Uzdin,uzdin
Serbia,serbia,RS,Vojvodina,vojvodina,Velika Greda,velika-greda
Serbia,serbia,RS,Vojvodina,vojvodina,Veliki Gaj,veliki-gaj
Serbia,serbia,RS,Vojvodina,vojvodina,Veliko Srediste,veliko-srediste
Serbia,serbia,RS,Vojvodina,vojvodina,Veternik,veternik
Serbia,serbia,RS,Vojvodina,vojvodina,Vilovo,vilovo
Serbia,serbia,RS,Vojvodina,vojvodina,Visnjicevo,visnjicevo
Serbia,serbia,RS,Vojvodina,vojvodina,Vladimirovac,vladimirovac
Serbia,serbia,RS,Vojvodina,vojvodina,Vlajkovac,vlajkovac
Serbia,serbia,RS,Vojvodina,vojvodina,Vojka,vojka
Serbia,serbia,RS,Vojvodina,vojvodina,Vojvoda Stepa,vojvoda-stepa
Serbia,serbia,RS,Vojvodina,vojvodina,Vrbas,vrbas
Serbia,serbia,RS,Vojvodina,vojvodina,Vrdnik,vrdnik
Serbia,serbia,RS,Vojvodina,vojvodina,Vrsac,vrsac
Serbia,serbia,RS,Vojvodina,vojvodina,Zabalj,zabalj
Serbia,serbia,RS,Vojvodina,vojvodina,Zitiste,zitiste
Serbia,serbia,RS,Vojvodina,vojvodina,Zmajevo,zmajevo
Serbia,serbia,RS,Vojvodina,vojvodina,Zrenjanin,zrenjanin
Serbia,serbia,RS,West Backa District,west-backa-district,West Backa District,west-backa-district
Serbia,serbia,RS,Zajecar District,zajecar-district,Zajecar District,zajecar-district
Serbia,serbia,RS,Zlatibor District,zlatibor-district,Zlatibor District,zlatibor-district
