s_country_name,s_country_slug,s_country_code_iso2,s_region_name,s_region_slug,s_city_name,s_city_slug
Vietnam,vietnam,VN,An Giang,an-giang,Cho Dok,cho-dok
Vietnam,vietnam,VN,An Giang,an-giang,Huyen An Phu,huyen-an-phu
Vietnam,vietnam,VN,An Giang,an-giang,Huyen Chau Phu,huyen-chau-phu
Vietnam,vietnam,VN,An Giang,an-giang,Huyen Cho Moi,huyen-cho-moi
Vietnam,vietnam,VN,An Giang,an-giang,Huyen Phu Tan,huyen-phu-tan
Vietnam,vietnam,VN,An Giang,an-giang,Huyen Tri Ton,huyen-tri-ton
Vietnam,vietnam,VN,An Giang,an-giang,Long Xuyen,long-xuyen
Vietnam,vietnam,VN,An Giang,an-giang,Long Xuyen City,long-xuyen-city
Vietnam,vietnam,VN,Ba Ria-Vung Tau,ba-ria-vung-tau,Con Son,con-son
Vietnam,vietnam,VN,Ba Ria-Vung Tau,ba-ria-vung-tau,Huyen Chau uc,huyen-chau-uc
Vietnam,vietnam,VN,Ba Ria-Vung Tau,ba-ria-vung-tau,Huyen at o,huyen-at-o
Vietnam,vietnam,VN,Ba Ria-Vung Tau,ba-ria-vung-tau,Huyen Tan Thanh,huyen-tan-thanh
Vietnam,vietnam,VN,Ba Ria-Vung Tau,ba-ria-vung-tau,Huyen Xuyen Moc,huyen-xuyen-moc
Vietnam,vietnam,VN,Ba Ria-Vung Tau,ba-ria-vung-tau,Thanh Pho Vung Tau,thanh-pho-vung-tau
Vietnam,vietnam,VN,Ba Ria-Vung Tau,ba-ria-vung-tau,Thi Xa Phu My,thi-xa-phu-my
Vietnam,vietnam,VN,Ba Ria-Vung Tau,ba-ria-vung-tau,Vung Tau,vung-tau
Vietnam,vietnam,VN,Bac Giang,bac-giang,Bac Giang,bac-giang
Vietnam,vietnam,VN,Bac Giang,bac-giang,Huyen Luc Nam,huyen-luc-nam
Vietnam,vietnam,VN,Bac Giang,bac-giang,Huyen Luc Ngan,huyen-luc-ngan
Vietnam,vietnam,VN,Bac Giang,bac-giang,Huyen Yen The,huyen-yen-the
Vietnam,vietnam,VN,Bac Kan,bac-kan,Bac Kan,bac-kan
Vietnam,vietnam,VN,Bac Kan,bac-kan,Huyen Ba Be,huyen-ba-be
Vietnam,vietnam,VN,Bac Kan,bac-kan,Huyen Bach Thong,huyen-bach-thong
Vietnam,vietnam,VN,Bac Kan,bac-kan,Huyen Cho on,huyen-cho-on
Vietnam,vietnam,VN,Bac Kan,bac-kan,Huyen Na Ri,huyen-na-ri
Vietnam,vietnam,VN,Bac Kan,bac-kan,Huyen Ngan Son,huyen-ngan-son
Vietnam,vietnam,VN,Bac Kan,bac-kan,Thi Xa Bac Kan,thi-xa-bac-kan
Vietnam,vietnam,VN,Bac Lieu,bac-lieu,Bac Lieu,bac-lieu
Vietnam,vietnam,VN,Bac Lieu,bac-lieu,Huyen Gia Rai,huyen-gia-rai
Vietnam,vietnam,VN,Bac Lieu,bac-lieu,Huyen Hong Dan,huyen-hong-dan
Vietnam,vietnam,VN,Bac Ninh,bac-ninh,Bac Ninh,bac-ninh
Vietnam,vietnam,VN,Bac Ninh,bac-ninh,Cung Kiem,cung-kiem
Vietnam,vietnam,VN,Bac Ninh,bac-ninh,Huyen Gia Binh,huyen-gia-binh
Vietnam,vietnam,VN,Bac Ninh,bac-ninh,Huyen Thuan Thanh,huyen-thuan-thanh
Vietnam,vietnam,VN,Bac Ninh,bac-ninh,Huyen Tien Du,huyen-tien-du
Vietnam,vietnam,VN,Bac Ninh,bac-ninh,Huyen Yen Phong,huyen-yen-phong
Vietnam,vietnam,VN,Ben Tre,ben-tre,Ap Tan Ngai,ap-tan-ngai
Vietnam,vietnam,VN,Ben Tre,ben-tre,Ben Tre,ben-tre
Vietnam,vietnam,VN,Ben Tre,ben-tre,Huyen Ba Tri,huyen-ba-tri
Vietnam,vietnam,VN,Ben Tre,ben-tre,Huyen Binh ai,huyen-binh-ai
Vietnam,vietnam,VN,Ben Tre,ben-tre,Huyen Chau Thanh,huyen-chau-thanh
Vietnam,vietnam,VN,Ben Tre,ben-tre,Huyen Cho Lach,huyen-cho-lach
Vietnam,vietnam,VN,Ben Tre,ben-tre,Huyen Giong Trom,huyen-giong-trom
Vietnam,vietnam,VN,Ben Tre,ben-tre,Huyen Thanh Phu,huyen-thanh-phu
Vietnam,vietnam,VN,Binh Duong,binh-duong,Di An,di-an
Vietnam,vietnam,VN,Binh Duong,binh-duong,Thu Dau Mot,thu-dau-mot
Vietnam,vietnam,VN,Binh inh,binh-inh,Huyen An Lao,huyen-an-lao
Vietnam,vietnam,VN,Binh inh,binh-inh,Huyen Hoai Nhon,huyen-hoai-nhon
Vietnam,vietnam,VN,Binh inh,binh-inh,Huyen Phu My,huyen-phu-my
Vietnam,vietnam,VN,Binh inh,binh-inh,Huyen Tay Son,huyen-tay-son
Vietnam,vietnam,VN,Binh inh,binh-inh,Huyen Tuy Phuoc,huyen-tuy-phuoc
Vietnam,vietnam,VN,Binh inh,binh-inh,Huyen Vinh Thanh,huyen-vinh-thanh
Vietnam,vietnam,VN,Binh inh,binh-inh,Qui Nhon,qui-nhon
Vietnam,vietnam,VN,Binh Phuoc,binh-phuoc,Binh Long,binh-long
Vietnam,vietnam,VN,Binh Phuoc,binh-phuoc,Don Luan,don-luan
Vietnam,vietnam,VN,Binh Phuoc,binh-phuoc,Huyen Bu op,huyen-bu-op
Vietnam,vietnam,VN,Binh Phuoc,binh-phuoc,Huyen Chon Thanh,huyen-chon-thanh
Vietnam,vietnam,VN,Binh Phuoc,binh-phuoc,Huyen ong Phu,huyen-ong-phu
Vietnam,vietnam,VN,Binh Phuoc,binh-phuoc,Huyen Hon Quan,huyen-hon-quan
Vietnam,vietnam,VN,Binh Phuoc,binh-phuoc,Thi Xa Phuoc Long,thi-xa-phuoc-long
Vietnam,vietnam,VN,Binh Thuan,binh-thuan,Huyen Bac Binh,huyen-bac-binh
Vietnam,vietnam,VN,Binh Thuan,binh-thuan,Huyen Ham Tan,huyen-ham-tan
Vietnam,vietnam,VN,Binh Thuan,binh-thuan,Huyen Ham Thuan Bac,huyen-ham-thuan-bac
Vietnam,vietnam,VN,Binh Thuan,binh-thuan,Huyen Ham Thuan Nam,huyen-ham-thuan-nam
Vietnam,vietnam,VN,Binh Thuan,binh-thuan,Huyen Tanh Linh,huyen-tanh-linh
Vietnam,vietnam,VN,Binh Thuan,binh-thuan,Huyen Tuy Phong,huyen-tuy-phong
Vietnam,vietnam,VN,Binh Thuan,binh-thuan,La Gi,la-gi
Vietnam,vietnam,VN,Binh Thuan,binh-thuan,Phan Thiet,phan-thiet
Vietnam,vietnam,VN,Binh Thuan,binh-thuan,Thanh Pho Phan Thiet,thanh-pho-phan-thiet
Vietnam,vietnam,VN,Ca Mau,ca-mau,Ca Mau,ca-mau
Vietnam,vietnam,VN,Ca Mau,ca-mau,Huyen Cai Nuoc,huyen-cai-nuoc
Vietnam,vietnam,VN,Ca Mau,ca-mau,Huyen am Doi,huyen-am-doi
Vietnam,vietnam,VN,Ca Mau,ca-mau,Huyen Nam Can,huyen-nam-can
Vietnam,vietnam,VN,Ca Mau,ca-mau,Huyen Thoi Binh,huyen-thoi-binh
Vietnam,vietnam,VN,Cao Bang,cao-bang,Cao Bang,cao-bang
Vietnam,vietnam,VN,Cao Bang,cao-bang,Huyen Bao Lac,huyen-bao-lac
Vietnam,vietnam,VN,Cao Bang,cao-bang,Huyen Bao Lam,huyen-bao-lam
Vietnam,vietnam,VN,Cao Bang,cao-bang,Huyen Ha Lang,huyen-ha-lang
Vietnam,vietnam,VN,Cao Bang,cao-bang,Huyen Ha Quang,huyen-ha-quang
Vietnam,vietnam,VN,Cao Bang,cao-bang,Huyen Nguyen Binh,huyen-nguyen-binh
Vietnam,vietnam,VN,Cao Bang,cao-bang,Huyen Phuc Hoa,huyen-phuc-hoa
Vietnam,vietnam,VN,Cao Bang,cao-bang,Huyen Thach An,huyen-thach-an
Vietnam,vietnam,VN,Cao Bang,cao-bang,Huyen Thong Nong,huyen-thong-nong
Vietnam,vietnam,VN,Cao Bang,cao-bang,Huyen Tra Linh,huyen-tra-linh
Vietnam,vietnam,VN,Cao Bang,cao-bang,Huyen Trung Khanh,huyen-trung-khanh
Vietnam,vietnam,VN,Da Nang,da-nang,Da Nang,da-nang
Vietnam,vietnam,VN,ak Lak,ak-lak,Buon Ma Thuot,buon-ma-thuot
Vietnam,vietnam,VN,ak Lak,ak-lak,Huyen Buon on,huyen-buon-on
Vietnam,vietnam,VN,ak Lak,ak-lak,Huyen Ea H'Leo,huyen-ea-hleo
Vietnam,vietnam,VN,ak Lak,ak-lak,Huyen Ea Sup,huyen-ea-sup
Vietnam,vietnam,VN,ak Nong,ak-nong,Huyen Cu Jut,huyen-cu-jut
Vietnam,vietnam,VN,ak Nong,ak-nong,Huyen ak RLap,huyen-ak-rlap
Vietnam,vietnam,VN,ak Nong,ak-nong,Huyen Krong No,huyen-krong-no
Vietnam,vietnam,VN,ien Bien,ien-bien,Dien Bien Phu,dien-bien-phu
Vietnam,vietnam,VN,ien Bien,ien-bien,Huyen ien Bien ong,huyen-ien-bien-ong
Vietnam,vietnam,VN,ien Bien,ien-bien,Huyen Muong Nhe,huyen-muong-nhe
Vietnam,vietnam,VN,ien Bien,ien-bien,Huyen Tua Chua,huyen-tua-chua
Vietnam,vietnam,VN,ien Bien,ien-bien,Huyen Tuan Giao,huyen-tuan-giao
Vietnam,vietnam,VN,ien Bien,ien-bien,Thi Xa Muong Lay,thi-xa-muong-lay
Vietnam,vietnam,VN,ong Nai,ong-nai,Bien Hoa,bien-hoa
Vietnam,vietnam,VN,ong Nai,ong-nai,Huyen inh Quan,huyen-inh-quan
Vietnam,vietnam,VN,ong Nai,ong-nai,Huyen Long Thanh,huyen-long-thanh
Vietnam,vietnam,VN,ong Nai,ong-nai,Huyen Tan Phu,huyen-tan-phu
Vietnam,vietnam,VN,ong Nai,ong-nai,Huyen Thong Nhat,huyen-thong-nhat
Vietnam,vietnam,VN,ong Nai,ong-nai,Huyen Trang Bom,huyen-trang-bom
Vietnam,vietnam,VN,ong Nai,ong-nai,Huyen Vinh Cuu,huyen-vinh-cuu
Vietnam,vietnam,VN,ong Thap,ong-thap,Cao Lanh,cao-lanh
Vietnam,vietnam,VN,ong Thap,ong-thap,Huyen Chau Thanh,huyen-chau-thanh
Vietnam,vietnam,VN,ong Thap,ong-thap,Huyen Lai Vung,huyen-lai-vung
Vietnam,vietnam,VN,ong Thap,ong-thap,Huyen Lap Vo,huyen-lap-vo
Vietnam,vietnam,VN,ong Thap,ong-thap,Huyen Tam Nong,huyen-tam-nong
Vietnam,vietnam,VN,ong Thap,ong-thap,Huyen Tan Hong,huyen-tan-hong
Vietnam,vietnam,VN,ong Thap,ong-thap,Huyen Thanh Binh,huyen-thanh-binh
Vietnam,vietnam,VN,ong Thap,ong-thap,Huyen Thap Muoi,huyen-thap-muoi
Vietnam,vietnam,VN,ong Thap,ong-thap,Sa Dec,sa-dec
Vietnam,vietnam,VN,ong Thap,ong-thap,Sa Dec city,sa-dec-city
Vietnam,vietnam,VN,ong Thap,ong-thap,Thi Tran Tan Thanh,thi-tran-tan-thanh
Vietnam,vietnam,VN,Gia Lai,gia-lai,Huyen Chu Pah,huyen-chu-pah
Vietnam,vietnam,VN,Gia Lai,gia-lai,Huyen Chu Prong,huyen-chu-prong
Vietnam,vietnam,VN,Gia Lai,gia-lai,Huyen Chu Se,huyen-chu-se
Vietnam,vietnam,VN,Gia Lai,gia-lai,Huyen uc Co,huyen-uc-co
Vietnam,vietnam,VN,Gia Lai,gia-lai,Huyen Ia Grai,huyen-ia-grai
Vietnam,vietnam,VN,Gia Lai,gia-lai,Huyen KBang,huyen-kbang
Vietnam,vietnam,VN,Gia Lai,gia-lai,Huyen Kong Chro,huyen-kong-chro
Vietnam,vietnam,VN,Gia Lai,gia-lai,Huyen Krong Pa,huyen-krong-pa
Vietnam,vietnam,VN,Gia Lai,gia-lai,Huyen Mang Yang,huyen-mang-yang
Vietnam,vietnam,VN,Gia Lai,gia-lai,Pleiku,pleiku
Vietnam,vietnam,VN,Ha Giang,ha-giang,Ha Giang,ha-giang
Vietnam,vietnam,VN,Ha Giang,ha-giang,Huyen Bac Me,huyen-bac-me
Vietnam,vietnam,VN,Ha Giang,ha-giang,Huyen Bac Quang,huyen-bac-quang
Vietnam,vietnam,VN,Ha Giang,ha-giang,Huyen ong Van,huyen-ong-van
Vietnam,vietnam,VN,Ha Giang,ha-giang,Huyen Quang Binh,huyen-quang-binh
Vietnam,vietnam,VN,Ha Giang,ha-giang,Huyen Vi Xuyen,huyen-vi-xuyen
Vietnam,vietnam,VN,Ha Giang,ha-giang,Huyen Xin Man,huyen-xin-man
Vietnam,vietnam,VN,Ha Giang,ha-giang,Huyen Yen Minh,huyen-yen-minh
Vietnam,vietnam,VN,Ha Nam,ha-nam,Huyen Binh Luc,huyen-binh-luc
Vietnam,vietnam,VN,Ha Nam,ha-nam,Huyen Duy Tien,huyen-duy-tien
Vietnam,vietnam,VN,Ha Nam,ha-nam,Huyen Kim Bang,huyen-kim-bang
Vietnam,vietnam,VN,Ha Nam,ha-nam,Huyen Ly Nhan,huyen-ly-nhan
Vietnam,vietnam,VN,Ha Nam,ha-nam,Huyen Thanh Liem,huyen-thanh-liem
Vietnam,vietnam,VN,Ha Nam,ha-nam,Phu Ly,phu-ly
Vietnam,vietnam,VN,Ha Tay,ha-tay,Phu Ninh,phu-ninh
Vietnam,vietnam,VN,Ha Tinh,ha-tinh,Ha Tinh,ha-tinh
Vietnam,vietnam,VN,Ha Tinh,ha-tinh,Huyen Cam Xuyen,huyen-cam-xuyen
Vietnam,vietnam,VN,Ha Tinh,ha-tinh,Huyen Can Loc,huyen-can-loc
Vietnam,vietnam,VN,Ha Tinh,ha-tinh,Huyen uc Tho,huyen-uc-tho
Vietnam,vietnam,VN,Ha Tinh,ha-tinh,Huyen Ky Anh,huyen-ky-anh
Vietnam,vietnam,VN,Ha Tinh,ha-tinh,Huyen Nghi Xuan,huyen-nghi-xuan
Vietnam,vietnam,VN,Ha Tinh,ha-tinh,Huyen Thach Ha,huyen-thach-ha
Vietnam,vietnam,VN,Hai Duong,hai-duong,Hai Duong,hai-duong
Vietnam,vietnam,VN,Hai Duong,hai-duong,Huyen Binh Giang,huyen-binh-giang
Vietnam,vietnam,VN,Hai Duong,hai-duong,Huyen Cam Giang,huyen-cam-giang
Vietnam,vietnam,VN,Hai Duong,hai-duong,Huyen Gia Loc,huyen-gia-loc
Vietnam,vietnam,VN,Hai Duong,hai-duong,Huyen Kinh Mon,huyen-kinh-mon
Vietnam,vietnam,VN,Hai Duong,hai-duong,Huyen Nam Sach,huyen-nam-sach
Vietnam,vietnam,VN,Hai Duong,hai-duong,Huyen Thanh Mien,huyen-thanh-mien
Vietnam,vietnam,VN,Hai Duong,hai-duong,Thi Xa Chi Linh,thi-xa-chi-linh
Vietnam,vietnam,VN,Haiphong,haiphong,Cat Ba,cat-ba
Vietnam,vietnam,VN,Haiphong,haiphong,Haiphong,haiphong
Vietnam,vietnam,VN,Hanoi,hanoi,Ha ong,ha-ong
Vietnam,vietnam,VN,Hanoi,hanoi,Hanoi,hanoi
Vietnam,vietnam,VN,Hanoi,hanoi,Huyen Quoc Oai,huyen-quoc-oai
Vietnam,vietnam,VN,Hanoi,hanoi,Quan Ba inh,quan-ba-inh
Vietnam,vietnam,VN,Hanoi,hanoi,Quan Ha ong,quan-ha-ong
Vietnam,vietnam,VN,Hanoi,hanoi,Son Tay,son-tay
Vietnam,vietnam,VN,Hau Giang,hau-giang,Huyen Chau Thanh A,huyen-chau-thanh-a
Vietnam,vietnam,VN,Hau Giang,hau-giang,Vi Thanh,vi-thanh
Vietnam,vietnam,VN,Ho Chi Minh City,ho-chi-minh-city,Can Gio,can-gio
Vietnam,vietnam,VN,Ho Chi Minh City,ho-chi-minh-city,Cu Chi,cu-chi
Vietnam,vietnam,VN,Ho Chi Minh City,ho-chi-minh-city,Ho Chi Minh City,ho-chi-minh-city
Vietnam,vietnam,VN,Hoa Binh,hoa-binh,Hoa Binh,hoa-binh
Vietnam,vietnam,VN,Hoa Binh,hoa-binh,Huyen Cao Phong,huyen-cao-phong
Vietnam,vietnam,VN,Hoa Binh,hoa-binh,Huyen Ky Son,huyen-ky-son
Vietnam,vietnam,VN,Hoa Binh,hoa-binh,Huyen Lac Thuy,huyen-lac-thuy
Vietnam,vietnam,VN,Hoa Binh,hoa-binh,Huyen Luong Son,huyen-luong-son
Vietnam,vietnam,VN,Hoa Binh,hoa-binh,Huyen Tan Lac,huyen-tan-lac
Vietnam,vietnam,VN,Hung Yen,hung-yen,Hung Yen,hung-yen
Vietnam,vietnam,VN,Hung Yen,hung-yen,Huyen An Thi,huyen-an-thi
Vietnam,vietnam,VN,Hung Yen,hung-yen,Huyen Khoai Chau,huyen-khoai-chau
Vietnam,vietnam,VN,Hung Yen,hung-yen,Huyen Kim ong,huyen-kim-ong
Vietnam,vietnam,VN,Hung Yen,hung-yen,Huyen My Hao,huyen-my-hao
Vietnam,vietnam,VN,Hung Yen,hung-yen,Huyen Phu Cu,huyen-phu-cu
Vietnam,vietnam,VN,Hung Yen,hung-yen,Huyen Tien Lu,huyen-tien-lu
Vietnam,vietnam,VN,Khanh Hoa,khanh-hoa,Cam Ranh,cam-ranh
Vietnam,vietnam,VN,Khanh Hoa,khanh-hoa,Huyen Dien Khanh,huyen-dien-khanh
Vietnam,vietnam,VN,Khanh Hoa,khanh-hoa,Huyen Khanh Son,huyen-khanh-son
Vietnam,vietnam,VN,Khanh Hoa,khanh-hoa,Huyen Khanh Vinh,huyen-khanh-vinh
Vietnam,vietnam,VN,Khanh Hoa,khanh-hoa,Huyen Van Ninh,huyen-van-ninh
Vietnam,vietnam,VN,Khanh Hoa,khanh-hoa,Nha Trang,nha-trang
Vietnam,vietnam,VN,Khanh Hoa,khanh-hoa,Thanh Pho Cam Ranh,thanh-pho-cam-ranh
Vietnam,vietnam,VN,Khanh Hoa,khanh-hoa,Thanh Pho Nha Trang,thanh-pho-nha-trang
Vietnam,vietnam,VN,Khanh Hoa,khanh-hoa,Thi Xa Ninh Hoa,thi-xa-ninh-hoa
Vietnam,vietnam,VN,Kien Giang,kien-giang,Duong ong,duong-ong
Vietnam,vietnam,VN,Kien Giang,kien-giang,Ha Tien,ha-tien
Vietnam,vietnam,VN,Kien Giang,kien-giang,Huyen An Bien,huyen-an-bien
Vietnam,vietnam,VN,Kien Giang,kien-giang,Huyen An Minh,huyen-an-minh
Vietnam,vietnam,VN,Kien Giang,kien-giang,Huyen Chau Thanh,huyen-chau-thanh
Vietnam,vietnam,VN,Kien Giang,kien-giang,Huyen Giong Rieng,huyen-giong-rieng
Vietnam,vietnam,VN,Kien Giang,kien-giang,Huyen Go Quao,huyen-go-quao
Vietnam,vietnam,VN,Kien Giang,kien-giang,Huyen Hon at,huyen-hon-at
Vietnam,vietnam,VN,Kien Giang,kien-giang,Huyen Kien Hai,huyen-kien-hai
Vietnam,vietnam,VN,Kien Giang,kien-giang,Huyen Phu Quoc,huyen-phu-quoc
Vietnam,vietnam,VN,Kien Giang,kien-giang,Huyen Tan Hiep,huyen-tan-hiep
Vietnam,vietnam,VN,Kien Giang,kien-giang,Huyen Vinh Thuan,huyen-vinh-thuan
Vietnam,vietnam,VN,Kien Giang,kien-giang,Kien Luong Town,kien-luong-town
Vietnam,vietnam,VN,Kien Giang,kien-giang,Rach Gia,rach-gia
Vietnam,vietnam,VN,Kon Tum,kon-tum,Huyen ak Glei,huyen-ak-glei
Vietnam,vietnam,VN,Kon Tum,kon-tum,Huyen ak Ha,huyen-ak-ha
Vietnam,vietnam,VN,Kon Tum,kon-tum,Huyen ak To,huyen-ak-to
Vietnam,vietnam,VN,Kon Tum,kon-tum,Huyen Ia H'Drai,huyen-ia-hdrai
Vietnam,vietnam,VN,Kon Tum,kon-tum,Huyen Kon Plong,huyen-kon-plong
Vietnam,vietnam,VN,Kon Tum,kon-tum,Huyen Ngoc Hoi,huyen-ngoc-hoi
Vietnam,vietnam,VN,Kon Tum,kon-tum,Huyen Sa Thay,huyen-sa-thay
Vietnam,vietnam,VN,Kon Tum,kon-tum,Kon Tum,kon-tum
Vietnam,vietnam,VN,Lai Chau,lai-chau,Huyen Muong Te,huyen-muong-te
Vietnam,vietnam,VN,Lai Chau,lai-chau,Huyen Tam uong,huyen-tam-uong
Vietnam,vietnam,VN,Lai Chau,lai-chau,Huyen Than Uyen,huyen-than-uyen
Vietnam,vietnam,VN,Lam ong,lam-ong,Bao Loc,bao-loc
Vietnam,vietnam,VN,Lam ong,lam-ong,am Rong,am-rong
Vietnam,vietnam,VN,Lam ong,lam-ong,inh Van,inh-van
Vietnam,vietnam,VN,Lam ong,lam-ong,uc Trong,uc-trong
Vietnam,vietnam,VN,Lam ong,lam-ong,a Lat,a-lat
Vietnam,vietnam,VN,Lam ong,lam-ong,Huyen Bao Lam,huyen-bao-lam
Vietnam,vietnam,VN,Lam ong,lam-ong,Huyen a Huoai,huyen-a-huoai
Vietnam,vietnam,VN,Lam ong,lam-ong,Huyen a Teh,huyen-a-teh
Vietnam,vietnam,VN,Lam ong,lam-ong,Huyen on Duong,huyen-on-duong
Vietnam,vietnam,VN,Lam ong,lam-ong,Huyen uc Trong,huyen-uc-trong
Vietnam,vietnam,VN,Lam ong,lam-ong,Huyen Lam Ha,huyen-lam-ha
Vietnam,vietnam,VN,Lang Son,lang-son,Huyen Bac Son,huyen-bac-son
Vietnam,vietnam,VN,Lang Son,lang-son,Huyen Binh Gia,huyen-binh-gia
Vietnam,vietnam,VN,Lang Son,lang-son,Huyen Cao Loc,huyen-cao-loc
Vietnam,vietnam,VN,Lang Son,lang-son,Huyen Chi Lang,huyen-chi-lang
Vietnam,vietnam,VN,Lang Son,lang-son,Huyen inh Lap,huyen-inh-lap
Vietnam,vietnam,VN,Lang Son,lang-son,Huyen Huu Lung,huyen-huu-lung
Vietnam,vietnam,VN,Lang Son,lang-son,Huyen Van Quan,huyen-van-quan
Vietnam,vietnam,VN,Lang Son,lang-son,Lang Son,lang-son
Vietnam,vietnam,VN,Lao Cai,lao-cai,Huyen Bac Ha,huyen-bac-ha
Vietnam,vietnam,VN,Lao Cai,lao-cai,Huyen Bao Yen,huyen-bao-yen
Vietnam,vietnam,VN,Lao Cai,lao-cai,Huyen Bat Xat,huyen-bat-xat
Vietnam,vietnam,VN,Lao Cai,lao-cai,Huyen Muong Khuong,huyen-muong-khuong
Vietnam,vietnam,VN,Lao Cai,lao-cai,Huyen Sa Pa,huyen-sa-pa
Vietnam,vietnam,VN,Lao Cai,lao-cai,Huyen Si Ma Cai,huyen-si-ma-cai
Vietnam,vietnam,VN,Lao Cai,lao-cai,Huyen Van Ban,huyen-van-ban
Vietnam,vietnam,VN,Lao Cai,lao-cai,Lao Cai,lao-cai
Vietnam,vietnam,VN,Lao Cai,lao-cai,Lao Chai,lao-chai
Vietnam,vietnam,VN,Lao Cai,lao-cai,Sa Pa,sa-pa
Vietnam,vietnam,VN,Long An,long-an,Can Giuoc,can-giuoc
Vietnam,vietnam,VN,Long An,long-an,Huyen Ben Luc,huyen-ben-luc
Vietnam,vietnam,VN,Long An,long-an,Huyen Can uoc,huyen-can-uoc
Vietnam,vietnam,VN,Long An,long-an,Huyen Can Giuoc,huyen-can-giuoc
Vietnam,vietnam,VN,Long An,long-an,Huyen Chau Thanh,huyen-chau-thanh
Vietnam,vietnam,VN,Long An,long-an,Huyen uc Hoa,huyen-uc-hoa
Vietnam,vietnam,VN,Long An,long-an,Huyen uc Hue,huyen-uc-hue
Vietnam,vietnam,VN,Long An,long-an,Huyen Moc Hoa,huyen-moc-hoa
Vietnam,vietnam,VN,Long An,long-an,Huyen Tan Hung,huyen-tan-hung
Vietnam,vietnam,VN,Long An,long-an,Huyen Tan Thanh,huyen-tan-thanh
Vietnam,vietnam,VN,Long An,long-an,Huyen Tan Tru,huyen-tan-tru
Vietnam,vietnam,VN,Long An,long-an,Huyen Thanh Hoa,huyen-thanh-hoa
Vietnam,vietnam,VN,Long An,long-an,Huyen Thu Thua,huyen-thu-thua
Vietnam,vietnam,VN,Long An,long-an,Huyen Vinh Hung,huyen-vinh-hung
Vietnam,vietnam,VN,Long An,long-an,Tan An,tan-an
Vietnam,vietnam,VN,Nam inh,nam-inh,Huyen Giao Thuy,huyen-giao-thuy
Vietnam,vietnam,VN,Nam inh,nam-inh,Huyen Hai Hau,huyen-hai-hau
Vietnam,vietnam,VN,Nam inh,nam-inh,Huyen My Loc,huyen-my-loc
Vietnam,vietnam,VN,Nam inh,nam-inh,Huyen Nam Truc,huyen-nam-truc
Vietnam,vietnam,VN,Nam inh,nam-inh,Huyen Nghia Hung,huyen-nghia-hung
Vietnam,vietnam,VN,Nam inh,nam-inh,Huyen Truc Ninh,huyen-truc-ninh
Vietnam,vietnam,VN,Nam inh,nam-inh,Huyen Vu Ban,huyen-vu-ban
Vietnam,vietnam,VN,Nam inh,nam-inh,Huyen Y Yen,huyen-y-yen
Vietnam,vietnam,VN,Nam inh,nam-inh,Nam inh,nam-inh
Vietnam,vietnam,VN,Nghe An,nghe-an,Huyen Anh Son,huyen-anh-son
Vietnam,vietnam,VN,Nghe An,nghe-an,Huyen Con Cuong,huyen-con-cuong
Vietnam,vietnam,VN,Nghe An,nghe-an,Huyen Dien Chau,huyen-dien-chau
Vietnam,vietnam,VN,Nghe An,nghe-an,Huyen o Luong,huyen-o-luong
Vietnam,vietnam,VN,Nghe An,nghe-an,Huyen Hung Nguyen,huyen-hung-nguyen
Vietnam,vietnam,VN,Nghe An,nghe-an,Huyen Ky Son,huyen-ky-son
Vietnam,vietnam,VN,Nghe An,nghe-an,Huyen Nam an,huyen-nam-an
Vietnam,vietnam,VN,Nghe An,nghe-an,Huyen Nghi Loc,huyen-nghi-loc
Vietnam,vietnam,VN,Nghe An,nghe-an,Huyen Nghia an,huyen-nghia-an
Vietnam,vietnam,VN,Nghe An,nghe-an,Huyen Que Phong,huyen-que-phong
Vietnam,vietnam,VN,Nghe An,nghe-an,Huyen Quy Chau,huyen-quy-chau
Vietnam,vietnam,VN,Nghe An,nghe-an,Huyen Quy Hop,huyen-quy-hop
Vietnam,vietnam,VN,Nghe An,nghe-an,Huyen Quynh Luu,huyen-quynh-luu
Vietnam,vietnam,VN,Nghe An,nghe-an,Huyen Thanh Chuong,huyen-thanh-chuong
Vietnam,vietnam,VN,Nghe An,nghe-an,Huyen Tuong Duong,huyen-tuong-duong
Vietnam,vietnam,VN,Nghe An,nghe-an,Huyen Yen Thanh,huyen-yen-thanh
Vietnam,vietnam,VN,Nghe An,nghe-an,Vinh,vinh
Vietnam,vietnam,VN,Nghe An,nghe-an,Yen Vinh,yen-vinh
Vietnam,vietnam,VN,Ninh Binh,ninh-binh,Huyen Hoa Lu,huyen-hoa-lu
Vietnam,vietnam,VN,Ninh Binh,ninh-binh,Huyen Kim Son,huyen-kim-son
Vietnam,vietnam,VN,Ninh Binh,ninh-binh,Huyen Nho Quan,huyen-nho-quan
Vietnam,vietnam,VN,Ninh Binh,ninh-binh,Huyen Yen Khanh,huyen-yen-khanh
Vietnam,vietnam,VN,Ninh Binh,ninh-binh,Huyen Yen Mo,huyen-yen-mo
Vietnam,vietnam,VN,Ninh Binh,ninh-binh,Ninh Binh,ninh-binh
Vietnam,vietnam,VN,Ninh Thuan,ninh-thuan,Phan Rang-Thap Cham,phan-rang-thap-cham
Vietnam,vietnam,VN,Phu Tho,phu-tho,Huyen Cam Khe,huyen-cam-khe
Vietnam,vietnam,VN,Phu Tho,phu-tho,Huyen oan Hung,huyen-oan-hung
Vietnam,vietnam,VN,Phu Tho,phu-tho,Huyen Ha Hoa,huyen-ha-hoa
Vietnam,vietnam,VN,Phu Tho,phu-tho,Huyen Lam Thao,huyen-lam-thao
Vietnam,vietnam,VN,Phu Tho,phu-tho,Huyen Thanh Ba,huyen-thanh-ba
Vietnam,vietnam,VN,Phu Tho,phu-tho,Huyen Yen Lap,huyen-yen-lap
Vietnam,vietnam,VN,Phu Tho,phu-tho,Thanh Pho Viet Tri,thanh-pho-viet-tri
Vietnam,vietnam,VN,Phu Tho,phu-tho,Thi xa Phu Tho,thi-xa-phu-tho
Vietnam,vietnam,VN,Phu Tho,phu-tho,Viet Tri,viet-tri
Vietnam,vietnam,VN,Phu Yen,phu-yen,Huyen Son Hoa,huyen-son-hoa
Vietnam,vietnam,VN,Phu Yen,phu-yen,Huyen Song Hinh,huyen-song-hinh
Vietnam,vietnam,VN,Phu Yen,phu-yen,Song Cau,song-cau
Vietnam,vietnam,VN,Phu Yen,phu-yen,Tuy Hoa,tuy-hoa
Vietnam,vietnam,VN,Quang Binh,quang-binh,Huyen Le Thuy,huyen-le-thuy
Vietnam,vietnam,VN,Quang Binh,quang-binh,Huyen Quang Ninh,huyen-quang-ninh
Vietnam,vietnam,VN,Quang Binh,quang-binh,Huyen Quang Trach,huyen-quang-trach
Vietnam,vietnam,VN,Quang Binh,quang-binh,Huyen Tuyen Hoa,huyen-tuyen-hoa
Vietnam,vietnam,VN,Quang Binh,quang-binh,Kwang Binh,kwang-binh
Vietnam,vietnam,VN,Quang Nam,quang-nam,Hoi An,hoi-an
Vietnam,vietnam,VN,Quang Nam,quang-nam,Huyen Duy Xuyen,huyen-duy-xuyen
Vietnam,vietnam,VN,Quang Nam,quang-nam,Huyen ai Loc,huyen-ai-loc
Vietnam,vietnam,VN,Quang Nam,quang-nam,Huyen ien Ban,huyen-ien-ban
Vietnam,vietnam,VN,Quang Nam,quang-nam,Huyen Hiep uc,huyen-hiep-uc
Vietnam,vietnam,VN,Quang Nam,quang-nam,Huyen Nam Giang,huyen-nam-giang
Vietnam,vietnam,VN,Quang Nam,quang-nam,Huyen Nui Thanh,huyen-nui-thanh
Vietnam,vietnam,VN,Quang Nam,quang-nam,Huyen Phuoc Son,huyen-phuoc-son
Vietnam,vietnam,VN,Quang Nam,quang-nam,Huyen Tien Phuoc,huyen-tien-phuoc
Vietnam,vietnam,VN,Quang Nam,quang-nam,Huyen Tra My,huyen-tra-my
Vietnam,vietnam,VN,Quang Nam,quang-nam,Tam Ky,tam-ky
Vietnam,vietnam,VN,Quang Ngai,quang-ngai,Huyen Ba To,huyen-ba-to
Vietnam,vietnam,VN,Quang Ngai,quang-ngai,Huyen Binh Son,huyen-binh-son
Vietnam,vietnam,VN,Quang Ngai,quang-ngai,Huyen uc Pho,huyen-uc-pho
Vietnam,vietnam,VN,Quang Ngai,quang-ngai,Huyen Ly Son,huyen-ly-son
Vietnam,vietnam,VN,Quang Ngai,quang-ngai,Huyen Minh Long,huyen-minh-long
Vietnam,vietnam,VN,Quang Ngai,quang-ngai,Huyen Mo uc,huyen-mo-uc
Vietnam,vietnam,VN,Quang Ngai,quang-ngai,Huyen Nghia Hanh,huyen-nghia-hanh
Vietnam,vietnam,VN,Quang Ngai,quang-ngai,Huyen Son Ha,huyen-son-ha
Vietnam,vietnam,VN,Quang Ngai,quang-ngai,Huyen Son Tay,huyen-son-tay
Vietnam,vietnam,VN,Quang Ngai,quang-ngai,Huyen Son Tinh,huyen-son-tinh
Vietnam,vietnam,VN,Quang Ngai,quang-ngai,Huyen Tra Bong,huyen-tra-bong
Vietnam,vietnam,VN,Quang Ngai,quang-ngai,Huyen Tu Nghia,huyen-tu-nghia
Vietnam,vietnam,VN,Quang Ngai,quang-ngai,Quang Ngai,quang-ngai
Vietnam,vietnam,VN,Quang Ninh,quang-ninh,Cam Pha,cam-pha
Vietnam,vietnam,VN,Quang Ninh,quang-ninh,Cam Pha Mines,cam-pha-mines
Vietnam,vietnam,VN,Quang Ninh,quang-ninh,Ha Long,ha-long
Vietnam,vietnam,VN,Quang Ninh,quang-ninh,Huyen Ba Che,huyen-ba-che
Vietnam,vietnam,VN,Quang Ninh,quang-ninh,Huyen Binh Lieu,huyen-binh-lieu
Vietnam,vietnam,VN,Quang Ninh,quang-ninh,Huyen Co To,huyen-co-to
Vietnam,vietnam,VN,Quang Ninh,quang-ninh,Huyen am Ha,huyen-am-ha
Vietnam,vietnam,VN,Quang Ninh,quang-ninh,Huyen ong Trieu,huyen-ong-trieu
Vietnam,vietnam,VN,Quang Ninh,quang-ninh,Huyen Hai Ha,huyen-hai-ha
Vietnam,vietnam,VN,Quang Ninh,quang-ninh,Huyen Hoanh Bo,huyen-hoanh-bo
Vietnam,vietnam,VN,Quang Ninh,quang-ninh,Huyen Tien Yen,huyen-tien-yen
Vietnam,vietnam,VN,Quang Ninh,quang-ninh,Huyen Van on,huyen-van-on
Vietnam,vietnam,VN,Quang Ninh,quang-ninh,Mong Cai,mong-cai
Vietnam,vietnam,VN,Quang Ninh,quang-ninh,Thanh Pho Uong Bi,thanh-pho-uong-bi
Vietnam,vietnam,VN,Quang Tri,quang-tri,ong Ha,ong-ha
Vietnam,vietnam,VN,Quang Tri,quang-tri,Huyen Cam Lo,huyen-cam-lo
Vietnam,vietnam,VN,Quang Tri,quang-tri,Huyen a Krong,huyen-a-krong
Vietnam,vietnam,VN,Quang Tri,quang-tri,Huyen Gio Linh,huyen-gio-linh
Vietnam,vietnam,VN,Quang Tri,quang-tri,Huyen Hai Lang,huyen-hai-lang
Vietnam,vietnam,VN,Quang Tri,quang-tri,Huyen Huong Hoa,huyen-huong-hoa
Vietnam,vietnam,VN,Quang Tri,quang-tri,Huyen Trieu Phong,huyen-trieu-phong
Vietnam,vietnam,VN,Quang Tri,quang-tri,Huyen Vinh Linh,huyen-vinh-linh
Vietnam,vietnam,VN,Soc Trang,soc-trang,Huyen Ke Sach,huyen-ke-sach
Vietnam,vietnam,VN,Soc Trang,soc-trang,Huyen Long Phu,huyen-long-phu
Vietnam,vietnam,VN,Soc Trang,soc-trang,Huyen My Tu,huyen-my-tu
Vietnam,vietnam,VN,Soc Trang,soc-trang,Huyen My Xuyen,huyen-my-xuyen
Vietnam,vietnam,VN,Soc Trang,soc-trang,Huyen Nga Nam,huyen-nga-nam
Vietnam,vietnam,VN,Soc Trang,soc-trang,Huyen Thanh Tri,huyen-thanh-tri
Vietnam,vietnam,VN,Soc Trang,soc-trang,Soc Trang,soc-trang
Vietnam,vietnam,VN,Son La,son-la,Huyen Bac Yen,huyen-bac-yen
Vietnam,vietnam,VN,Son La,son-la,Huyen Mai Son,huyen-mai-son
Vietnam,vietnam,VN,Son La,son-la,Huyen Moc Chau,huyen-moc-chau
Vietnam,vietnam,VN,Son La,son-la,Huyen Muong La,huyen-muong-la
Vietnam,vietnam,VN,Son La,son-la,Huyen Phu Yen,huyen-phu-yen
Vietnam,vietnam,VN,Son La,son-la,Huyen Quynh Nhai,huyen-quynh-nhai
Vietnam,vietnam,VN,Son La,son-la,Huyen Song Ma,huyen-song-ma
Vietnam,vietnam,VN,Son La,son-la,Huyen Thuan Chau,huyen-thuan-chau
Vietnam,vietnam,VN,Son La,son-la,Huyen Yen Chau,huyen-yen-chau
Vietnam,vietnam,VN,Son La,son-la,Son La,son-la
Vietnam,vietnam,VN,Tay Ninh,tay-ninh,Huyen Ben Cau,huyen-ben-cau
Vietnam,vietnam,VN,Tay Ninh,tay-ninh,Huyen Duong Minh Chau,huyen-duong-minh-chau
Vietnam,vietnam,VN,Tay Ninh,tay-ninh,Huyen Go Dau,huyen-go-dau
Vietnam,vietnam,VN,Tay Ninh,tay-ninh,Huyen Hoa Thanh,huyen-hoa-thanh
Vietnam,vietnam,VN,Tay Ninh,tay-ninh,Huyen Tan Chau,huyen-tan-chau
Vietnam,vietnam,VN,Tay Ninh,tay-ninh,Huyen Trang Bang,huyen-trang-bang
Vietnam,vietnam,VN,Tay Ninh,tay-ninh,Phu Khuong,phu-khuong
Vietnam,vietnam,VN,Tay Ninh,tay-ninh,Tay Ninh,tay-ninh
Vietnam,vietnam,VN,Thai Binh,thai-binh,Huyen ong Hung,huyen-ong-hung
Vietnam,vietnam,VN,Thai Binh,thai-binh,Huyen Hung Ha,huyen-hung-ha
Vietnam,vietnam,VN,Thai Binh,thai-binh,Huyen Kien Xuong,huyen-kien-xuong
Vietnam,vietnam,VN,Thai Binh,thai-binh,Huyen Quynh Phu,huyen-quynh-phu
Vietnam,vietnam,VN,Thai Binh,thai-binh,Huyen Thai Thuy,huyen-thai-thuy
Vietnam,vietnam,VN,Thai Binh,thai-binh,Huyen Tien Hai,huyen-tien-hai
Vietnam,vietnam,VN,Thai Binh,thai-binh,Huyen Vu Thu,huyen-vu-thu
Vietnam,vietnam,VN,Thai Binh,thai-binh,Thai Binh,thai-binh
Vietnam,vietnam,VN,Thai Nguyen,thai-nguyen,Thai Nguyen,thai-nguyen
Vietnam,vietnam,VN,Thanh Hoa,thanh-hoa,Bim Son,bim-son
Vietnam,vietnam,VN,Thanh Hoa,thanh-hoa,Huyen Ba Thuoc,huyen-ba-thuoc
Vietnam,vietnam,VN,Thanh Hoa,thanh-hoa,Huyen Cam Thuy,huyen-cam-thuy
Vietnam,vietnam,VN,Thanh Hoa,thanh-hoa,Huyen ong Son,huyen-ong-son
Vietnam,vietnam,VN,Thanh Hoa,thanh-hoa,Huyen Ha Trung,huyen-ha-trung
Vietnam,vietnam,VN,Thanh Hoa,thanh-hoa,Huyen Hau Loc,huyen-hau-loc
Vietnam,vietnam,VN,Thanh Hoa,thanh-hoa,Huyen Lang Chanh,huyen-lang-chanh
Vietnam,vietnam,VN,Thanh Hoa,thanh-hoa,Huyen Muong Lat,huyen-muong-lat
Vietnam,vietnam,VN,Thanh Hoa,thanh-hoa,Huyen Nga Son,huyen-nga-son
Vietnam,vietnam,VN,Thanh Hoa,thanh-hoa,Huyen Ngoc Lac,huyen-ngoc-lac
Vietnam,vietnam,VN,Thanh Hoa,thanh-hoa,Huyen Nhu Thanh,huyen-nhu-thanh
Vietnam,vietnam,VN,Thanh Hoa,thanh-hoa,Huyen Nhu Xuan,huyen-nhu-xuan
Vietnam,vietnam,VN,Thanh Hoa,thanh-hoa,Huyen Nong Cong,huyen-nong-cong
Vietnam,vietnam,VN,Thanh Hoa,thanh-hoa,Huyen Quan Hoa,huyen-quan-hoa
Vietnam,vietnam,VN,Thanh Hoa,thanh-hoa,Huyen Quan Son,huyen-quan-son
Vietnam,vietnam,VN,Thanh Hoa,thanh-hoa,Huyen Quang Xuong,huyen-quang-xuong
Vietnam,vietnam,VN,Thanh Hoa,thanh-hoa,Huyen Thieu Hoa,huyen-thieu-hoa
Vietnam,vietnam,VN,Thanh Hoa,thanh-hoa,Huyen Tho Xuan,huyen-tho-xuan
Vietnam,vietnam,VN,Thanh Hoa,thanh-hoa,Huyen Thuong Xuan,huyen-thuong-xuan
Vietnam,vietnam,VN,Thanh Hoa,thanh-hoa,Huyen Trieu Son,huyen-trieu-son
Vietnam,vietnam,VN,Thanh Hoa,thanh-hoa,Huyen Vinh Loc,huyen-vinh-loc
Vietnam,vietnam,VN,Thanh Hoa,thanh-hoa,Huyen Yen inh,huyen-yen-inh
Vietnam,vietnam,VN,Thanh Hoa,thanh-hoa,Thanh Hoa,thanh-hoa
Vietnam,vietnam,VN,Thua Thien-Hue,thua-thien-hue,Hue,hue
Vietnam,vietnam,VN,Thua Thien-Hue,thua-thien-hue,Huyen A Luoi,huyen-a-luoi
Vietnam,vietnam,VN,Thua Thien-Hue,thua-thien-hue,Huyen Nam ong,huyen-nam-ong
Vietnam,vietnam,VN,Thua Thien-Hue,thua-thien-hue,Huyen Phong ien,huyen-phong-ien
Vietnam,vietnam,VN,Thua Thien-Hue,thua-thien-hue,Huyen Phu Loc,huyen-phu-loc
Vietnam,vietnam,VN,Thua Thien-Hue,thua-thien-hue,Huyen Phu Vang,huyen-phu-vang
Vietnam,vietnam,VN,Thua Thien-Hue,thua-thien-hue,Huyen Quang ien,huyen-quang-ien
Vietnam,vietnam,VN,Tien Giang,tien-giang,Huyen Cai Be,huyen-cai-be
Vietnam,vietnam,VN,Tien Giang,tien-giang,Huyen Cai Lay,huyen-cai-lay
Vietnam,vietnam,VN,Tien Giang,tien-giang,Huyen Chau Thanh,huyen-chau-thanh
Vietnam,vietnam,VN,Tien Giang,tien-giang,Huyen Cho Gao,huyen-cho-gao
Vietnam,vietnam,VN,Tien Giang,tien-giang,Huyen Go Cong ong,huyen-go-cong-ong
Vietnam,vietnam,VN,Tien Giang,tien-giang,Huyen Go Cong Tay,huyen-go-cong-tay
Vietnam,vietnam,VN,Tien Giang,tien-giang,Huyen Tan Phuoc,huyen-tan-phuoc
Vietnam,vietnam,VN,Tien Giang,tien-giang,My Tho,my-tho
Vietnam,vietnam,VN,Tien Giang,tien-giang,Thanh Pho My Tho,thanh-pho-my-tho
Vietnam,vietnam,VN,Tien Giang,tien-giang,Thi Xa Go Cong,thi-xa-go-cong
Vietnam,vietnam,VN,Tra Vinh,tra-vinh,Huyen Cang Long,huyen-cang-long
Vietnam,vietnam,VN,Tra Vinh,tra-vinh,Huyen Cau Ke,huyen-cau-ke
Vietnam,vietnam,VN,Tra Vinh,tra-vinh,Huyen Cau Ngang,huyen-cau-ngang
Vietnam,vietnam,VN,Tra Vinh,tra-vinh,Huyen Tieu Can,huyen-tieu-can
Vietnam,vietnam,VN,Tra Vinh,tra-vinh,Huyen Tra Cu,huyen-tra-cu
Vietnam,vietnam,VN,Tra Vinh,tra-vinh,Tra Vinh,tra-vinh
Vietnam,vietnam,VN,Tuyen Quang,tuyen-quang,Huyen Chiem Hoa,huyen-chiem-hoa
Vietnam,vietnam,VN,Tuyen Quang,tuyen-quang,Huyen Ham Yen,huyen-ham-yen
Vietnam,vietnam,VN,Tuyen Quang,tuyen-quang,Huyen Lam Binh,huyen-lam-binh
Vietnam,vietnam,VN,Tuyen Quang,tuyen-quang,Huyen Na Hang,huyen-na-hang
Vietnam,vietnam,VN,Tuyen Quang,tuyen-quang,Huyen Son Duong,huyen-son-duong
Vietnam,vietnam,VN,Tuyen Quang,tuyen-quang,Huyen Yen Son,huyen-yen-son
Vietnam,vietnam,VN,Tuyen Quang,tuyen-quang,Tuyen Quang,tuyen-quang
Vietnam,vietnam,VN,Vinh Long,vinh-long,Huyen Long Ho,huyen-long-ho
Vietnam,vietnam,VN,Vinh Long,vinh-long,Huyen Mang Thit,huyen-mang-thit
Vietnam,vietnam,VN,Vinh Long,vinh-long,Huyen Tam Binh,huyen-tam-binh
Vietnam,vietnam,VN,Vinh Long,vinh-long,Huyen Tra On,huyen-tra-on
Vietnam,vietnam,VN,Vinh Long,vinh-long,Huyen Vung Liem,huyen-vung-liem
Vietnam,vietnam,VN,Vinh Long,vinh-long,Vinh Long,vinh-long
Vietnam,vietnam,VN,Vinh Phuc,vinh-phuc,Huyen Binh Xuyen,huyen-binh-xuyen
Vietnam,vietnam,VN,Vinh Phuc,vinh-phuc,Huyen Tam Duong,huyen-tam-duong
Vietnam,vietnam,VN,Vinh Phuc,vinh-phuc,Huyen Tam ao,huyen-tam-ao
Vietnam,vietnam,VN,Vinh Phuc,vinh-phuc,Huyen Yen Lac,huyen-yen-lac
Vietnam,vietnam,VN,Vinh Phuc,vinh-phuc,Vinh Yen,vinh-yen
Vietnam,vietnam,VN,Yen Bai,yen-bai,Huyen Luc Yen,huyen-luc-yen
Vietnam,vietnam,VN,Yen Bai,yen-bai,Huyen Mu Cang Chai,huyen-mu-cang-chai
Vietnam,vietnam,VN,Yen Bai,yen-bai,Huyen Tram Tau,huyen-tram-tau
Vietnam,vietnam,VN,Yen Bai,yen-bai,Huyen Tran Yen,huyen-tran-yen
Vietnam,vietnam,VN,Yen Bai,yen-bai,Huyen Van Chan,huyen-van-chan
Vietnam,vietnam,VN,Yen Bai,yen-bai,Huyen Van Yen,huyen-van-yen
Vietnam,vietnam,VN,Yen Bai,yen-bai,Yen Bai,yen-bai
